일매출2기간비교분석,,,,,,,,,,,,,,,,,,,,,,,,,,,,,,,,,,,,,,,,,,,,,,,,,,,,,,,,,,,,,,,,,,,,,
조회1(일),2026-01-01 - 2026-05-31,조회2(일),2025-01-01 - 2025-05-31,구매그룹(Now:손익센터),EBA; EFA; EGA; FAA,CU(Now:손익센터),,플랜트,,,,,,,,,,,,,,,,,,,,,,,,,,,,,,,,,,,,,,,,,,,,,,,,,,,,,,,,,,,,,
,,,,,,,,,,,,,,,,,,,,,,,,,,,,,,,,,,,,,,,,,,,,,,,,,,,,,,,,,,,,,,,,,,,,,
,,,년월,전체 결과,전체 결과,전체 결과,전체 결과,전체 결과,전체 결과,2025-01,2025-01,2025-01,2025-01,2025-01,2025-01,2025-02,2025-02,2025-02,2025-02,2025-02,2025-02,2025-03,2025-03,2025-03,2025-03,2025-03,2025-03,2025-04,2025-04,2025-04,2025-04,2025-04,2025-04,2025-05,2025-05,2025-05,2025-05,2025-05,2025-05,2026-01,2026-01,2026-01,2026-01,2026-01,2026-01,2026-02,2026-02,2026-02,2026-02,2026-02,2026-02,2026-03,2026-03,2026-03,2026-03,2026-03,2026-03,2026-04,2026-04,2026-04,2026-04,2026-04,2026-04,2026-05,2026-05,2026-05,2026-05,2026-05,2026-05
,,,,총 매출액,총 매출액,총 매출액,매출 총 이익,매출 총 이익,매출 총 이익,총 매출액,총 매출액,총 매출액,매출 총 이익,매출 총 이익,매출 총 이익,총 매출액,총 매출액,총 매출액,매출 총 이익,매출 총 이익,매출 총 이익,총 매출액,총 매출액,총 매출액,매출 총 이익,매출 총 이익,매출 총 이익,총 매출액,총 매출액,총 매출액,매출 총 이익,매출 총 이익,매출 총 이익,총 매출액,총 매출액,총 매출액,매출 총 이익,매출 총 이익,매출 총 이익,총 매출액,총 매출액,총 매출액,매출 총 이익,매출 총 이익,매출 총 이익,총 매출액,총 매출액,총 매출액,매출 총 이익,매출 총 이익,매출 총 이익,총 매출액,총 매출액,총 매출액,매출 총 이익,매출 총 이익,매출 총 이익,총 매출액,총 매출액,총 매출액,매출 총 이익,매출 총 이익,매출 총 이익,총 매출액,총 매출액,총 매출액,매출 총 이익,매출 총 이익,매출 총 이익
,,,구조,2026-01-01,[-] 2025-01-01,"1~2기간
성장율",2026-01-01,[-] 2025-01-01,"1~2기간
성장율",2026-01-01,[-] 2025-01-01,"1~2기간
성장율",2026-01-01,[-] 2025-01-01,"1~2기간
성장율",2026-01-01,[-] 2025-01-01,"1~2기간
성장율",2026-01-01,[-] 2025-01-01,"1~2기간
성장율",2026-01-01,[-] 2025-01-01,"1~2기간
성장율",2026-01-01,[-] 2025-01-01,"1~2기간
성장율",2026-01-01,[-] 2025-01-01,"1~2기간
성장율",2026-01-01,[-] 2025-01-01,"1~2기간
성장율",2026-01-01,[-] 2025-01-01,"1~2기간
성장율",2026-01-01,[-] 2025-01-01,"1~2기간
성장율",2026-01-01,[-] 2025-01-01,"1~2기간
성장율",2026-01-01,[-] 2025-01-01,"1~2기간
성장율",2026-01-01,[-] 2025-01-01,"1~2기간
성장율",2026-01-01,[-] 2025-01-01,"1~2기간
성장율",2026-01-01,[-] 2025-01-01,"1~2기간
성장율",2026-01-01,[-] 2025-01-01,"1~2기간
성장율",2026-01-01,[-] 2025-01-01,"1~2기간
성장율",2026-01-01,[-] 2025-01-01,"1~2기간
성장율",2026-01-01,[-] 2025-01-01,"1~2기간
성장율",2026-01-01,[-] 2025-01-01,"1~2기간
성장율"
지점(Now),,브랜드(Now),,KRW,KRW,%,KRW,KRW,%,,KRW,%,,KRW,%,,KRW,%,,KRW,%,,KRW,%,,KRW,%,,KRW,%,,KRW,%,,KRW,%,,KRW,%,KRW,,%,KRW,,%,KRW,,%,KRW,,%,KRW,,%,KRW,,%,KRW,,%,KRW,,%,KRW,,%,KRW,,%
전체 결과,,,,"86,470,163,646","71,855,802,028",20.3,"14,305,842,071","13,262,089,243",7.9,,"14,202,074,805",-100.0,,"2,634,316,041",-100.0,,"13,782,037,349",-100.0,,"2,642,513,941",-100.0,,"15,051,892,499",-100.0,,"2,690,952,071",-100.0,,"13,171,796,793",-100.0,,"2,516,910,249",-100.0,,"15,648,000,582",-100.0,,"2,777,396,941",-100.0,"15,611,825,446",,0.0,"2,738,885,067",,0.0,"16,631,032,705",,0.0,"2,823,062,064",,0.0,"16,963,557,292",,0.0,"2,830,502,210",,0.0,"16,449,402,838",,0.0,"2,746,542,911",,0.0,"20,814,345,365",,0.0,"3,166,849,819",,0.0
R001/7201,당산점,결과,,"307,232,891","305,434,463",0.6,"280,257,939","278,562,663",0.6,,"61,251,116",-100.0,,"55,869,710",-100.0,,"62,352,971",-100.0,,"56,862,982",-100.0,,"62,163,764",-100.0,,"56,694,088",-100.0,,"59,701,715",-100.0,,"54,417,133",-100.0,,"59,964,897",-100.0,,"54,718,750",-100.0,"62,333,352",,0.0,"56,855,597",,0.0,"63,971,121",,0.0,"58,389,188",,0.0,"61,506,053",,0.0,"56,107,297",,0.0,"60,355,626",,0.0,"55,060,242",,0.0,"59,066,739",,0.0,"53,845,615",,0.0
R001/7201,당산점,#,지정되지 않음,"307,232,891","305,434,463",0.6,"280,257,939","278,562,663",0.6,,"61,251,116",-100.0,,"55,869,710",-100.0,,"62,352,971",-100.0,,"56,862,982",-100.0,,"62,163,764",-100.0,,"56,694,088",-100.0,,"59,701,715",-100.0,,"54,417,133",-100.0,,"59,964,897",-100.0,,"54,718,750",-100.0,"62,333,352",,0.0,"56,855,597",,0.0,"63,971,121",,0.0,"58,389,188",,0.0,"61,506,053",,0.0,"56,107,297",,0.0,"60,355,626",,0.0,"55,060,242",,0.0,"59,066,739",,0.0,"53,845,615",,0.0
R001/7204,중계점,결과,,"2,377,377,435","2,157,401,984",10.2,"251,340,373","235,828,446",6.6,,"414,059,606",-100.0,,"49,769,548",-100.0,,"373,501,938",-100.0,,"39,832,214",-100.0,,"468,310,141",-100.0,,"49,404,792",-100.0,,"409,483,313",-100.0,,"45,352,480",-100.0,,"492,046,986",-100.0,,"51,469,412",-100.0,"443,300,810",,0.0,"53,766,258",,0.0,"428,363,011",,0.0,"44,071,301",,0.0,"474,792,419",,0.0,"47,701,772",,0.0,"443,398,525",,0.0,"47,264,891",,0.0,"587,522,670",,0.0,"58,536,151",,0.0
R001/7204,중계점,B845,모던하우스공통(MODERN HOUSE,"2,323,243,730","2,099,005,390",10.7,"226,118,616","202,071,166",11.9,,"399,751,480",-100.0,,"38,387,372",-100.0,,"367,100,910",-100.0,,"35,205,051",-100.0,,"445,656,160",-100.0,,"42,875,299",-100.0,,"401,091,680",-100.0,,"38,805,109",-100.0,,"485,405,160",-100.0,,"46,798,335",-100.0,"413,778,780",,0.0,"40,504,316",,0.0,"415,179,460",,0.0,"40,281,144",,0.0,"471,893,310",,0.0,"45,834,592",,0.0,"437,752,330",,0.0,"42,800,546",,0.0,"584,639,850",,0.0,"56,698,018",,0.0
R001/7204,중계점,H545,수엔지,"17,636,900",,0.0,"4,008,386",,0.0,,,,,,,,,,,,,,,,,,,,,,,,,,,,,,,"17,649,800",,0.0,"4,011,318",,0.0,"-12,900",,0.0,"-2,932",,0.0,,,,,,,,,,,,,,,,,,
R001/7204,중계점,H625,알리페즈,"9,278,000",,0.0,"1,265,182",,0.0,,,,,,,,,,,,,,,,,,,,,,,,,,,,,,,,,,,,,"9,449,500",,0.0,"1,288,569",,0.0,"-171,500",,0.0,"-23,387",,0.0,,,,,,,,,,,,
R001/7204,중계점,H967,몽드블랑,,"15,772,800",-100.0,,"1,864,058",-100.0,,,,,,,,,,,,,,"15,772,800",-100.0,,"1,864,058",-100.0,,,,,,,,,,,,,,,,,,,,,,,,,,,,,,,,,,,,,,,,,,
R001/7204,중계점,I137,컬러몬,,"3,335,000",-100.0,,"545,728",-100.0,,"400,000",-100.0,,"65,455",-100.0,,"380,000",-100.0,,"62,182",-100.0,,"970,000",-100.0,,"158,727",-100.0,,"705,000",-100.0,,"115,364",-100.0,,"880,000",-100.0,,"144,000",-100.0,,,,,,,,,,,,,,,,,,,,,,,,,,,,,,
R001/7204,중계점,I239,펀코인,"5,551,500","5,455,500",1.8,"1,261,703","1,239,887",1.8,,"990,000",-100.0,,"225,000",-100.0,,"1,333,500",-100.0,,"303,068",-100.0,,"1,272,500",-100.0,,"289,205",-100.0,,"816,000",-100.0,,"185,455",-100.0,,"1,043,500",-100.0,,"237,159",-100.0,"1,239,500",,0.0,"281,704",,0.0,"1,252,000",,0.0,"284,545",,0.0,"1,141,000",,0.0,"259,318",,0.0,"877,000",,0.0,"199,318",,0.0,"1,042,000",,0.0,"236,818",,0.0
R001/7204,중계점,#,지정되지 않음,"21,667,305","33,833,294",-36.0,"18,686,486","30,107,607",-37.9,,"12,918,126",-100.0,,"11,091,721",-100.0,,"4,687,528",-100.0,,"4,261,913",-100.0,,"4,638,681",-100.0,,"4,217,503",-100.0,,"6,870,633",-100.0,,"6,246,552",-100.0,,"4,718,326",-100.0,,"4,289,918",-100.0,"10,632,730",,0.0,"8,968,920",,0.0,"2,494,951",,0.0,"2,219,975",,0.0,"1,929,609",,0.0,"1,631,249",,0.0,"4,769,195",,0.0,"4,265,027",,0.0,"1,840,820",,0.0,"1,601,315",,0.0
R001/7206,안양점,결과,,"319,044,909","353,921,898",-9.9,"147,565,301","163,906,065",-10.0,,"33,882,557",-100.0,,"27,162,337",-100.0,,"37,644,463",-100.0,,"27,837,787",-100.0,,"30,509,323",-100.0,,"26,241,119",-100.0,,"132,532,632",-100.0,,"44,223,903",-100.0,,"119,352,923",-100.0,,"38,440,919",-100.0,"54,565,742",,0.0,"27,428,857",,0.0,"48,249,015",,0.0,"25,962,942",,0.0,"69,171,791",,0.0,"30,716,599",,0.0,"64,737,261",,0.0,"29,720,860",,0.0,"82,321,100",,0.0,"33,736,043",,0.0
R001/7206,안양점,H499,락앤락,,"89,075,600",-100.0,,"12,146,671",-100.0,,,,,,,,,,,,,,,,,,,,,,,,,,"89,075,600",-100.0,,"12,146,671",-100.0,,,,,,,,,,,,,,,,,,,,,,,,,,,,,,
R001/7206,안양점,H545,수엔지,"190,858,900","48,965,600",289.8,"43,377,008","11,128,546",289.8,,,,,,,,,,,,,,,,,,,,"48,965,600",-100.0,,"11,128,546",-100.0,,,,,,,"25,582,500",,0.0,"5,814,199",,0.0,"20,835,300",,0.0,"4,735,295",,0.0,"44,725,900",,0.0,"10,164,976",,0.0,"40,992,200",,0.0,"9,316,405",,0.0,"58,723,000",,0.0,"13,346,133",,0.0
R001/7206,안양점,H578,정인,"5,862,900",,0.0,"1,332,476",,0.0,,,,,,,,,,,,,,,,,,,,,,,,,,,,,,,"3,643,400",,0.0,"828,044",,0.0,"2,219,500",,0.0,"504,432",,0.0,,,,,,,,,,,,,,,,,,
R001/7206,안양점,H809,충전돼지,,"65,559",-100.0,,"23,840",-100.0,,,,,,,,,,,,,,"24,425",-100.0,,"8,882",-100.0,,,,,,,,"41,134",-100.0,,"14,958",-100.0,,,,,,,,,,,,,,,,,,,,,,,,,,,,,,
R001/7206,안양점,H890,아이프릴,"3,991,500","2,244,000",77.9,"907,159","510,000",77.9,,"706,000",-100.0,,"160,455",-100.0,,"257,000",-100.0,,"58,409",-100.0,,"291,000",-100.0,,"66,136",-100.0,,"492,000",-100.0,,"111,818",-100.0,,"498,000",-100.0,,"113,182",-100.0,"1,681,500",,0.0,"382,159",,0.0,"1,474,500",,0.0,"335,114",,0.0,"835,500",,0.0,"189,886",,0.0,,,,,,,,,,,,
R001/7206,안양점,H967,몽드블랑,,"22,935,500",-100.0,,"2,710,562",-100.0,,,,,,,,,,,,,,,,,,,,"22,935,500",-100.0,,"2,710,562",-100.0,,,,,,,,,,,,,,,,,,,,,,,,,,,,,,,,,,,,
R001/7206,안양점,I102,글라스락,,"30,117,100",-100.0,,"4,106,875",-100.0,,,,,,,,,,,,,,,,,,,,"30,117,100",-100.0,,"4,106,875",-100.0,,,,,,,,,,,,,,,,,,,,,,,,,,,,,,,,,,,,
R001/7206,안양점,I134,황토방,,"9,930,100",-100.0,,"2,256,842",-100.0,,"2,831,700",-100.0,,"643,567",-100.0,,"7,098,400",-100.0,,"1,613,275",-100.0,,,,,,,,,,,,,,,,,,,,,,,,,,,,,,,,,,,,,,,,,,,,,,,,
R001/7206,안양점,#,지정되지 않음,"118,331,609","150,588,439",-21.4,"101,948,658","131,022,729",-22.2,,"30,344,857",-100.0,,"26,358,315",-100.0,,"30,289,063",-100.0,,"26,166,103",-100.0,,"30,193,898",-100.0,,"26,166,101",-100.0,,"30,022,432",-100.0,,"26,166,102",-100.0,,"29,738,189",-100.0,,"26,166,108",-100.0,"23,658,342",,0.0,"20,404,455",,0.0,"23,719,715",,0.0,"20,388,101",,0.0,"23,610,391",,0.0,"20,361,737",,0.0,"23,745,061",,0.0,"20,404,455",,0.0,"23,598,100",,0.0,"20,389,910",,0.0
R001/7209,분당점,결과,,"2,552,334,417","2,250,154,081",13.4,"326,036,946","297,757,753",9.5,,"415,245,280",-100.0,,"55,166,311",-100.0,,"537,332,093",-100.0,,"73,124,497",-100.0,,"409,166,434",-100.0,,"57,039,942",-100.0,,"394,591,802",-100.0,,"50,166,004",-100.0,,"493,818,472",-100.0,,"62,260,999",-100.0,"462,817,420",,0.0,"57,692,404",,0.0,"602,292,828",,0.0,"83,300,218",,0.0,"465,834,188",,0.0,"60,198,481",,0.0,"449,683,897",,0.0,"54,543,751",,0.0,"571,706,084",,0.0,"70,302,092",,0.0
R001/7209,분당점,B845,모던하우스공통(MODERN HOUSE,"2,078,593,172","1,733,279,950",19.9,"199,221,888","164,395,444",21.2,,"333,571,550",-100.0,,"31,645,600",-100.0,,"311,743,090",-100.0,,"29,554,979",-100.0,,"342,131,770",-100.0,,"32,489,219",-100.0,,"320,818,780",-100.0,,"30,352,852",-100.0,,"425,014,760",-100.0,,"40,352,794",-100.0,"397,328,552",,0.0,"38,112,217",,0.0,"375,880,390",,0.0,"36,112,027",,0.0,"405,409,060",,0.0,"38,981,963",,0.0,"387,718,200",,0.0,"37,163,102",,0.0,"512,256,970",,0.0,"48,852,579",,0.0
R001/7209,분당점,H545,수엔지,"101,406,000","115,231,400",-12.0,"23,046,811","25,923,376",-11.1,,"14,055,900",-100.0,,"3,194,521",-100.0,,"44,679,200",-100.0,,"9,887,699",-100.0,,"22,376,100",-100.0,,"5,086,565",-100.0,,,,,,,,"34,120,200",-100.0,,"7,754,591",-100.0,,,,,,,"51,904,700",,0.0,"11,796,518",,0.0,"22,010,300",,0.0,"5,002,341",,0.0,"-254,600",,0.0,"-57,864",,0.0,"27,745,600",,0.0,"6,305,816",,0.0
R001/7209,분당점,H578,정인,,"15,713,746",-100.0,,"3,571,305",-100.0,,"7,571,630",-100.0,,"1,720,825",-100.0,,,,,,,,"5,822,508",-100.0,,"1,323,297",-100.0,,"2,319,608",-100.0,,"527,183",-100.0,,,,,,,,,,,,,,,,,,,,,,,,,,,,,,,,,,,,
R001/7209,분당점,H594,지포트리,"15,165,700","22,389,800",-32.3,"2,757,400","4,070,872",-32.3,,,,,,,,"22,389,800",-100.0,,"4,070,872",-100.0,,,,,,,,,,,,,,,,,,,0,,0.0,0,,0.0,"15,165,700",,0.0,"2,757,400",,0.0,,,,,,,,,,,,,,,,,,
R001/7209,분당점,H611,예인통상,,"7,484,000",-100.0,,"1,700,909",-100.0,,,,,,,,"7,484,000",-100.0,,"1,700,909",-100.0,,,,,,,,,,,,,,,,,,,,,,,,,,,,,,,,,,,,,,,,,,,,,,,,
R001/7209,분당점,H625,알리페즈,"103,838,900","114,509,300",-9.3,"14,159,859","15,614,895",-9.3,,"36,950,000",-100.0,,"5,038,633",-100.0,,"39,743,600",-100.0,,"5,419,580",-100.0,,,,,,,,"37,835,700",-100.0,,"5,159,409",-100.0,,"-20,000",100.0,,"-2,727",100.0,"40,988,100",,0.0,"5,589,287",,0.0,"38,544,800",,0.0,"5,256,117",,0.0,,,,,,,"24,306,000",,0.0,"3,314,455",,0.0,,,,,,
R001/7209,분당점,H628,ELO,"30,406,368",,0.0,"5,528,427",,0.0,,,,,,,,,,,,,,,,,,,,,,,,,,,,,,,,,,,,,"30,461,368",,0.0,"5,538,427",,0.0,"-55,000",,0.0,"-10,000",,0.0,,,,,,,,,,,,
R001/7209,분당점,H833,헬로포토,,"5,172,740",-100.0,,"611,324",-100.0,,"918,000",-100.0,,"108,491",-100.0,,"1,370,740",-100.0,,"161,996",-100.0,,"993,000",-100.0,,"117,355",-100.0,,"940,000",-100.0,,"111,091",-100.0,,"951,000",-100.0,,"112,391",-100.0,,,,,,,,,,,,,,,,,,,,,,,,,,,,,,
R001/7209,분당점,H967,몽드블랑,,"42,381,400",-100.0,,"5,008,710",-100.0,,,,,,,,"42,381,400",-100.0,,"5,008,710",-100.0,,,,,,,,,,,,,,,,,,,,,,,,,,,,,,,,,,,,,,,,,,,,,,,,
R001/7209,분당점,I050,포트메리온,"44,429,300",,0.0,"5,250,738",,0.0,,,,,,,,,,,,,,,,,,,,,,,,,,,,,,,,,,,,,"44,429,300",,0.0,"5,250,738",,0.0,,,,,,,,,,,,,,,,,,
R001/7209,분당점,I289,크린토피아,"83,616,240","75,716,360",10.4,"7,601,476","6,883,304",10.4,,"8,082,250",-100.0,,"734,752",-100.0,,"8,416,150",-100.0,,"765,104",-100.0,,"19,911,570",-100.0,,"1,810,142",-100.0,,"19,072,580",-100.0,,"1,733,869",-100.0,,"20,233,810",-100.0,,"1,839,437",-100.0,"9,962,670",,0.0,"905,697",,0.0,"9,887,760",,0.0,"898,887",,0.0,"22,588,440",,0.0,"2,053,493",,0.0,"24,663,440",,0.0,"2,242,132",,0.0,"16,513,930",,0.0,"1,501,267",,0.0
R001/7209,분당점,I301,테팔,,"45,339,800",-100.0,,"4,121,800",-100.0,,,,,,,,"45,339,800",-100.0,,"4,121,800",-100.0,,,,,,,,,,,,,,,,,,,,,,,,,,,,,,,,,,,,,,,,,,,,,,,,
R001/7209,분당점,I506,파고,"23,824,300",,0.0,"4,764,860",,0.0,,,,,,,,,,,,,,,,,,,,,,,,,,,,,,,,,,,,,"23,824,300",,0.0,"4,764,860",,0.0,,,,,,,,,,,,,,,,,,
R001/7209,분당점,#,지정되지 않음,"71,054,437","72,935,585",-2.6,"63,705,487","65,855,814",-3.3,,"14,095,950",-100.0,,"12,723,489",-100.0,,"13,784,313",-100.0,,"12,432,848",-100.0,,"17,931,486",-100.0,,"16,213,364",-100.0,,"13,605,134",-100.0,,"12,281,600",-100.0,,"13,518,702",-100.0,,"12,204,513",-100.0,"14,538,098",,0.0,"13,085,203",,0.0,"12,194,510",,0.0,"10,925,244",,0.0,"15,881,388",,0.0,"14,170,684",,0.0,"13,250,857",,0.0,"11,881,926",,0.0,"15,189,584",,0.0,"13,642,430",,0.0
R001/7214,해운대점,결과,,"3,114,378,478","2,923,659,437",6.5,"427,654,485","418,437,438",2.2,,"532,484,673",-100.0,,"75,476,518",-100.0,,"508,352,815",-100.0,,"73,424,819",-100.0,,"564,258,842",-100.0,,"79,538,914",-100.0,,"611,954,850",-100.0,,"89,892,994",-100.0,,"706,608,257",-100.0,,"100,104,193",-100.0,"550,557,530",,0.0,"77,505,584",,0.0,"706,476,174",,0.0,"98,227,809",,0.0,"601,222,257",,0.0,"81,876,271",,0.0,"605,236,760",,0.0,"82,531,813",,0.0,"650,885,757",,0.0,"87,513,008",,0.0
R001/7214,해운대점,B845,모던하우스공통(MODERN HOUSE,"1,364,834,090","1,237,205,980",10.3,"128,649,952","117,189,159",9.8,,"243,749,060",-100.0,,"23,023,405",-100.0,,"231,155,850",-100.0,,"21,826,456",-100.0,,"255,032,640",-100.0,,"24,127,833",-100.0,,"230,844,460",-100.0,,"21,910,715",-100.0,,"276,423,970",-100.0,,"26,300,750",-100.0,"252,148,950",,0.0,"23,778,833",,0.0,"248,285,500",,0.0,"23,352,894",,0.0,"263,451,030",,0.0,"24,841,306",,0.0,"264,707,700",,0.0,"24,931,976",,0.0,"336,240,910",,0.0,"31,744,943",,0.0
R001/7214,해운대점,D808,아트박스,,0,0.0,,5,-100.0,,0,0.0,,5,-100.0,,,,,,,,,,,,,,,,,,,,,,,,,,,,,,,,,,,,,,,,,,,,,,,,,,,,,,
R001/7214,해운대점,H469,사담가,"40,468,700","42,781,900",-5.4,"7,689,053","8,128,561",-5.4,,"5,086,000",-100.0,,"966,340",-100.0,,"11,111,700",-100.0,,"2,111,223",-100.0,,"4,076,500",-100.0,,"774,535",-100.0,,"3,964,700",-100.0,,"753,293",-100.0,,"18,543,000",-100.0,,"3,523,170",-100.0,"5,332,700",,0.0,"1,013,213",,0.0,"9,405,500",,0.0,"1,787,045",,0.0,"3,809,000",,0.0,"723,710",,0.0,"4,046,000",,0.0,"768,740",,0.0,"17,875,500",,0.0,"3,396,345",,0.0
R001/7214,해운대점,H483,비비안,"141,217,850","132,572,870",6.5,"35,304,463","33,143,218",6.5,,"23,206,500",-100.0,,"5,801,625",-100.0,,"19,171,500",-100.0,,"4,792,875",-100.0,,"27,226,730",-100.0,,"6,806,683",-100.0,,"30,541,260",-100.0,,"7,635,315",-100.0,,"32,426,880",-100.0,,"8,106,720",-100.0,"25,680,000",,0.0,"6,420,000",,0.0,"60,268,180",,0.0,"15,067,045",,0.0,"33,866,150",,0.0,"8,466,538",,0.0,"14,454,600",,0.0,"3,613,650",,0.0,"6,948,920",,0.0,"1,737,230",,0.0
R001/7214,해운대점,H499,락앤락,"84,635,600","102,075,280",-17.1,"11,541,223","13,919,354",-17.1,,,,,,,,,,,,,,,,,,,,"102,075,280",-100.0,,"13,919,354",-100.0,,,,,,,,,,,,,,,,,,,,,,,,,"84,635,600",,0.0,"11,541,223",,0.0,,,,,,
R001/7214,해운대점,H613,레노마홈,"213,529,190","215,477,490",-0.9,"23,294,097","23,506,638",-0.9,,"36,450,140",-100.0,,"3,976,377",-100.0,,"31,735,700",-100.0,,"3,462,076",-100.0,,"34,642,310",-100.0,,"3,779,162",-100.0,,"56,865,950",-100.0,,"6,203,561",-100.0,,"55,783,390",-100.0,,"6,085,462",-100.0,"45,363,470",,0.0,"4,948,747",,0.0,"44,671,760",,0.0,"4,873,281",,0.0,"37,160,360",,0.0,"4,053,861",,0.0,"42,300,130",,0.0,"4,614,557",,0.0,"44,033,470",,0.0,"4,803,651",,0.0
R001/7214,해운대점,H625,알리페즈,,"48,331,800",-100.0,,"6,590,698",-100.0,,,,,,,,,,,,,,,,,,,,,,,,,,"48,331,800",-100.0,,"6,590,698",-100.0,,,,,,,,,,,,,,,,,,,,,,,,,,,,,,
R001/7214,해운대점,H773,커스티,"86,019,090","51,669,520",66.5,"19,549,797","11,743,071",66.5,,"8,473,100",-100.0,,"1,925,704",-100.0,,"8,952,720",-100.0,,"2,034,710",-100.0,,"11,425,020",-100.0,,"2,596,598",-100.0,,"10,402,000",-100.0,,"2,364,088",-100.0,,"12,416,680",-100.0,,"2,821,971",-100.0,"13,204,420",,0.0,"3,001,007",,0.0,"15,328,000",,0.0,"3,483,638",,0.0,"19,206,710",,0.0,"4,365,161",,0.0,"13,183,840",,0.0,"2,996,328",,0.0,"25,096,120",,0.0,"5,703,663",,0.0
R001/7214,해운대점,H915,다원레져,"24,381,700","18,408,100",32.5,"4,433,036","3,346,927",32.5,,"3,925,500",-100.0,,"713,727",-100.0,,"5,235,700",-100.0,,"951,945",-100.0,,"3,015,600",-100.0,,"548,291",-100.0,,"2,500,300",-100.0,,"454,600",-100.0,,"3,731,000",-100.0,,"678,364",-100.0,"5,455,000",,0.0,"991,818",,0.0,"4,698,000",,0.0,"854,182",,0.0,"4,804,700",,0.0,"873,582",,0.0,"3,785,000",,0.0,"688,181",,0.0,"5,639,000",,0.0,"1,025,273",,0.0
R001/7214,해운대점,I050,포트메리온,"52,472,210","66,973,178",-21.7,"6,201,257","8,882,846",-30.2,,,,,,,,,,,,,,,,,,,,,,,,,,"66,973,178",-100.0,,"8,882,846",-100.0,,,,,,,"52,472,210",,0.0,"6,201,257",,0.0,,,,,,,,,,,,,,,,,,
R001/7214,해운대점,I075,아트박스,"274,080,830","282,373,750",-2.9,"39,866,302","41,072,550",-2.9,,"59,328,570",-100.0,,"8,629,612",-100.0,,"58,554,200",-100.0,,"8,516,974",-100.0,,"59,735,610",-100.0,,"8,688,817",-100.0,,"46,323,410",-100.0,,"6,737,948",-100.0,,"58,431,960",-100.0,,"8,499,199",-100.0,"50,781,250",,0.0,"7,386,365",,0.0,"56,007,180",,0.0,"8,146,502",,0.0,"53,057,730",,0.0,"7,717,485",,0.0,"48,038,720",,0.0,"6,987,449",,0.0,"66,195,950",,0.0,"9,628,501",,0.0
R001/7214,해운대점,I301,테팔,"47,568,900",,0.0,"4,324,445",,0.0,,,,,,,,,,,,,,,,,,,,,,,,,,,,,,,,,,,,,"47,568,900",,0.0,"4,324,445",,0.0,0,,0.0,0,,0.0,,,,,,,,,,,,
R001/7214,해운대점,I763,인까사,"58,060,000","52,709,350",10.2,"9,500,726","8,625,167",10.2,,"9,770,000",-100.0,,"1,598,727",-100.0,,"6,297,000",-100.0,,"1,030,418",-100.0,,"13,206,350",-100.0,,"2,161,040",-100.0,,"13,716,000",-100.0,,"2,244,437",-100.0,,"9,720,000",-100.0,,"1,590,545",-100.0,"8,410,000",,0.0,"1,376,181",,0.0,"10,630,000",,0.0,"1,739,456",,0.0,"16,150,000",,0.0,"2,642,727",,0.0,"7,430,000",,0.0,"1,215,818",,0.0,"15,440,000",,0.0,"2,526,544",,0.0
R001/7214,해운대점,I815,바디프랜드,"1,951,000",,0.0,"532,091",,0.0,,,,,,,,,,,,,,,,,,,,,,,,,,,,,,,,,,,,,,,,,,,,,,,,,"714,500",,0.0,"194,864",,0.0,"1,236,500",,0.0,"337,227",,0.0
R001/7214,해운대점,I888,교보문고,"616,724,570","554,614,650",11.2,"42,274,550","37,943,069",11.4,,"118,931,230",-100.0,,"8,142,152",-100.0,,"112,272,760",-100.0,,"7,685,964",-100.0,,"131,916,780",-100.0,,"9,050,127",-100.0,,"90,479,390",-100.0,,"6,193,004",-100.0,,"101,014,490",-100.0,,"6,871,822",-100.0,"121,009,440",,0.0,"8,289,820",,0.0,"135,122,500",,0.0,"9,258,077",,0.0,"148,867,270",,0.0,"10,220,299",,0.0,"101,288,840",,0.0,"6,950,878",,0.0,"110,436,520",,0.0,"7,555,476",,0.0
R001/7214,해운대점,#,지정되지 않음,"108,434,748","118,465,569",-8.5,"94,493,493","104,346,175",-9.4,,"23,564,573",-100.0,,"20,698,844",-100.0,,"23,865,685",-100.0,,"21,012,178",-100.0,,"23,981,302",-100.0,,"21,005,828",-100.0,,"24,242,100",-100.0,,"21,476,679",-100.0,,"22,811,909",-100.0,,"20,152,646",-100.0,"23,172,300",,0.0,"20,299,600",,0.0,"22,018,444",,0.0,"19,139,987",,0.0,"20,849,307",,0.0,"17,971,602",,0.0,"20,651,830",,0.0,"18,028,149",,0.0,"21,742,867",,0.0,"19,054,155",,0.0
R001/7215,천호2점,결과,,"837,746,106","645,937,744",29.7,"126,724,013","106,721,695",18.7,,"113,122,742",-100.0,,"18,650,620",-100.0,,"113,233,796",-100.0,,"18,625,026",-100.0,,"137,846,911",-100.0,,"21,058,130",-100.0,,"107,080,017",-100.0,,"16,118,435",-100.0,,"174,654,278",-100.0,,"32,269,484",-100.0,"143,678,729",,0.0,"19,770,340",,0.0,"134,286,115",,0.0,"18,654,168",,0.0,"185,319,378",,0.0,"24,267,034",,0.0,"171,786,029",,0.0,"34,041,626",,0.0,"202,675,855",,0.0,"29,990,845",,0.0
R001/7215,천호2점,B845,모던하우스공통(MODERN HOUSE,"716,506,420","533,916,370",34.2,"72,235,336","50,941,693",41.8,,"101,081,360",-100.0,,"9,588,856",-100.0,,"100,989,410",-100.0,,"9,502,009",-100.0,,"125,400,290",-100.0,,"11,854,655",-100.0,,"98,109,660",-100.0,,"9,413,112",-100.0,,"108,335,650",-100.0,,"10,583,061",-100.0,"136,732,860",,0.0,"14,047,968",,0.0,"126,755,510",,0.0,"12,771,275",,0.0,"157,281,730",,0.0,"15,739,048",,0.0,"129,504,820",,0.0,"12,907,708",,0.0,"166,231,500",,0.0,"16,769,337",,0.0
R001/7215,천호2점,D069,무인상점24,"6,272,739","7,420,955",-15.5,"855,377","1,011,949",-15.5,,"1,055,060",-100.0,,"143,871",-100.0,,"1,861,965",-100.0,,"253,905",-100.0,,"1,976,386",-100.0,,"269,508",-100.0,,"1,112,060",-100.0,,"151,645",-100.0,,"1,415,484",-100.0,,"193,020",-100.0,"761,602",,0.0,"103,855",,0.0,"1,225,432",,0.0,"167,106",,0.0,"1,466,279",,0.0,"199,948",,0.0,"1,382,672",,0.0,"188,547",,0.0,"1,436,754",,0.0,"195,921",,0.0
R001/7215,천호2점,H499,락앤락,,"4,897,000",-100.0,,"1,335,548",-100.0,,"1,461,500",-100.0,,"398,592",-100.0,,"1,102,900",-100.0,,"300,790",-100.0,,"930,700",-100.0,,"253,828",-100.0,,"936,900",-100.0,,"255,517",-100.0,,"465,000",-100.0,,"126,821",-100.0,,,,,,,,,,,,,,,,,,,,,,,,,,,,,,
R001/7215,천호2점,H545,수엔지,"54,762,600","23,409,400",133.9,"12,446,035","5,320,319",133.9,,,,,,,,,,,,,,,,,,,,,,,,,,"23,409,400",-100.0,,"5,320,319",-100.0,,,,,,,,,,,,,"4,499,200",,0.0,"1,022,545",,0.0,"23,371,900",,0.0,"5,311,789",,0.0,"26,891,500",,0.0,"6,111,701",,0.0
R001/7215,천호2점,H625,알리페즈,"16,094,200",,0.0,"2,194,663",,0.0,,,,,,,,,,,,,,,,,,,,,,,,,,,,,,,,,,,,,,,,,,,"16,094,200",,0.0,"2,194,663",,0.0,,,,,,,,,,,,
R001/7215,천호2점,H967,몽드블랑,,"9,663,900",-100.0,,"1,142,100",-100.0,,,,,,,,,,,,,,,,,,,,,,,,,,"9,663,900",-100.0,,"1,142,100",-100.0,,,,,,,,,,,,,,,,,,,,,,,,,,,,,,
R001/7215,천호2점,I102,글라스락,,"17,619,200",-100.0,,"2,402,616",-100.0,,,,,,,,,,,,,,,,,,,,,,,,,,"17,619,200",-100.0,,"2,402,616",-100.0,,,,,,,,,,,,,,,,,,,,,,,,,,,,,,
R001/7215,천호2점,I815,바디프랜드,"1,561,100",,0.0,"425,755",,0.0,,,,,,,,,,,,,,,,,,,,,,,,,,,,,,,,,,,,,,,,,,,"407,000",,0.0,"111,000",,0.0,"437,000",,0.0,"119,182",,0.0,"717,100",,0.0,"195,573",,0.0
R001/7215,천호2점,#,지정되지 않음,"42,549,047","49,010,919",-13.2,"38,566,847","44,567,470",-13.5,,"9,524,822",-100.0,,"8,519,301",-100.0,,"9,279,521",-100.0,,"8,568,322",-100.0,,"9,539,535",-100.0,,"8,680,139",-100.0,,"6,921,397",-100.0,,"6,298,161",-100.0,,"13,745,644",-100.0,,"12,501,547",-100.0,"6,184,267",,0.0,"5,618,517",,0.0,"6,305,173",,0.0,"5,715,787",,0.0,"5,570,969",,0.0,"4,999,830",,0.0,"17,089,637",,0.0,"15,514,400",,0.0,"7,399,001",,0.0,"6,718,313",,0.0
R001/7216,부평점,결과,,"691,813,869","762,006,169",-9.2,"123,994,243","140,918,992",-12.0,,"143,212,262",-100.0,,"25,941,463",-100.0,,"114,803,575",-100.0,,"23,286,880",-100.0,,"169,723,700",-100.0,,"29,788,741",-100.0,,"188,147,452",-100.0,,"35,893,505",-100.0,,"146,119,180",-100.0,,"26,008,403",-100.0,"122,756,972",,0.0,"23,940,460",,0.0,"112,795,483",,0.0,"21,427,215",,0.0,"124,488,550",,0.0,"22,342,082",,0.0,"155,696,858",,0.0,"26,651,893",,0.0,"176,076,006",,0.0,"29,632,593",,0.0
R001/7216,부평점,B845,모던하우스공통(MODERN HOUSE,"572,181,620","572,333,269",-0.0,"53,940,458","53,631,479",0.6,,"122,354,219",-100.0,,"11,466,251",-100.0,,"94,301,830",-100.0,,"8,837,859",-100.0,,"115,855,320",-100.0,,"10,857,681",-100.0,,"108,906,880",-100.0,,"10,202,394",-100.0,,"130,915,020",-100.0,,"12,267,294",-100.0,"107,412,520",,0.0,"10,229,558",,0.0,"99,233,600",,0.0,"9,379,804",,0.0,"111,232,970",,0.0,"10,457,276",,0.0,"108,666,510",,0.0,"10,198,562",,0.0,"145,636,020",,0.0,"13,675,258",,0.0
R001/7216,부평점,H499,락앤락,"33,885,208","27,290,100",24.2,"4,620,711","3,721,379",24.2,,,,,,,,,,,,,,,,,,,,"27,290,100",-100.0,,"3,721,379",-100.0,,,,,,,,,,,,,,,,,,,,,,,,,"33,885,208",,0.0,"4,620,711",,0.0,,,,,,
R001/7216,부평점,H545,수엔지,"17,059,700","33,643,500",-49.3,"3,877,204","7,646,252",-49.3,,,,,,,,,,,,,,,,,,,,"33,643,500",-100.0,,"7,646,252",-100.0,,0,0.0,,0,0.0,,,,,,,,,,,,,,,,,,,,,,,,,"17,059,700",,0.0,"3,877,204",,0.0
R001/7216,부평점,H967,몽드블랑,,"16,510,200",-100.0,,"1,951,204",-100.0,,,,,,,,,,,,,,"16,510,200",-100.0,,"1,951,204",-100.0,,,,,,,,,,,,,,,,,,,,,,,,,,,,,,,,,,,,,,,,,,
R001/7216,부평점,I102,글라스락,,"24,722,100",-100.0,,"3,371,196",-100.0,,,,,,,,,,,,,,"21,833,900",-100.0,,"2,977,352",-100.0,,"2,888,200",-100.0,,"393,844",-100.0,,,,,,,,,,,,,,,,,,,,,,,,,,,,,,,,,,,,
R001/7216,부평점,#,지정되지 않음,"68,687,341","87,507,000",-21.5,"61,555,870","70,597,482",-12.8,,"20,858,043",-100.0,,"14,475,212",-100.0,,"20,501,745",-100.0,,"14,449,021",-100.0,,"15,524,280",-100.0,,"14,002,504",-100.0,,"15,418,772",-100.0,,"13,929,636",-100.0,,"15,204,160",-100.0,,"13,741,109",-100.0,"15,344,452",,0.0,"13,710,902",,0.0,"13,561,883",,0.0,"12,047,411",,0.0,"13,255,580",,0.0,"11,884,806",,0.0,"13,145,140",,0.0,"11,832,620",,0.0,"13,380,286",,0.0,"12,080,131",,0.0
R001/7217,불광점,결과,,"2,113,663,639","2,040,415,579",3.6,"417,417,381","424,478,376",-1.7,,"389,476,783",-100.0,,"85,252,442",-100.0,,"362,237,095",-100.0,,"80,296,831",-100.0,,"400,028,321",-100.0,,"82,056,572",-100.0,,"403,672,211",-100.0,,"82,958,046",-100.0,,"485,001,169",-100.0,,"93,914,485",-100.0,"391,926,998",,0.0,"79,216,992",,0.0,"388,790,340",,0.0,"78,684,339",,0.0,"432,468,610",,0.0,"83,226,918",,0.0,"401,053,437",,0.0,"81,397,360",,0.0,"499,424,254",,0.0,"94,891,772",,0.0
R001/7217,불광점,B845,모던하우스공통(MODERN HOUSE,"1,173,921,433","936,511,120",25.4,"110,044,346","87,765,116",25.4,,"173,016,450",-100.0,,"16,213,849",-100.0,,"150,606,130",-100.0,,"14,117,858",-100.0,,"191,259,540",-100.0,,"17,921,749",-100.0,,"173,787,540",-100.0,,"16,284,379",-100.0,,"247,841,460",-100.0,,"23,227,281",-100.0,"202,954,540",,0.0,"19,020,049",,0.0,"213,098,197",,0.0,"19,974,356",,0.0,"249,952,810",,0.0,"23,443,599",,0.0,"214,595,280",,0.0,"20,116,292",,0.0,"293,320,606",,0.0,"27,490,050",,0.0
R001/7217,불광점,H495,쟈키,,"-140,000",100.0,,"-35,637",100.0,,,,,,,,"-140,000",100.0,,"-35,637",100.0,,,,,,,,,,,,,,,,,,,,,,,,,,,,,,,,,,,,,,,,,,,,,,,,
R001/7217,불광점,H533,좋은숨,,"55,991,050",-100.0,,"11,707,222",-100.0,,"10,341,000",-100.0,,"2,162,211",-100.0,,"7,557,150",-100.0,,"1,580,131",-100.0,,"9,639,400",-100.0,,"2,015,511",-100.0,,"13,985,200",-100.0,,"2,924,179",-100.0,,"14,468,300",-100.0,,"3,025,190",-100.0,,,,,,,,,,,,,,,,,,,,,,,,,,,,,,
R001/7217,불광점,H545,수엔지,,"115,574,180",-100.0,,"26,266,845",-100.0,,"29,365,300",-100.0,,"6,673,929",-100.0,,"21,866,980",-100.0,,"4,969,767",-100.0,,"19,851,200",-100.0,,"4,511,631",-100.0,,"18,434,500",-100.0,,"4,189,657",-100.0,,"26,056,200",-100.0,,"5,921,861",-100.0,,,,,,,,,,,,,,,,,,,,,,,,,,,,,,
R001/7217,불광점,H613,레노마홈,"171,096,620","150,220,420",13.9,"18,665,079","16,387,681",13.9,,"28,198,660",-100.0,,"3,076,219",-100.0,,"25,050,600",-100.0,,"2,732,792",-100.0,,"23,767,350",-100.0,,"2,592,798",-100.0,,"40,114,160",-100.0,,"4,376,090",-100.0,,"33,089,650",-100.0,,"3,609,782",-100.0,"32,486,070",,0.0,"3,543,934",,0.0,"32,296,880",,0.0,"3,523,294",,0.0,"31,908,000",,0.0,"3,480,870",,0.0,"36,054,290",,0.0,"3,933,193",,0.0,"38,351,380",,0.0,"4,183,788",,0.0
R001/7217,불광점,H625,알리페즈,,"10,868,500",-100.0,,"1,482,070",-100.0,,,,,,,,"10,868,500",-100.0,,"1,482,070",-100.0,,,,,,,,,,,,,,,,,,,,,,,,,,,,,,,,,,,,,,,,,,,,,,,,
R001/7217,불광점,H649,아임슬리핑,"65,650,510","39,377,000",66.7,"14,920,567","8,949,317",66.7,,"10,370,000",-100.0,,"2,356,819",-100.0,,"7,095,000",-100.0,,"1,612,499",-100.0,,"6,210,000",-100.0,,"1,411,359",-100.0,,"5,676,000",-100.0,,"1,290,003",-100.0,,"10,026,000",-100.0,,"2,278,637",-100.0,"15,820,700",,0.0,"3,595,614",,0.0,"16,067,810",,0.0,"3,651,772",,0.0,"12,046,000",,0.0,"2,737,727",,0.0,"8,924,000",,0.0,"2,028,182",,0.0,"12,792,000",,0.0,"2,907,272",,0.0
R001/7217,불광점,H787,수아팜,"23,932,720","26,928,150",-11.1,"5,983,180","6,732,039",-11.1,,"5,055,000",-100.0,,"1,263,750",-100.0,,"4,555,150",-100.0,,"1,138,787",-100.0,,"5,204,650",-100.0,,"1,301,163",-100.0,,"7,071,350",-100.0,,"1,767,838",-100.0,,"5,042,000",-100.0,,"1,260,501",-100.0,"3,451,400",,0.0,"862,850",,0.0,"4,311,200",,0.0,"1,077,800",,0.0,"4,566,100",,0.0,"1,141,525",,0.0,"5,811,820",,0.0,"1,452,955",,0.0,"5,792,200",,0.0,"1,448,050",,0.0
R001/7217,불광점,H967,몽드블랑,,"8,573,200",-100.0,,"1,013,196",-100.0,,,,,,,,"8,573,200",-100.0,,"1,013,196",-100.0,,,,,,,,,,,,,,,,,,,,,,,,,,,,,,,,,,,,,,,,,,,,,,,,
R001/7217,불광점,I082,베루스,"73,300,200","68,073,400",7.7,"18,658,224","17,327,787",7.7,,"12,791,400",-100.0,,"3,255,997",-100.0,,"12,765,600",-100.0,,"3,249,430",-100.0,,"14,679,100",-100.0,,"3,736,501",-100.0,,"12,735,000",-100.0,,"3,241,634",-100.0,,"15,102,300",-100.0,,"3,844,225",-100.0,"13,467,200",,0.0,"3,428,012",,0.0,"12,075,000",,0.0,"3,073,636",,0.0,"15,611,600",,0.0,"3,973,857",,0.0,"15,671,800",,0.0,"3,989,187",,0.0,"16,474,600",,0.0,"4,193,532",,0.0
R001/7217,불광점,I084,토니모리,"60,903,020","63,184,050",-3.6,"13,841,588","14,360,005",-3.6,,"14,002,620",-100.0,,"3,182,411",-100.0,,"10,578,630",-100.0,,"2,404,235",-100.0,,"13,065,740",-100.0,,"2,969,483",-100.0,,"13,020,210",-100.0,,"2,959,136",-100.0,,"12,516,850",-100.0,,"2,844,740",-100.0,"12,540,060",,0.0,"2,850,015",,0.0,"12,361,560",,0.0,"2,809,444",,0.0,"11,000,080",,0.0,"2,500,013",,0.0,"13,000,830",,0.0,"2,954,731",,0.0,"12,000,490",,0.0,"2,727,385",,0.0
R001/7217,불광점,I085,비비안,"99,600,820","92,817,990",7.3,"24,900,205","23,204,498",7.3,,"16,627,800",-100.0,,"4,156,950",-100.0,,"13,306,540",-100.0,,"3,326,635",-100.0,,"17,302,000",-100.0,,"4,325,500",-100.0,,"19,465,600",-100.0,,"4,866,400",-100.0,,"26,116,050",-100.0,,"6,529,013",-100.0,"15,941,500",,0.0,"3,985,375",,0.0,"16,301,240",,0.0,"4,075,310",,0.0,"17,912,840",,0.0,"4,478,210",,0.0,"22,586,700",,0.0,"5,646,675",,0.0,"26,858,540",,0.0,"6,714,635",,0.0
R001/7217,불광점,I086,쟈키,"60,810,980","46,988,130",29.4,"15,479,164","11,960,626",29.4,,"9,082,700",-100.0,,"2,311,964",-100.0,,"6,320,500",-100.0,,"1,608,856",-100.0,,"8,497,500",-100.0,,"2,163,002",-100.0,,"10,038,200",-100.0,,"2,555,179",-100.0,,"13,049,230",-100.0,,"3,321,625",-100.0,"9,823,880",,0.0,"2,500,632",,0.0,"9,755,200",,0.0,"2,483,137",,0.0,"11,186,800",,0.0,"2,847,549",,0.0,"13,426,040",,0.0,"3,417,540",,0.0,"16,619,060",,0.0,"4,230,306",,0.0
R001/7217,불광점,I102,글라스락,,"10,688,800",-100.0,,"1,457,566",-100.0,,,,,,,,"10,696,700",-100.0,,"1,458,643",-100.0,,"-7,900",100.0,,"-1,077",100.0,,,,,,,,,,,,,,,,,,,,,,,,,,,,,,,,,,,,,,,,,,
R001/7217,불광점,I187,키즈플래닛,"105,525,800","145,057,500",-27.3,"6,715,280","9,230,930",-27.3,,"23,528,000",-100.0,,"1,497,236",-100.0,,"18,709,000",-100.0,,"1,190,571",-100.0,,"35,297,000",-100.0,,"2,246,172",-100.0,,"37,676,000",-100.0,,"2,397,564",-100.0,,"29,847,500",-100.0,,"1,899,387",-100.0,"27,455,000",,0.0,"1,747,137",,0.0,"19,190,800",,0.0,"1,221,233",,0.0,"20,920,000",,0.0,"1,331,273",,0.0,"16,095,000",,0.0,"1,024,227",,0.0,"21,865,000",,0.0,"1,391,410",,0.0
R001/7217,불광점,I890,모양가발,"90,984,500","81,643,700",11.4,"19,024,027","17,070,957",11.4,,"18,065,400",-100.0,,"3,777,311",-100.0,,"14,678,300",-100.0,,"3,069,099",-100.0,,"18,650,000",-100.0,,"3,899,545",-100.0,,"15,040,000",-100.0,,"3,144,728",-100.0,,"15,210,000",-100.0,,"3,180,274",-100.0,"20,919,300",,0.0,"4,374,034",,0.0,"16,152,600",,0.0,"3,377,363",,0.0,"20,615,000",,0.0,"4,310,407",,0.0,"18,066,300",,0.0,"3,777,498",,0.0,"15,231,300",,0.0,"3,184,725",,0.0
R001/7217,불광점,#,지정되지 않음,"187,937,036","188,058,389",-0.1,"169,185,721","169,598,158",-0.2,,"39,032,453",-100.0,,"35,323,796",-100.0,,"39,149,115",-100.0,,"35,377,899",-100.0,,"36,612,741",-100.0,,"32,963,235",-100.0,,"36,628,451",-100.0,,"32,961,259",-100.0,,"36,635,629",-100.0,,"32,971,969",-100.0,"37,067,348",,0.0,"33,309,340",,0.0,"37,179,853",,0.0,"33,416,994",,0.0,"36,749,380",,0.0,"32,981,888",,0.0,"36,821,377",,0.0,"33,056,880",,0.0,"40,119,078",,0.0,"36,420,619",,0.0
R001/7219,고잔점,결과,,"2,342,242,460","2,149,449,104",9.0,"315,893,604","296,005,964",6.7,,"434,711,987",-100.0,,"57,916,260",-100.0,,"397,646,345",-100.0,,"57,043,599",-100.0,,"476,876,012",-100.0,,"65,686,515",-100.0,,"377,739,030",-100.0,,"52,794,692",-100.0,,"462,475,730",-100.0,,"62,564,898",-100.0,"438,035,779",,0.0,"60,320,536",,0.0,"448,368,755",,0.0,"61,519,755",,0.0,"487,090,378",,0.0,"67,325,438",,0.0,"405,223,106",,0.0,"55,261,404",,0.0,"563,524,442",,0.0,"71,466,471",,0.0
R001/7219,고잔점,A488,챔피온(CHAMPION),"224,743,710","272,448,220",-17.5,"30,646,852","37,152,026",-17.5,,"64,161,400",-100.0,,"8,749,279",-100.0,,"65,353,250",-100.0,,"8,911,805",-100.0,,"49,164,650",-100.0,,"6,704,270",-100.0,,"39,897,870",-100.0,,"5,440,620",-100.0,,"53,871,050",-100.0,,"7,346,052",-100.0,"57,466,600",,0.0,"7,836,355",,0.0,"48,318,230",,0.0,"6,588,844",,0.0,"39,461,750",,0.0,"5,381,147",,0.0,"29,933,650",,0.0,"4,081,858",,0.0,"49,563,480",,0.0,"6,758,648",,0.0
R001/7219,고잔점,B845,모던하우스공통(MODERN HOUSE,"1,578,759,290","1,387,365,737",13.8,"147,752,161","129,970,282",13.7,,"275,064,887",-100.0,,"25,766,330",-100.0,,"249,387,130",-100.0,,"23,365,170",-100.0,,"286,847,550",-100.0,,"26,870,450",-100.0,,"263,547,940",-100.0,,"24,685,018",-100.0,,"312,518,230",-100.0,,"29,283,314",-100.0,"283,869,910",,0.0,"26,594,282",,0.0,"294,933,360",,0.0,"27,630,088",,0.0,"314,136,000",,0.0,"29,436,727",,0.0,"288,408,110",,0.0,"27,017,513",,0.0,"397,411,910",,0.0,"37,073,551",,0.0
R001/7219,고잔점,E331,배터리몬,,"69,000",-100.0,,"12,545",-100.0,,,,,,,,,,,,,,,,,,,,,,,,,,"69,000",-100.0,,"12,545",-100.0,,,,,,,,,,,,,,,,,,,,,,,,,,,,,,
R001/7219,고잔점,E901,블럭버스,"8,781,000","20,363,000",-56.9,"1,037,755","2,406,537",-56.9,,"5,151,000",-100.0,,"608,754",-100.0,,"4,174,000",-100.0,,"493,292",-100.0,,"4,403,000",-100.0,,"520,355",-100.0,,"3,103,500",-100.0,,"366,778",-100.0,,"3,531,500",-100.0,,"417,358",-100.0,"4,744,500",,0.0,"560,715",,0.0,"4,036,500",,0.0,"477,040",,0.0,,,,,,,,,,,,,,,,,,
R001/7219,고잔점,H499,락앤락,,"52,797,340",-100.0,,"7,199,639",-100.0,,,,,,,,,,,,,,"46,715,440",-100.0,,"6,370,291",-100.0,,"6,081,900",-100.0,,"829,348",-100.0,,,,,,,,,,,,,,,,,,,,,,,,,,,,,,,,,,,,
R001/7219,고잔점,H545,수엔지,"19,085,400",,0.0,"4,337,592",,0.0,,,,,,,,,,,,,,,,,,,,,,,,,,,,,,,,,,,,,,,,,,,"19,085,400",,0.0,"4,337,592",,0.0,,,,,,,,,,,,
R001/7219,고잔점,I016,유니크하우시즘(솜사탕자판기),"4,995,000","5,575,000",-10.4,"1,135,227","1,267,045",-10.4,,,,,,,,"2,535,000",-100.0,,"576,136",-100.0,,"1,055,000",-100.0,,"239,773",-100.0,,"1,120,000",-100.0,,"254,545",-100.0,,"865,000",-100.0,,"196,591",-100.0,"1,205,000",,0.0,"273,864",,0.0,"1,045,000",,0.0,"237,500",,0.0,"1,045,000",,0.0,"237,500",,0.0,"1,035,000",,0.0,"235,227",,0.0,"665,000",,0.0,"151,136",,0.0
R001/7219,고잔점,I075,아트박스,"344,258,847","328,502,520",4.8,"50,074,005","47,782,183",4.8,,"71,580,850",-100.0,,"10,411,765",-100.0,,"65,193,860",-100.0,,"9,482,743",-100.0,,"72,793,030",-100.0,,"10,588,071",-100.0,,"48,349,130",-100.0,,"7,032,597",-100.0,,"70,585,650",-100.0,,"10,267,007",-100.0,"63,126,140",,0.0,"9,181,975",,0.0,"73,814,890",,0.0,"10,736,714",,0.0,"70,185,767",,0.0,"10,208,840",,0.0,"53,222,730",,0.0,"7,741,487",,0.0,"83,909,320",,0.0,"12,204,989",,0.0
R001/7219,고잔점,I102,글라스락,"16,024,100",,0.0,"2,185,105",,0.0,,,,,,,,,,,,,,,,,,,,,,,,,,,,,,,,,,,,,,,,,,,"16,024,100",,0.0,"2,185,105",,0.0,,,,,,,,,,,,
R001/7219,고잔점,I200,루루포헤,,"5,330,000",-100.0,,"799,500",-100.0,,,,,,,,,,,,,,,,,,,,,,,,,,"5,330,000",-100.0,,"799,500",-100.0,,,,,,,,,,,,,,,,,,,,,,,,,,,,,,
R001/7219,고잔점,I731,소극장 마니마니,"64,145,769",,0.0,"8,747,148",,0.0,,,,,,,,,,,,,,,,,,,,,,,,,,,,,,,"11,822,199",,0.0,"1,612,118",,0.0,"10,216,570",,0.0,"1,393,168",,0.0,"11,707,800",,0.0,"1,596,517",,0.0,"17,349,900",,0.0,"2,365,895",,0.0,"13,049,300",,0.0,"1,779,450",,0.0
R001/7219,고잔점,I949,라움플라워,"4,609,600",,0.0,"628,583",,0.0,,,,,,,,,,,,,,,,,,,,,,,,,,,,,,,,,,,,,,,,,,,,,,,,,,,,,,,"4,609,600",,0.0,"628,583",,0.0
R001/7219,고잔점,#,지정되지 않음,"76,839,744","76,998,287",-0.2,"69,349,176","69,416,207",-0.1,,"18,753,850",-100.0,,"12,380,132",-100.0,,"11,003,105",-100.0,,"14,214,453",-100.0,,"15,897,342",-100.0,,"14,393,305",-100.0,,"15,638,690",-100.0,,"14,185,786",-100.0,,"15,705,300",-100.0,,"14,242,531",-100.0,"15,801,430",,0.0,"14,261,227",,0.0,"16,004,205",,0.0,"14,456,401",,0.0,"15,444,561",,0.0,"13,942,010",,0.0,"15,273,716",,0.0,"13,819,424",,0.0,"14,315,832",,0.0,"12,870,114",,0.0
R001/8201,일산점,결과,,"2,168,316,393","2,052,519,715",5.6,"326,499,174","323,142,778",1.0,,"355,583,399",-100.0,,"57,036,069",-100.0,,"391,768,096",-100.0,,"63,405,062",-100.0,,"537,157,766",-100.0,,"80,164,376",-100.0,,"352,863,039",-100.0,,"59,263,089",-100.0,,"415,147,415",-100.0,,"63,274,182",-100.0,"375,888,272",,0.0,"59,692,751",,0.0,"407,966,748",,0.0,"62,730,332",,0.0,"433,539,162",,0.0,"64,859,892",,0.0,"411,222,462",,0.0,"63,123,243",,0.0,"539,699,749",,0.0,"76,092,956",,0.0
R001/8201,일산점,B845,모던하우스공통(MODERN HOUSE,"1,838,443,206","1,659,789,970",10.8,"172,748,782","156,115,231",10.7,,"304,309,230",-100.0,,"28,632,954",-100.0,,"308,223,580",-100.0,,"28,924,753",-100.0,,"358,415,500",-100.0,,"33,747,295",-100.0,,"305,051,480",-100.0,,"28,683,601",-100.0,,"383,790,180",-100.0,,"36,126,628",-100.0,"327,395,160",,0.0,"30,816,345",,0.0,"349,358,670",,0.0,"32,843,207",,0.0,"368,016,058",,0.0,"34,577,382",,0.0,"349,952,190",,0.0,"32,857,962",,0.0,"443,721,128",,0.0,"41,653,886",,0.0
R001/8201,일산점,H499,락앤락,"-48,500","165,633,100",-100.0,"-6,614","22,586,328",-100.0,,,,,,,,,,,,,,"150,321,300",-100.0,,"20,498,359",-100.0,,"15,311,800",-100.0,,"2,087,969",-100.0,,,,,,,"-48,500",,0.0,"-6,614",,0.0,,,,,,,,,,,,,,,,,,,,,,,,
R001/8201,일산점,H545,수엔지,,"17,019,800",-100.0,,"3,868,136",-100.0,,,,,,,,"17,019,800",-100.0,,"3,868,136",-100.0,,,,,,,,,,,,,,,,,,,,,,,,,,,,,,,,,,,,,,,,,,,,,,,,
R001/8201,일산점,H613,레노마홈,"124,365,220",,0.0,"13,567,108",,0.0,,,,,,,,,,,,,,,,,,,,,,,,,,,,,,,"14,968,750",,0.0,"1,632,950",,0.0,"23,688,010",,0.0,"2,584,146",,0.0,"30,004,350",,0.0,"3,273,201",,0.0,"26,552,800",,0.0,"2,896,669",,0.0,"29,151,310",,0.0,"3,180,142",,0.0
R001/8201,일산점,H625,알리페즈,"13,522,500","10,197,108",32.6,"1,843,979","1,390,516",32.6,,,,,,,,"10,197,108",-100.0,,"1,390,516",-100.0,,,,,,,,,,,,,,,,,,,,,,,,,,,,,,,,,,,,,,,,,,,"13,522,500",,0.0,"1,843,979",,0.0
R001/8201,일산점,H628,ELO,,"-95,000",100.0,,"-17,273",100.0,,"-95,000",100.0,,"-17,273",100.0,,,,,,,,,,,,,,,,,,,,,,,,,,,,,,,,,,,,,,,,,,,,,,,,,,,,,,
R001/8201,일산점,H967,몽드블랑,,"11,580,200",-100.0,,"1,368,566",-100.0,,,,,,,,"11,580,200",-100.0,,"1,368,566",-100.0,,,,,,,,,,,,,,,,,,,,,,,,,,,,,,,,,,,,,,,,,,,,,,,,
R001/8201,일산점,I204,금성침대,,"20,492,500",-100.0,,"2,980,726",-100.0,,"10,182,500",-100.0,,"1,481,090",-100.0,,"12,410,000",-100.0,,"1,805,091",-100.0,,"-2,100,000",100.0,,"-305,455",100.0,,,,,,,,,,,,,,,,,,,,,,,,,,,,,,,,,,,,,,,,,,
R001/8201,일산점,I348,보물섬,,"13,926,718",-100.0,,"1,266,061",-100.0,,"11,235,900",-100.0,,"1,021,441",-100.0,,"2,690,818",-100.0,,"244,620",-100.0,,,,,,,,,,,,,,,,,,,,,,,,,,,,,,,,,,,,,,,,,,,,,,,,
R001/8201,일산점,I586,젤리킹덤,"23,417,020",,0.0,"4,257,643",,0.0,,,,,,,,,,,,,,,,,,,,,,,,,,,,,,,"2,949,158",,0.0,"536,214",,0.0,"4,421,400",,0.0,"803,892",,0.0,"5,839,990",,0.0,"1,061,815",,0.0,"4,767,572",,0.0,"866,828",,0.0,"5,438,900",,0.0,"988,894",,0.0
R001/8201,일산점,I965,라이프프레이,"18,487,850",,0.0,"2,521,070",,0.0,,,,,,,,,,,,,,,,,,,,,,,,,,,,,,,,,,,,,,,,,,,,,,,,,,,,,,,"18,487,850",,0.0,"2,521,070",,0.0
R001/8201,일산점,#,지정되지 않음,"150,129,097","153,975,319",-2.5,"131,567,206","133,584,487",-1.5,,"29,950,769",-100.0,,"25,917,857",-100.0,,"29,646,590",-100.0,,"25,803,380",-100.0,,"30,520,966",-100.0,,"26,224,177",-100.0,,"32,499,759",-100.0,,"28,491,519",-100.0,,"31,357,235",-100.0,,"27,147,554",-100.0,"30,623,704",,0.0,"26,713,856",,0.0,"30,498,668",,0.0,"26,499,087",,0.0,"29,678,764",,0.0,"25,947,494",,0.0,"29,949,900",,0.0,"26,501,784",,0.0,"29,378,061",,0.0,"25,904,985",,0.0
R001/8202,야탑점,결과,,"5,465,522,859","2,023,000,373",170.2,"481,412,463","309,794,986",55.4,,"367,353,799",-100.0,,"60,484,043",-100.0,,"429,116,864",-100.0,,"65,579,348",-100.0,,"435,101,693",-100.0,,"63,785,732",-100.0,,"343,240,724",-100.0,,"54,520,325",-100.0,,"448,187,293",-100.0,,"65,425,538",-100.0,"704,570,962",,0.0,"86,021,105",,0.0,"956,291,890",,0.0,"98,459,252",,0.0,"695,693,979",,0.0,"70,244,716",,0.0,"1,216,616,880",,0.0,"98,818,673",,0.0,"1,892,349,148",,0.0,"127,868,717",,0.0
R001/8202,야탑점,B845,모던하우스공통(MODERN HOUSE,"1,992,717,820","1,581,209,145",26.0,"189,764,873","149,390,322",27.0,,"294,096,565",-100.0,,"27,806,607",-100.0,,"273,870,870",-100.0,,"25,763,879",-100.0,,"365,458,040",-100.0,,"34,408,279",-100.0,,"278,226,460",-100.0,,"26,215,421",-100.0,,"369,557,210",-100.0,,"35,196,136",-100.0,"354,974,580",,0.0,"33,709,169",,0.0,"372,375,250",,0.0,"35,406,884",,0.0,"400,547,340",,0.0,"38,246,557",,0.0,"377,898,750",,0.0,"36,003,822",,0.0,"486,921,900",,0.0,"46,398,441",,0.0
R001/8202,야탑점,H545,수엔지,"93,469,500","155,904,800",-40.0,"21,243,062","35,380,665",-40.0,,"30,610,200",-100.0,,"6,956,865",-100.0,,"38,783,600",-100.0,,"8,762,207",-100.0,,"29,883,900",-100.0,,"6,791,796",-100.0,,"23,735,300",-100.0,,"5,394,387",-100.0,,"32,891,800",-100.0,,"7,475,410",-100.0,"30,577,800",,0.0,"6,949,496",,0.0,"47,090,300",,0.0,"10,702,340",,0.0,"15,801,400",,0.0,"3,591,226",,0.0,,,,,,,,,,,,
R001/8202,야탑점,H594,지포트리,,"18,640,700",-100.0,,"3,389,219",-100.0,,,,,,,,"18,640,700",-100.0,,"3,389,219",-100.0,,,,,,,,,,,,,,,,,,,,,,,,,,,,,,,,,,,,,,,,,,,,,,,,
R001/8202,야탑점,H595,포하우스,,"-32,000",100.0,,"-6,400",100.0,,"-32,000",100.0,,"-6,400",100.0,,,,,,,,,,,,,,,,,,,,,,,,,,,,,,,,,,,,,,,,,,,,,,,,,,,,,,
R001/8202,야탑점,H625,알리페즈,"22,954,200","27,835,800",-17.5,"3,130,119","3,795,791",-17.5,,,,,,,,"27,845,800",-100.0,,"3,797,154",-100.0,,"-10,000",100.0,,"-1,363",100.0,,0,0.0,,0,0.0,,,,,,,,,,,,,"22,954,200",,0.0,"3,130,119",,0.0,,,,,,,,,,,,,,,,,,
R001/8202,야탑점,H963,에몬스,"108,800,000",,0.0,"10,880,000",,0.0,,,,,,,,,,,,,,,,,,,,,,,,,,,,,,,"57,360,000",,0.0,"5,736,000",,0.0,"51,440,000",,0.0,"5,144,000",,0.0,,,,,,,,,,,,,,,,,,
R001/8202,야탑점,H967,몽드블랑,,"19,062,400",-100.0,,"2,252,828",-100.0,,,,,,,,"19,062,400",-100.0,,"2,252,828",-100.0,,,,,,,,,,,,,,,,,,,,,,,,,,,,,,,,,,,,,,,,,,,,,,,,
R001/8202,야탑점,I038,랄라컬쳐클럽,"241,102,090",,0.0,"26,302,027",,0.0,,,,,,,,,,,,,,,,,,,,,,,,,,,,,,,"89,090,140",,0.0,"9,718,919",,0.0,"31,831,080",,0.0,"3,472,473",,0.0,"12,865,580",,0.0,"1,403,509",,0.0,"99,639,960",,0.0,"10,869,817",,0.0,"7,675,330",,0.0,"837,309",,0.0
R001/8202,야탑점,I050,포트메리온,"28,975,900",,0.0,"3,420,916",,0.0,,,,,,,,,,,,,,,,,,,,,,,,,,,,,,,,,,,,,"29,168,900",,0.0,"3,447,234",,0.0,"-193,000",,0.0,"-26,318",,0.0,,,,,,,,,,,,
R001/8202,야탑점,I137,컬러몬,,"6,985,000",-100.0,,"1,270,000",-100.0,,"1,100,000",-100.0,,"200,000",-100.0,,"1,075,000",-100.0,,"195,455",-100.0,,"1,720,000",-100.0,,"312,727",-100.0,,"1,540,000",-100.0,,"280,000",-100.0,,"1,550,000",-100.0,,"281,818",-100.0,,,,,,,,,,,,,,,,,,,,,,,,,,,,,,
R001/8202,야탑점,I810,하이마트,"2,712,633,449",,0.0,"97,732,871",,0.0,,,,,,,,,,,,,,,,,,,,,,,,,,,,,,,"114,044,953",,0.0,"2,591,932",,0.0,"315,805,929",,0.0,"7,177,405",,0.0,"232,164,921",,0.0,"5,276,475",,0.0,"696,477,932",,0.0,"27,290,434",,0.0,"1,354,139,714",,0.0,"55,396,625",,0.0
R001/8202,야탑점,I820,솜사탕자판기,"8,210,000",,0.0,"2,015,183",,0.0,,,,,,,,,,,,,,,,,,,,,,,,,,,,,,,"1,115,000",,0.0,"273,682",,0.0,"1,500,000",,0.0,"368,182",,0.0,"1,920,000",,0.0,"471,273",,0.0,"1,480,000",,0.0,"363,273",,0.0,"2,195,000",,0.0,"538,773",,0.0
R001/8202,야탑점,T698,엠프파트너스,"59,771,000",,0.0,"12,497,574",,0.0,,,,,,,,,,,,,,,,,,,,,,,,,,,,,,,"11,948,000",,0.0,"2,498,219",,0.0,"8,269,000",,0.0,"1,728,972",,0.0,"8,039,000",,0.0,"1,680,883",,0.0,"16,245,000",,0.0,"3,396,681",,0.0,"15,270,000",,0.0,"3,192,819",,0.0
R001/8202,야탑점,T827,빌레로이앤보흐,"76,051,720","105,157,300",-27.7,"13,827,586","19,119,501",-27.7,,"16,504,800",-100.0,,"3,000,869",-100.0,,"32,520,450",-100.0,,"5,912,805",-100.0,,"16,590,470",-100.0,,"3,016,447",-100.0,,"18,316,630",-100.0,,"3,330,294",-100.0,,"21,224,950",-100.0,,"3,859,086",-100.0,"22,255,850",,0.0,"4,046,521",,0.0,"53,624,570",,0.0,"9,749,919",,0.0,"171,300",,0.0,"31,146",,0.0,,,,,,,,,,,,
R001/8202,야탑점,#,지정되지 않음,"120,837,180","108,237,228",11.6,"100,598,252","95,203,060",5.7,,"25,074,234",-100.0,,"22,526,102",-100.0,,"17,318,044",-100.0,,"15,505,801",-100.0,,"21,459,283",-100.0,,"19,257,846",-100.0,,"21,422,334",-100.0,,"19,300,223",-100.0,,"22,963,333",-100.0,,"18,613,088",-100.0,"23,204,639",,0.0,"20,497,167",,0.0,"22,232,661",,0.0,"18,131,724",,0.0,"24,377,438",,0.0,"19,569,965",,0.0,"24,875,238",,0.0,"20,894,646",,0.0,"26,147,204",,0.0,"21,504,750",,0.0
R001/8203,인천점,결과,,"2,087,287,010","1,839,234,326",13.5,"365,401,353","347,518,510",5.1,,"382,283,081",-100.0,,"71,846,466",-100.0,,"327,343,687",-100.0,,"63,889,788",-100.0,,"350,582,100",-100.0,,"65,600,249",-100.0,,"382,898,424",-100.0,,"74,169,571",-100.0,,"396,127,034",-100.0,,"72,012,436",-100.0,"425,745,772",,0.0,"77,787,689",,0.0,"346,671,886",,0.0,"65,563,509",,0.0,"422,840,112",,0.0,"72,979,025",,0.0,"425,678,725",,0.0,"73,284,806",,0.0,"466,350,515",,0.0,"75,786,324",,0.0
R001/8203,인천점,B845,모던하우스공통(MODERN HOUSE,"1,443,397,045","1,230,576,290",17.3,"142,090,226","119,629,227",18.8,,"233,707,120",-100.0,,"22,712,952",-100.0,,"233,477,140",-100.0,,"22,574,562",-100.0,,"261,847,830",-100.0,,"25,321,072",-100.0,,"229,838,220",-100.0,,"22,371,834",-100.0,,"271,705,980",-100.0,,"26,648,807",-100.0,"269,534,450",,0.0,"26,701,337",,0.0,"250,851,250",,0.0,"24,717,611",,0.0,"311,926,780",,0.0,"30,675,222",,0.0,"266,811,900",,0.0,"26,312,100",,0.0,"344,272,665",,0.0,"33,683,956",,0.0
R001/8203,인천점,C048,풋볼그라운드,"10,144,000","14,346,000",-29.3,"922,182","1,304,183",-29.3,,"2,640,000",-100.0,,"240,000",-100.0,,"2,306,000",-100.0,,"209,637",-100.0,,"4,240,000",-100.0,,"385,455",-100.0,,"2,420,000",-100.0,,"220,000",-100.0,,"2,740,000",-100.0,,"249,091",-100.0,"640,000",,0.0,"58,182",,0.0,"2,234,000",,0.0,"203,091",,0.0,"2,260,000",,0.0,"205,455",,0.0,"2,550,000",,0.0,"231,818",,0.0,"2,460,000",,0.0,"223,636",,0.0
R001/8203,인천점,H533,좋은숨,"30,793,800","60,130,320",-48.8,"6,438,708","12,572,702",-48.8,,"7,738,900",-100.0,,"1,618,134",-100.0,,"8,426,700",-100.0,,"1,761,945",-100.0,,"7,332,500",-100.0,,"1,533,157",-100.0,,"22,599,120",-100.0,,"4,725,271",-100.0,,"14,033,100",-100.0,,"2,934,195",-100.0,"12,686,900",,0.0,"2,652,717",,0.0,"6,344,900",,0.0,"1,326,661",,0.0,"11,762,000",,0.0,"2,459,330",,0.0,,,,,,,,,,,,
R001/8203,인천점,H545,수엔지,"27,570,000","19,469,700",41.6,"6,265,909","4,424,932",41.6,,"19,469,700",-100.0,,"4,424,932",-100.0,,,,,,,,,,,,,,,,,,,,,,,,,"27,570,000",,0.0,"6,265,909",,0.0,,,,,,,,,,,,,,,,,,,,,,,,
R001/8203,인천점,H625,알리페즈,"22,924,200","26,563,400",-13.7,"3,126,026","3,622,284",-13.7,,"26,563,400",-100.0,,"3,622,284",-100.0,,,,,,,,,,,,,,,,,,,,,,,,,,,,,,,,,,,,,,,,,,,"22,924,200",,0.0,"3,126,026",,0.0,,,,,,
R001/8203,인천점,H628,ELO,,"17,981,208",-100.0,,"3,269,311",-100.0,,,,,,,,,,,,,,,,,,,,"17,981,208",-100.0,,"3,269,311",-100.0,,,,,,,,,,,,,,,,,,,,,,,,,,,,,,,,,,,,
R001/8203,인천점,H809,충전돼지,"126,256","183,140",-31.1,"45,911","66,596",-31.1,,,,,,,,"50,860",-100.0,,"18,495",-100.0,,"57,630",-100.0,,"20,956",-100.0,,"52,655",-100.0,,"19,147",-100.0,,"21,995",-100.0,,"7,998",-100.0,"28,867",,0.0,"10,497",,0.0,"26,120",,0.0,"9,498",,0.0,"10,997",,0.0,"3,999",,0.0,"42,402",,0.0,"15,419",,0.0,"17,870",,0.0,"6,498",,0.0
R001/8203,인천점,H914,케이텍,,"23,126,100",-100.0,,"4,204,745",-100.0,,"5,518,000",-100.0,,"1,003,273",-100.0,,"6,119,500",-100.0,,"1,112,636",-100.0,,"2,853,500",-100.0,,"518,818",-100.0,,"4,418,600",-100.0,,"803,382",-100.0,,"4,216,500",-100.0,,"766,636",-100.0,,,,,,,,,,,,,,,,,,,,,,,,,,,,,,
R001/8203,인천점,H967,몽드블랑,,"35,587,100",-100.0,,"3,831,743",-100.0,,"25,978,900",-100.0,,"2,695,689",-100.0,,"-19,800",100.0,,"-1,800",100.0,,,,,,,,"9,628,000",-100.0,,"1,137,854",-100.0,,,,,,,,,,,,,,,,,,,,,,,,,,,,,,,,,,,,
R001/8203,인천점,I021,리치랜드,"124,857,400","110,897,100",12.6,"22,701,346","20,163,110",12.6,,"17,024,000",-100.0,,"3,095,272",-100.0,,"19,129,000",-100.0,,"3,477,997",-100.0,,"20,385,100",-100.0,,"3,706,382",-100.0,,"27,434,000",-100.0,,"4,988,001",-100.0,,"26,925,000",-100.0,,"4,895,458",-100.0,"18,365,000",,0.0,"3,339,086",,0.0,"18,615,100",,0.0,"3,384,567",,0.0,"18,510,800",,0.0,"3,365,601",,0.0,"29,989,200",,0.0,"5,452,583",,0.0,"39,377,300",,0.0,"7,159,509",,0.0
R001/8203,인천점,I050,포트메리온,"27,070,700",,0.0,"3,199,264",,0.0,,,,,,,,,,,,,,,,,,,,,,,,,,,,,,,"27,070,700",,0.0,"3,199,264",,0.0,,,,,,,,,,,,,,,,,,,,,,,,
R001/8203,인천점,I111,에스엠디지털락커,"102,000","236,000",-56.8,"27,819","64,363",-56.8,,"46,000",-100.0,,"12,545",-100.0,,"57,000",-100.0,,"15,545",-100.0,,"50,860",-100.0,,"13,871",-100.0,,,,,,,,"82,140",-100.0,,"22,402",-100.0,"60,000",,0.0,"16,364",,0.0,,,,,,,,,,,,,"42,000",,0.0,"11,455",,0.0,,,,,,
R001/8203,인천점,I193,엠엘디자인퍼니처,,"2,200,000",-100.0,,"320,000",-100.0,,"2,200,000",-100.0,,"320,000",-100.0,,,,,,,,,,,,,,,,,,,,,,,,,,,,,,,,,,,,,,,,,,,,,,,,,,,,,,
R001/8203,인천점,I200,루루포헤,,"4,351,200",-100.0,,"652,680",-100.0,,,,,,,,,,,,,,,,,,,,,,,,,,"4,351,200",-100.0,,"652,680",-100.0,,,,,,,,,,,,,,,,,,,,,,,,,,,,,,
R001/8203,인천점,I214,하늘아이,"21,838,000",,0.0,"5,955,820",,0.0,,,,,,,,,,,,,,,,,,,,,,,,,,,,,,,,,,,,,"3,957,000",,0.0,"1,079,182",,0.0,"6,561,000",,0.0,"1,789,364",,0.0,"6,165,000",,0.0,"1,681,364",,0.0,"5,155,000",,0.0,"1,405,910",,0.0
R001/8203,인천점,I261,피렌체안경원,"7,374,000","11,173,000",-34.0,"1,742,948","2,640,896",-34.0,,"1,710,000",-100.0,,"404,182",-100.0,,"2,638,000",-100.0,,"623,528",-100.0,,"2,575,000",-100.0,,"608,635",-100.0,,"2,350,000",-100.0,,"555,459",-100.0,,"1,900,000",-100.0,,"449,092",-100.0,"1,250,000",,0.0,"295,455",,0.0,"1,172,000",,0.0,"277,019",,0.0,"1,642,000",,0.0,"388,109",,0.0,"1,520,000",,0.0,"359,272",,0.0,"1,790,000",,0.0,"423,093",,0.0
R001/8203,인천점,I301,테팔,"36,604,100",,0.0,"3,327,644",,0.0,,,,,,,,,,,,,,,,,,,,,,,,,,,,,,,,,,,,,,,,,,,,,,,,,"36,604,100",,0.0,"3,327,644",,0.0,,,,,,
R001/8203,인천점,I415,코르시카나,"58,121,010","36,472,000",59.4,"9,510,708","5,968,146",59.4,,,,,,,,,,,,,,"6,495,000",-100.0,,"1,062,817",-100.0,,"16,560,000",-100.0,,"2,709,819",-100.0,,"13,417,000",-100.0,,"2,195,510",-100.0,"15,980,000",,0.0,"2,614,909",,0.0,"10,620,000",,0.0,"1,737,817",,0.0,"14,582,000",,0.0,"2,386,143",,0.0,"9,705,000",,0.0,"1,588,091",,0.0,"7,234,010",,0.0,"1,183,748",,0.0
R001/8203,인천점,I763,인까사,"106,379,600","51,880,000",105.0,"15,473,398","7,546,180",105.0,,,,,,,,"16,560,000",-100.0,,"2,408,727",-100.0,,"4,920,000",-100.0,,"715,637",-100.0,,"11,360,000",-100.0,,"1,652,362",-100.0,,"19,040,000",-100.0,,"2,769,454",-100.0,"17,625,000",,0.0,"2,563,636",,0.0,"17,587,000",,0.0,"2,558,109",,0.0,"20,748,600",,0.0,"3,017,977",,0.0,"14,656,000",,0.0,"2,131,784",,0.0,"35,763,000",,0.0,"5,201,892",,0.0
R001/8203,인천점,#,지정되지 않음,"169,984,899","194,061,768",-12.4,"144,573,444","157,237,412",-8.1,,"39,687,061",-100.0,,"31,697,203",-100.0,,"38,599,287",-100.0,,"31,688,516",-100.0,,"39,824,680",-100.0,,"31,713,449",-100.0,,"38,256,621",-100.0,,"31,717,131",-100.0,,"37,694,119",-100.0,,"30,421,113",-100.0,"34,934,855",,0.0,"30,070,333",,0.0,"35,264,516",,0.0,"30,269,954",,0.0,"34,835,935",,0.0,"28,687,825",,0.0,"34,668,923",,0.0,"29,047,250",,0.0,"30,280,670",,0.0,"26,498,082",,0.0
R001/8204,평택점,결과,,"1,382,042,373","1,202,124,089",15.0,"173,527,907","161,240,961",7.6,,"201,253,598",-100.0,,"27,958,448",-100.0,,"221,330,707",-100.0,,"29,049,707",-100.0,,"304,336,198",-100.0,,"42,455,115",-100.0,,"225,422,824",-100.0,,"29,114,345",-100.0,,"249,780,762",-100.0,,"32,663,346",-100.0,"225,115,359",,0.0,"29,851,988",,0.0,"267,245,097",,0.0,"35,023,808",,0.0,"277,982,822",,0.0,"34,299,170",,0.0,"305,878,729",,0.0,"38,714,936",,0.0,"305,820,366",,0.0,"35,638,005",,0.0
R001/8204,평택점,B845,모던하우스공통(MODERN HOUSE,"1,041,146,750","927,892,490",12.2,"103,344,962","88,871,772",16.3,,"164,311,730",-100.0,,"15,778,196",-100.0,,"179,125,910",-100.0,,"17,045,683",-100.0,,"192,454,630",-100.0,,"18,344,066",-100.0,,"176,459,530",-100.0,,"16,974,742",-100.0,,"215,540,690",-100.0,,"20,729,085",-100.0,"189,643,760",,0.0,"18,910,633",,0.0,"195,916,950",,0.0,"19,489,367",,0.0,"203,267,080",,0.0,"20,101,719",,0.0,"198,604,160",,0.0,"19,615,348",,0.0,"253,714,800",,0.0,"25,227,895",,0.0
R001/8204,평택점,H545,수엔지,"13,698,800","40,841,900",-66.5,"3,113,364","9,282,249",-66.5,,,,,,,,,,,,,,"33,941,700",-100.0,,"7,714,022",-100.0,,"-259,800",100.0,,"-59,046",100.0,,"7,160,000",-100.0,,"1,627,273",-100.0,,,,,,,,,,,,,,,,,,,,,,,,,"13,698,800",,0.0,"3,113,364",,0.0
R001/8204,평택점,H625,알리페즈,"21,392,400","16,363,900",30.7,"2,917,148","2,231,442",30.7,,,,,,,,"16,403,900",-100.0,,"2,236,896",-100.0,,"-40,000",100.0,,"-5,454",100.0,,,,,,,,,,,,,,,,,,,,,,,,,,,,,,,"21,392,400",,0.0,"2,917,148",,0.0,,,,,,
R001/8204,평택점,H636,아르페지오,"6,459,800",,0.0,"1,468,138",,0.0,,,,,,,,,,,,,,,,,,,,,,,,,,,,,,,,,,,,,,,,,,,,,,,,,"6,459,800",,0.0,"1,468,138",,0.0,,,,,,
R001/8204,평택점,H967,몽드블랑,,"20,150,160",-100.0,,"2,381,382",-100.0,,,,,,,,,,,,,,"20,150,160",-100.0,,"2,381,382",-100.0,,,,,,,,,,,,,,,,,,,,,,,,,,,,,,,,,,,,,,,,,,
R001/8204,평택점,I060,메가박스,"159,912,936","127,961,293",25.0,"15,991,291","12,796,127",25.0,,"26,000,000",-100.0,,"2,600,000",-100.0,,"16,500,000",-100.0,,"1,650,000",-100.0,,"28,000,000",-100.0,,"2,800,000",-100.0,,"40,000,000",-100.0,,"4,000,000",-100.0,,"17,461,293",-100.0,,"1,746,127",-100.0,"25,962,123",,0.0,"2,596,210",,0.0,"41,251,232",,0.0,"4,125,123",,0.0,"30,000,000",,0.0,"3,000,000",,0.0,"50,000,000",,0.0,"5,000,000",,0.0,"12,699,581",,0.0,"1,269,958",,0.0
R001/8204,평택점,I102,글라스락,"20,148,400","20,125,300",0.1,"2,747,508","2,744,359",0.1,,,,,,,,,,,,,,"20,154,200",-100.0,,"2,748,299",-100.0,,"-28,900",100.0,,"-3,940",100.0,,,,,,,,,,,,,"20,148,400",,0.0,"2,747,508",,0.0,0,,0.0,0,,0.0,,,,,,,,,,,,
R001/8204,평택점,I815,바디프랜드,"468,000",,0.0,"127,637",,0.0,,,,,,,,,,,,,,,,,,,,,,,,,,,,,,,,,,,,,,,,,,,"41,000",,0.0,"11,182",,0.0,,,,,,,"427,000",,0.0,"116,455",,0.0
R001/8204,평택점,I873,리턴마켓,"76,436,660",,0.0,"6,948,786",,0.0,,,,,,,,,,,,,,,,,,,,,,,,,,,,,,,,,,,,,,,,,,,"35,404,530",,0.0,"3,218,593",,0.0,"20,506,700",,0.0,"1,864,246",,0.0,"20,525,430",,0.0,"1,865,947",,0.0
R001/8204,평택점,#,지정되지 않음,"42,378,627","48,789,046",-13.1,"36,869,073","42,933,630",-14.1,,"10,941,868",-100.0,,"9,580,252",-100.0,,"9,300,897",-100.0,,"8,117,128",-100.0,,"9,675,508",-100.0,,"8,472,800",-100.0,,"9,251,994",-100.0,,"8,202,589",-100.0,,"9,618,779",-100.0,,"8,560,861",-100.0,"9,509,476",,0.0,"8,345,145",,0.0,"9,928,515",,0.0,"8,661,810",,0.0,"9,270,212",,0.0,"7,967,676",,0.0,"8,915,669",,0.0,"7,850,056",,0.0,"4,754,755",,0.0,"4,044,386",,0.0
R001/8205,평촌2점,결과,,"4,083,166,086","3,088,402,412",32.2,"644,501,376","519,721,127",24.0,,"645,275,792",-100.0,,"107,219,373",-100.0,,"557,426,454",-100.0,,"98,379,583",-100.0,,"577,731,185",-100.0,,"99,083,681",-100.0,,"526,477,377",-100.0,,"93,153,557",-100.0,,"781,491,604",-100.0,,"121,884,933",-100.0,"793,935,626",,0.0,"125,140,391",,0.0,"845,534,185",,0.0,"128,555,589",,0.0,"795,385,208",,0.0,"124,994,028",,0.0,"690,671,563",,0.0,"111,912,528",,0.0,"957,639,504",,0.0,"153,898,840",,0.0
R001/8205,평촌2점,B845,모던하우스공통(MODERN HOUSE,"1,671,780,280","1,411,489,230",18.4,"156,934,821","132,580,053",18.4,,"261,289,310",-100.0,,"24,575,537",-100.0,,"244,614,920",-100.0,,"23,016,571",-100.0,,"270,445,950",-100.0,,"25,410,916",-100.0,,"241,245,460",-100.0,,"22,632,924",-100.0,,"393,893,590",-100.0,,"36,944,105",-100.0,"319,100,940",,0.0,"29,954,134",,0.0,"307,577,770",,0.0,"28,865,545",,0.0,"329,970,980",,0.0,"30,974,171",,0.0,"296,112,820",,0.0,"27,813,408",,0.0,"419,017,770",,0.0,"39,327,563",,0.0
R001/8205,평촌2점,D547,좋은영화,"1,046,541,243","629,952,221",66.1,"114,168,133","68,722,056",66.1,,"177,694,325",-100.0,,"19,384,835",-100.0,,"107,724,095",-100.0,,"11,751,717",-100.0,,"106,211,234",-100.0,,"11,586,682",-100.0,,"89,919,829",-100.0,,"9,809,432",-100.0,,"148,402,738",-100.0,,"16,189,390",-100.0,"185,527,837",,0.0,"20,239,401",,0.0,"236,770,311",,0.0,"25,829,485",,0.0,"252,557,032",,0.0,"27,551,675",,0.0,"150,567,457",,0.0,"16,425,541",,0.0,"221,118,606",,0.0,"24,122,031",,0.0
R001/8205,평촌2점,H470,킴스안경클럽,"105,659,000","94,875,000",11.4,"17,289,653","15,524,999",11.4,,"16,749,000",-100.0,,"2,740,743",-100.0,,"17,148,000",-100.0,,"2,806,035",-100.0,,"21,075,000",-100.0,,"3,448,638",-100.0,,"19,877,000",-100.0,,"3,252,601",-100.0,,"20,026,000",-100.0,,"3,276,982",-100.0,"20,410,000",,0.0,"3,339,819",,0.0,"17,651,000",,0.0,"2,888,343",,0.0,"19,000,000",,0.0,"3,109,091",,0.0,"24,800,000",,0.0,"4,058,179",,0.0,"23,798,000",,0.0,"3,894,221",,0.0
R001/8205,평촌2점,H580,인따르시아,,"24,957,800",-100.0,,"6,806,676",-100.0,,"10,448,100",-100.0,,"2,849,484",-100.0,,"8,219,000",-100.0,,"2,241,546",-100.0,,"6,290,700",-100.0,,"1,715,646",-100.0,,,,,,,,,,,,,,,,,,,,,,,,,,,,,,,,,,,,,,,,,,
R001/8205,평촌2점,H625,알리페즈,"139,677,000","139,493,800",0.1,"22,856,234","22,826,262",0.1,,"28,570,400",-100.0,,"4,675,161",-100.0,,"23,588,800",-100.0,,"3,859,986",-100.0,,"25,548,900",-100.0,,"4,180,727",-100.0,,"32,585,400",-100.0,,"5,332,154",-100.0,,"29,200,300",-100.0,,"4,778,234",-100.0,"36,454,400",,0.0,"5,965,267",,0.0,"28,728,900",,0.0,"4,701,093",,0.0,"28,311,300",,0.0,"4,632,757",,0.0,"22,035,800",,0.0,"3,605,854",,0.0,"24,146,600",,0.0,"3,951,263",,0.0
R001/8205,평촌2점,H636,아르페지오,"12,566,400",,0.0,"2,856,000",,0.0,,,,,,,,,,,,,,,,,,,,,,,,,,,,,,,,,,,,,,,,,,,"9,437,300",,0.0,"2,144,841",,0.0,"3,129,100",,0.0,"711,159",,0.0,,,,,,
R001/8205,평촌2점,H649,아임슬리핑,"201,055,100","162,848,600",23.5,"45,694,342","36,586,999",24.9,,"30,249,000",-100.0,,"6,874,772",-100.0,,"33,199,000",-100.0,,"7,545,229",-100.0,,"23,607,000",-100.0,,"5,365,227",-100.0,,"21,685,700",-100.0,,"4,901,409",-100.0,,"54,107,900",-100.0,,"11,900,362",-100.0,"55,556,400",,0.0,"12,626,453",,0.0,"33,964,200",,0.0,"7,719,135",,0.0,"37,395,200",,0.0,"8,498,907",,0.0,"33,605,000",,0.0,"7,637,505",,0.0,"40,534,300",,0.0,"9,212,342",,0.0
R001/8205,평촌2점,H911,타카플레이,"61,158,800","60,895,400",0.4,"9,451,812","9,411,105",0.4,,"15,959,900",-100.0,,"2,466,530",-100.0,,"14,564,100",-100.0,,"2,250,813",-100.0,,"11,061,100",-100.0,,"1,709,443",-100.0,,"8,050,200",-100.0,,"1,244,122",-100.0,,"11,260,100",-100.0,,"1,740,197",-100.0,"16,629,900",,0.0,"2,570,074",,0.0,"13,887,900",,0.0,"2,146,309",,0.0,"10,361,800",,0.0,"1,601,369",,0.0,"7,226,700",,0.0,"1,116,856",,0.0,"13,052,500",,0.0,"2,017,204",,0.0
R001/8205,평촌2점,I038,랄라컬쳐클럽,"188,137,395",,0.0,"20,524,071",,0.0,,,,,,,,,,,,,,,,,,,,,,,,,,,,,,,"48,751,060",,0.0,"5,318,295",,0.0,"55,336,860",,0.0,"6,036,748",,0.0,"-2,855,810",,0.0,"-311,540",,0.0,"39,382,055",,0.0,"4,296,220",,0.0,"47,523,230",,0.0,"5,184,348",,0.0
R001/8205,평촌2점,I102,글라스락,"28,192,660",,0.0,"3,844,455",,0.0,,,,,,,,,,,,,,,,,,,,,,,,,,,,,,,,,,,,,,,,,,,"20,543,000",,0.0,"2,801,321",,0.0,"7,649,660",,0.0,"1,043,134",,0.0,,,,,,
R001/8205,평촌2점,I284,오락노리,,"21,784,100",-100.0,,"3,564,671",-100.0,,"4,067,000",-100.0,,"665,509",-100.0,,"9,309,500",-100.0,,"1,523,373",-100.0,,"3,130,900",-100.0,,"512,329",-100.0,,"2,501,000",-100.0,,"409,255",-100.0,,"2,775,700",-100.0,,"454,205",-100.0,,,,,,,,,,,,,,,,,,,,,,,,,,,,,,
R001/8205,평촌2점,I301,테팔,"77,485,300",,0.0,"7,044,117",,0.0,,,,,,,,,,,,,,,,,,,,,,,,,,,,,,,,,,,,,,,,,,,,,,,,,"24,440,600",,0.0,"2,221,874",,0.0,"53,044,700",,0.0,"4,822,243",,0.0
R001/8205,평촌2점,I339,온누리스토어,,0,0.0,,1,-100.0,,0,0.0,,1,-100.0,,,,,,,,,,,,,,,,,,,,,,,,,,,,,,,,,,,,,,,,,,,,,,,,,,,,,,
R001/8205,평촌2점,I341,캐치티니핑,,"6,137,700",-100.0,,"1,115,946",-100.0,,"1,526,400",-100.0,,"277,527",-100.0,,"2,014,100",-100.0,,"366,200",-100.0,,"917,200",-100.0,,"166,764",-100.0,,"668,700",-100.0,,"121,582",-100.0,,"1,011,300",-100.0,,"183,873",-100.0,,,,,,,,,,,,,,,,,,,,,,,,,,,,,,
R001/8205,평촌2점,I469,브루미즈,"23,503,300","5,885,800",299.3,"2,564,003","642,086",299.3,,,,,,,,,,,,,,,,,,,,,,,,,,"5,885,800",-100.0,,"642,086",-100.0,"6,104,900",,0.0,"665,991",,0.0,"5,949,700",,0.0,"649,059",,0.0,"4,717,200",,0.0,"514,604",,0.0,"1,958,800",,0.0,"213,687",,0.0,"4,772,700",,0.0,"520,662",,0.0
R001/8205,평촌2점,I815,바디프랜드,"3,914,400",,0.0,"1,067,564",,0.0,,,,,,,,,,,,,,,,,,,,,,,,,,,,,,,,,,,,,,,,,,,"1,211,300",,0.0,"330,355",,0.0,"1,177,500",,0.0,"321,136",,0.0,"1,525,600",,0.0,"416,073",,0.0
R001/8205,평촌2점,I958,파도가,"4,903,700",,0.0,"1,180,770",,0.0,,,,,,,,,,,,,,,,,,,,,,,,,,,,,,,,,,,,,,,,,,,,,,,,,,,,,,,"4,903,700",,0.0,"1,180,770",,0.0
R001/8205,평촌2점,T518,보니타하우스,"112,854,460","150,695,150",-25.1,"13,337,346","17,751,955",-24.9,,"32,767,940",-100.0,,"3,872,568",-100.0,,"28,726,520",-100.0,,"3,394,950",-100.0,,"31,316,660",-100.0,,"3,701,060",-100.0,,"26,037,520",-100.0,,"3,077,160",-100.0,,"31,846,510",-100.0,,"3,706,217",-100.0,"32,189,900",,0.0,"3,804,264",,0.0,"70,895,540",,0.0,"8,378,564",,0.0,"9,769,020",,0.0,"1,154,518",,0.0,,,,,,,,,,,,
R001/8205,평촌2점,T522,데일리라이크,"185,801,720","183,620,870",1.2,"30,403,916","30,047,046",1.2,,"27,272,640",-100.0,,"4,462,797",-100.0,,"29,100,750",-100.0,,"4,761,938",-100.0,,"38,864,980",-100.0,,"6,359,724",-100.0,,"44,627,700",-100.0,,"7,302,713",-100.0,,"43,754,800",-100.0,,"7,159,874",-100.0,"33,501,550",,0.0,"5,482,072",,0.0,"34,098,800",,0.0,"5,579,803",,0.0,"33,890,800",,0.0,"5,545,766",,0.0,"37,775,810",,0.0,"6,181,495",,0.0,"46,534,760",,0.0,"7,614,780",,0.0
R001/8205,평촌2점,#,지정되지 않음,"219,935,328","195,766,741",12.3,"195,284,139","174,141,272",12.1,,"38,681,777",-100.0,,"34,373,909",-100.0,,"39,217,669",-100.0,,"34,861,225",-100.0,,"39,261,561",-100.0,,"34,926,525",-100.0,,"39,278,868",-100.0,,"35,070,205",-100.0,,"39,326,866",-100.0,,"34,909,408",-100.0,"39,708,739",,0.0,"35,174,621",,0.0,"40,673,204",,0.0,"35,761,505",,0.0,"41,076,086",,0.0,"36,446,193",,0.0,"40,810,261",,0.0,"36,266,480",,0.0,"57,667,038",,0.0,"51,635,340",,0.0
R001/8206,강남점,결과,,"2,652,632,216","2,401,381,365",10.5,"430,996,548","420,735,751",2.4,,"438,794,648",-100.0,,"80,232,102",-100.0,,"425,147,552",-100.0,,"80,981,173",-100.0,,"512,095,567",-100.0,,"86,659,460",-100.0,,"482,011,760",-100.0,,"83,735,273",-100.0,,"543,331,838",-100.0,,"89,127,743",-100.0,"473,403,399",,0.0,"78,462,499",,0.0,"465,328,516",,0.0,"85,569,903",,0.0,"552,902,255",,0.0,"92,064,290",,0.0,"501,227,763",,0.0,"80,810,534",,0.0,"659,770,283",,0.0,"94,089,322",,0.0
R001/8206,강남점,B845,모던하우스공통(MODERN HOUSE,"2,354,675,835","2,003,090,920",17.6,"223,299,381","191,173,063",16.8,,"379,009,600",-100.0,,"36,375,505",-100.0,,"360,797,040",-100.0,,"34,296,528",-100.0,,"431,561,930",-100.0,,"41,137,984",-100.0,,"391,795,980",-100.0,,"37,375,830",-100.0,,"439,926,370",-100.0,,"41,987,216",-100.0,"419,925,350",,0.0,"39,973,055",,0.0,"408,343,410",,0.0,"38,777,669",,0.0,"485,616,130",,0.0,"45,924,643",,0.0,"437,804,490",,0.0,"41,401,113",,0.0,"602,986,455",,0.0,"57,222,901",,0.0
R001/8206,강남점,H533,좋은숨,,"12,843,000",-100.0,,"2,685,353",-100.0,,,,,,,,,,,,,,,,,,,,"12,872,000",-100.0,,"2,691,417",-100.0,,"-29,000",100.0,,"-6,064",100.0,,,,,,,,,,,,,,,,,,,,,,,,,,,,,,
R001/8206,강남점,H924,크린위드,"78,945,900","88,305,340",-10.6,"15,789,180","17,661,068",-10.6,,"7,357,720",-100.0,,"1,471,544",-100.0,,"7,690,550",-100.0,,"1,538,110",-100.0,,"24,942,410",-100.0,,"4,988,482",-100.0,,"25,466,210",-100.0,,"5,093,242",-100.0,,"22,848,450",-100.0,,"4,569,690",-100.0,"6,308,150",,0.0,"1,261,630",,0.0,"6,489,050",,0.0,"1,297,810",,0.0,"20,534,700",,0.0,"4,106,940",,0.0,"25,315,250",,0.0,"5,063,050",,0.0,"20,298,750",,0.0,"4,059,750",,0.0
R001/8206,강남점,I062,소요산회,,"44,161,500",-100.0,,"7,949,070",-100.0,,"7,110,000",-100.0,,"1,279,800",-100.0,,"8,080,200",-100.0,,"1,454,436",-100.0,,"7,277,500",-100.0,,"1,309,950",-100.0,,"5,603,400",-100.0,,"1,008,612",-100.0,,"16,090,400",-100.0,,"2,896,272",-100.0,,,,,,,,,,,,,,,,,,,,,,,,,,,,,,
R001/8206,강남점,I102,글라스락,,"5,941,008",-100.0,,"810,136",-100.0,,,,,,,,,,,,,,"5,941,008",-100.0,,"810,136",-100.0,,,,,,,,,,,,,,,,,,,,,,,,,,,,,,,,,,,,,,,,,,
R001/8206,강남점,I417,풀리오,,"15,016,000",-100.0,,"2,352,003",-100.0,,,,,,,,,,,,,,,,,,,,"5,861,000",-100.0,,"919,330",-100.0,,"9,155,000",-100.0,,"1,432,673",-100.0,,,,,,,,,,,,,,,,,,,,,,,,,,,,,,
R001/8206,강남점,I418,하우스웨어,,"12,772,920",-100.0,,"1,509,528",-100.0,,,,,,,,,,,,,,,,,,,,,,,,,,"12,772,920",-100.0,,"1,509,528",-100.0,,,,,,,,,,,,,,,,,,,,,,,,,,,,,,
R001/8206,강남점,I446,네스프레소,,"2,403,000",-100.0,,"327,681",-100.0,,,,,,,,,,,,,,,,,,,,,,,,,,"2,403,000",-100.0,,"327,681",-100.0,,,,,,,,,,,,,,,,,,,,,,,,,,,,,,
R001/8206,강남점,I755,요기보,"6,462,850",,0.0,"881,297",,0.0,,,,,,,,,,,,,,,,,,,,,,,,,,,,,,,"6,462,850",,0.0,"881,297",,0.0,,,,,,,,,,,,,,,,,,,,,,,,
R001/8206,강남점,I778,제주애퐁당,"571,000",,0.0,"77,864",,0.0,,,,,,,,,,,,,,,,,,,,,,,,,,,,,,,"571,000",,0.0,"77,864",,0.0,,,,,,,,,,,,,,,,,,,,,,,,
R001/8206,강남점,#,지정되지 않음,"211,976,631","216,847,677",-2.2,"190,948,826","196,267,849",-2.7,,"45,317,328",-100.0,,"41,105,253",-100.0,,"48,579,762",-100.0,,"43,692,099",-100.0,,"42,372,719",-100.0,,"38,412,908",-100.0,,"40,413,170",-100.0,,"36,646,842",-100.0,,"40,164,698",-100.0,,"36,410,747",-100.0,"40,136,049",,0.0,"36,268,653",,0.0,"50,496,056",,0.0,"45,494,424",,0.0,"46,751,425",,0.0,"42,032,707",,0.0,"38,108,023",,0.0,"34,346,371",,0.0,"36,485,078",,0.0,"32,806,671",,0.0
R001/8208,동수원,결과,,"1,101,172,846","1,240,296,890",-11.2,"207,323,956","340,547,765",-39.1,,"213,856,591",-100.0,,"63,069,959",-100.0,,"233,315,987",-100.0,,"67,521,705",-100.0,,"239,018,676",-100.0,,"65,889,230",-100.0,,"219,287,241",-100.0,,"63,877,617",-100.0,,"334,818,395",-100.0,,"80,189,254",-100.0,"208,246,167",,0.0,"40,244,831",,0.0,"187,256,113",,0.0,"37,574,622",,0.0,"214,352,198",,0.0,"40,127,272",,0.0,"193,060,488",,0.0,"37,928,346",,0.0,"298,257,880",,0.0,"51,448,885",,0.0
R001/8208,동수원,B845,모던하우스공통(MODERN HOUSE,"875,708,580","800,545,020",9.4,"82,047,123","74,999,207",9.4,,"153,636,850",-100.0,,"14,392,824",-100.0,,"141,015,210",-100.0,,"13,212,411",-100.0,,"176,444,420",-100.0,,"16,530,054",-100.0,,"145,332,280",-100.0,,"13,613,590",-100.0,,"184,116,260",-100.0,,"17,250,328",-100.0,"158,760,490",,0.0,"14,873,132",,0.0,"154,979,150",,0.0,"14,517,535",,0.0,"171,945,810",,0.0,"16,114,450",,0.0,"162,853,720",,0.0,"15,260,248",,0.0,"227,169,410",,0.0,"21,281,758",,0.0
R001/8208,동수원,E901,블럭버스,"29,595,900","26,795,900",10.4,"4,035,802","3,653,987",10.4,,"6,415,800",-100.0,,"874,882",-100.0,,"5,854,100",-100.0,,"798,286",-100.0,,"6,155,500",-100.0,,"839,387",-100.0,,"3,557,100",-100.0,,"485,059",-100.0,,"4,813,400",-100.0,,"656,373",-100.0,"6,059,600",,0.0,"826,310",,0.0,"7,213,400",,0.0,"983,644",,0.0,"5,756,600",,0.0,"784,991",,0.0,"5,355,800",,0.0,"730,337",,0.0,"5,210,500",,0.0,"710,520",,0.0
R001/8208,동수원,H545,수엔지,"24,312,100","68,816,300",-64.7,"5,525,477","15,640,067",-64.7,,,,,,,,"16,693,300",-100.0,,"3,793,932",-100.0,,,,,,,,,,,,,,"52,123,000",-100.0,,"11,846,135",-100.0,,,,,,,,,,,,,,,,,,,,,,,,,"24,312,100",,0.0,"5,525,477",,0.0
R001/8208,동수원,H625,알리페즈,"12,175,200",,0.0,"1,660,255",,0.0,,,,,,,,,,,,,,,,,,,,,,,,,,,,,,,,,,,,,,,,,,,"12,175,200",,0.0,"1,660,255",,0.0,,,,,,,,,,,,
R001/8208,동수원,H967,몽드블랑,,"30,778,300",-100.0,,"3,637,434",-100.0,,,,,,,,"16,123,800",-100.0,,"1,905,542",-100.0,,,,,,,,"14,700,100",-100.0,,"1,737,282",-100.0,,"-45,600",100.0,,"-5,390",100.0,,,,,,,,,,,,,,,,,,,,,,,,,,,,,,
R001/8208,동수원,I050,포트메리온,"9,200,500",,0.0,"1,087,334",,0.0,,,,,,,,,,,,,,,,,,,,,,,,,,,,,,,,,,,,,,,,,,,,,,,,,,,,,,,"9,200,500",,0.0,"1,087,334",,0.0
R001/8208,동수원,I102,글라스락,"26,208,700",,0.0,"3,573,915",,0.0,,,,,,,,,,,,,,,,,,,,,,,,,,,,,,,"18,526,000",,0.0,"2,526,273",,0.0,,,,,,,,,,,,,,,,,,,"7,682,700",,0.0,"1,047,642",,0.0
R001/8208,동수원,I214,하늘아이,,"8,011,000",-100.0,,"2,184,818",-100.0,,,,,,,,,,,,,,"2,640,000",-100.0,,"720,000",-100.0,,"2,543,000",-100.0,,"693,545",-100.0,,"2,828,000",-100.0,,"771,273",-100.0,,,,,,,,,,,,,,,,,,,,,,,,,,,,,,
R001/8208,동수원,I220,편안공간,"2,534,000",,0.0,"668,055",,0.0,,,,,,,,,,,,,,,,,,,,,,,,,,,,,,,"432,000",,0.0,"113,891",,0.0,"500,000",,0.0,"131,818",,0.0,"474,000",,0.0,"124,964",,0.0,"598,000",,0.0,"157,655",,0.0,"530,000",,0.0,"139,727",,0.0
R001/8208,동수원,I301,테팔,,"39,046,200",-100.0,,"3,549,656",-100.0,,,,,,,,,,,,,,,,,,,,,,,,,,"39,046,200",-100.0,,"3,549,656",-100.0,,,,,,,,,,,,,,,,,,,,,,,,,,,,,,
R001/8208,동수원,#,지정되지 않음,"121,437,866","266,304,170",-54.4,"108,725,995","236,882,596",-54.1,,"53,803,941",-100.0,,"47,802,253",-100.0,,"53,629,577",-100.0,,"47,811,534",-100.0,,"53,778,756",-100.0,,"47,799,789",-100.0,,"53,154,761",-100.0,,"47,348,141",-100.0,,"51,937,135",-100.0,,"46,120,879",-100.0,"24,468,077",,0.0,"21,905,225",,0.0,"24,563,563",,0.0,"21,941,625",,0.0,"24,000,588",,0.0,"21,442,612",,0.0,"24,252,968",,0.0,"21,780,106",,0.0,"24,152,670",,0.0,"21,656,427",,0.0
R001/8212,순천점,결과,,"1,732,393,244","1,735,105,768",-0.2,"254,810,734","262,352,419",-2.9,,"376,296,356",-100.0,,"58,419,744",-100.0,,"292,212,732",-100.0,,"43,734,328",-100.0,,"387,385,250",-100.0,,"57,255,468",-100.0,,"262,402,349",-100.0,,"40,453,538",-100.0,,"416,809,081",-100.0,,"62,489,341",-100.0,"334,994,821",,0.0,"47,805,329",,0.0,"308,124,018",,0.0,"45,645,053",,0.0,"340,668,427",,0.0,"47,218,538",,0.0,"295,264,954",,0.0,"45,944,465",,0.0,"453,341,024",,0.0,"68,197,349",,0.0
R001/8212,순천점,B845,모던하우스공통(MODERN HOUSE,"770,773,237","724,836,970",6.3,"74,556,360","69,964,478",6.6,,"165,029,970",-100.0,,"15,891,619",-100.0,,"139,553,320",-100.0,,"13,516,788",-100.0,,"141,032,430",-100.0,,"13,566,736",-100.0,,"113,851,700",-100.0,,"11,162,311",-100.0,,"165,369,550",-100.0,,"15,827,024",-100.0,"167,996,527",,0.0,"16,403,298",,0.0,"141,506,780",,0.0,"13,635,060",,0.0,"156,289,210",,0.0,"15,109,202",,0.0,"131,812,320",,0.0,"12,740,970",,0.0,"173,168,400",,0.0,"16,667,830",,0.0
R001/8212,순천점,D927,소프라움,,"60,266,480",-100.0,,"10,957,540",-100.0,,"11,441,650",-100.0,,"2,080,299",-100.0,,"13,844,500",-100.0,,"2,517,183",-100.0,,"11,943,690",-100.0,,"2,171,581",-100.0,,"11,512,500",-100.0,,"2,093,180",-100.0,,"11,524,140",-100.0,,"2,095,297",-100.0,,,,,,,,,,,,,,,,,,,,,,,,,,,,,,
R001/8212,순천점,H499,락앤락,"26,536,200","32,649,100",-18.7,"3,618,571","4,452,151",-18.7,,,,,,,,,,,,,,"32,649,100",-100.0,,"4,452,151",-100.0,,,,,,,,,,,,,,,,,,,,,,,,,"26,536,200",,0.0,"3,618,571",,0.0,0,,0.0,0,,0.0,,,,,,
R001/8212,순천점,H613,레노마홈,"85,667,574","81,322,230",5.3,"15,341,115","14,590,413",5.1,,"19,488,600",-100.0,,"3,504,794",-100.0,,"11,894,150",-100.0,,"2,132,066",-100.0,,"13,850,850",-100.0,,"2,484,958",-100.0,,"15,124,700",-100.0,,"2,721,203",-100.0,,"20,963,930",-100.0,,"3,747,392",-100.0,"19,987,800",,0.0,"3,578,274",,0.0,"15,361,370",,0.0,"2,759,121",,0.0,"15,058,650",,0.0,"2,697,649",,0.0,"13,533,300",,0.0,"2,409,957",,0.0,"21,726,454",,0.0,"3,896,114",,0.0
R001/8212,순천점,H617,리늄아티카,"68,550,700",,0.0,"15,579,695",,0.0,,,,,,,,,,,,,,,,,,,,,,,,,,,,,,,"9,476,000",,0.0,"2,153,634",,0.0,"10,033,000",,0.0,"2,280,223",,0.0,"10,520,000",,0.0,"2,390,909",,0.0,"12,962,500",,0.0,"2,946,023",,0.0,"25,559,200",,0.0,"5,808,906",,0.0
R001/8212,순천점,H625,알리페즈,"97,129,900","154,945,500",-37.3,"14,998,769","23,182,929",-35.3,,"14,126,000",-100.0,,"2,311,526",-100.0,,"14,466,200",-100.0,,"2,367,197",-100.0,,"63,820,800",-100.0,,"9,270,484",-100.0,,"11,317,600",-100.0,,"1,851,974",-100.0,,"51,214,900",-100.0,,"7,381,748",-100.0,"24,824,200",,0.0,"3,787,841",,0.0,"13,674,000",,0.0,"2,237,565",,0.0,"22,829,800",,0.0,"3,447,469",,0.0,"11,396,300",,0.0,"1,864,848",,0.0,"24,405,600",,0.0,"3,661,046",,0.0
R001/8212,순천점,H647,슬립앤슬립,"68,278,000",,0.0,"15,517,722",,0.0,,,,,,,,,,,,,,,,,,,,,,,,,,,,,,,,,,,,,"1,933,000",,0.0,"439,319",,0.0,"18,068,000",,0.0,"4,106,365",,0.0,"24,415,000",,0.0,"5,548,862",,0.0,"23,862,000",,0.0,"5,423,176",,0.0
R001/8212,순천점,H649,아임슬리핑,"83,303,300","74,261,400",12.2,"18,820,661","16,637,953",13.1,,"18,754,000",-100.0,,"4,230,800",-100.0,,"14,943,000",-100.0,,"3,348,954",-100.0,,"12,589,000",-100.0,,"2,838,445",-100.0,,"12,060,000",-100.0,,"2,704,690",-100.0,,"15,915,400",-100.0,,"3,515,064",-100.0,"15,000,000",,0.0,"3,365,928",,0.0,"20,431,700",,0.0,"4,643,568",,0.0,"12,950,500",,0.0,"2,943,295",,0.0,"13,875,000",,0.0,"3,153,409",,0.0,"21,046,100",,0.0,"4,714,461",,0.0
R001/8212,순천점,H796,HTL,"2,650,000",,0.0,"505,909",,0.0,,,,,,,,,,,,,,,,,,,,,,,,,,,,,,,,,,,,,,,,,,,,,,,,,,,,,,,"2,650,000",,0.0,"505,909",,0.0
R001/8212,순천점,H974,샤또,"28,175,000","8,300,000",239.5,"4,610,461","1,358,183",239.5,,,,,,,,,,,,,,,,,,,,,,,,,,"8,300,000",-100.0,,"1,358,183",-100.0,"9,460,000",,0.0,"1,548,000",,0.0,"3,062,000",,0.0,"501,054",,0.0,"3,950,000",,0.0,"646,365",,0.0,"2,047,000",,0.0,"334,966",,0.0,"9,656,000",,0.0,"1,580,076",,0.0
R001/8212,순천점,I050,포트메리온,"24,210,830",,0.0,"2,861,279",,0.0,,,,,,,,,,,,,,,,,,,,,,,,,,,,,,,,,,,,,,,,,,,,,,,,,,,,,,,"24,210,830",,0.0,"2,861,279",,0.0
R001/8212,순천점,I135,나이스필,"60,121,700","79,554,600",-24.4,"12,487,051","16,634,142",-24.9,,"16,852,800",-100.0,,"3,523,766",-100.0,,"9,382,000",-100.0,,"1,961,688",-100.0,,"12,137,500",-100.0,,"2,537,840",-100.0,,"12,453,000",-100.0,,"2,603,811",-100.0,,"28,729,300",-100.0,,"6,007,037",-100.0,"10,785,000",,0.0,"2,255,047",,0.0,"5,934,500",,0.0,"1,240,850",,0.0,"15,438,700",,0.0,"3,228,093",,0.0,"15,013,000",,0.0,"3,055,228",,0.0,"12,950,500",,0.0,"2,707,833",,0.0
R001/8212,순천점,I140,아이엠스타,"748,000","1,306,500",-42.7,"136,000","237,546",-42.7,,"429,500",-100.0,,"78,091",-100.0,,"200,000",-100.0,,"36,364",-100.0,,"214,000",-100.0,,"38,909",-100.0,,"208,000",-100.0,,"37,818",-100.0,,"255,000",-100.0,,"46,364",-100.0,"176,000",,0.0,"32,000",,0.0,"195,000",,0.0,"35,455",,0.0,"208,000",,0.0,"37,818",,0.0,"120,000",,0.0,"21,818",,0.0,"49,000",,0.0,"8,909",,0.0
R001/8212,순천점,I303,코렐,"37,517,025","39,012,490",-3.8,"5,115,961","5,319,885",-3.8,,"11,932,020",-100.0,,"1,627,091",-100.0,,"6,263,770",-100.0,,"854,151",-100.0,,"10,605,010",-100.0,,"1,446,141",-100.0,,"3,689,870",-100.0,,"503,164",-100.0,,"6,521,820",-100.0,,"889,338",-100.0,"7,015,250",,0.0,"956,626",,0.0,"8,581,350",,0.0,"1,170,183",,0.0,"6,657,700",,0.0,"907,870",,0.0,"6,880,310",,0.0,"938,225",,0.0,"8,382,415",,0.0,"1,143,057",,0.0
R001/8212,순천점,I320,레스토닉,"17,614,000","58,349,000",-69.8,"3,682,928","12,200,245",-69.8,,"23,597,000",-100.0,,"4,933,918",-100.0,,"3,620,000",-100.0,,"756,910",-100.0,,"15,254,000",-100.0,,"3,189,472",-100.0,,"5,240,000",-100.0,,"1,095,636",-100.0,,"10,638,000",-100.0,,"2,224,309",-100.0,"2,000,000",,0.0,"418,182",,0.0,"3,429,000",,0.0,"716,973",,0.0,"790,000",,0.0,"165,182",,0.0,"2,179,000",,0.0,"455,609",,0.0,"9,216,000",,0.0,"1,926,982",,0.0
R001/8212,순천점,I415,코르시카나,,"3,970,000",-100.0,,"830,090",-100.0,,,,,,,,,,,,,,"100,000",-100.0,,"20,909",-100.0,,"3,780,000",-100.0,,"790,363",-100.0,,"90,000",-100.0,,"18,818",-100.0,,,,,,,,,,,,,,,,,,,,,,,,,,,,,,
R001/8212,순천점,I500,소피의 가게,"57,319,200",,0.0,"11,984,923",,0.0,,,,,,,,,,,,,,,,,,,,,,,,,,,,,,,"10,333,000",,0.0,"2,160,538",,0.0,"4,422,000",,0.0,"924,598",,0.0,"11,375,000",,0.0,"2,378,409",,0.0,"11,086,000",,0.0,"2,317,982",,0.0,"20,103,200",,0.0,"4,203,396",,0.0
R001/8212,순천점,I886,엘르홈,"35,553,000","55,369,000",-35.8,"6,464,183","10,067,094",-35.8,,"10,581,000",-100.0,,"1,923,819",-100.0,,"10,885,000",-100.0,,"1,979,088",-100.0,,"10,076,000",-100.0,,"1,832,000",-100.0,,"10,658,000",-100.0,,"1,937,822",-100.0,,"13,169,000",-100.0,,"2,394,365",-100.0,"7,121,000",,0.0,"1,294,728",,0.0,"6,820,000",,0.0,"1,240,002",,0.0,"6,239,000",,0.0,"1,134,365",,0.0,"5,600,000",,0.0,"1,018,183",,0.0,"9,773,000",,0.0,"1,776,905",,0.0
R001/8212,순천점,T127,한국도자기,"138,616,268","133,809,426",3.6,"27,855,990","27,207,758",2.4,,"28,791,508",-100.0,,"5,889,180",-100.0,,"27,703,258",-100.0,,"5,666,579",-100.0,,"27,250,020",-100.0,,"5,573,868",-100.0,,"24,915,410",-100.0,,"4,934,680",-100.0,,"25,149,230",-100.0,,"5,143,451",-100.0,"27,105,470",,0.0,"5,544,303",,0.0,"32,372,680",,0.0,"6,349,661",,0.0,"22,396,790",,0.0,"4,581,160",,0.0,"27,095,878",,0.0,"5,370,815",,0.0,"29,645,450",,0.0,"6,010,051",,0.0
R001/8212,순천점,T546,인까사,,"5,390,000",-100.0,,"1,126,999",-100.0,,"5,390,000",-100.0,,"1,126,999",-100.0,,,,,,,,,,,,,,,,,,,,0,0.0,,0,0.0,,,,,,,,,,,,,,,,,,,,,,,,,,,,,,
R001/8212,순천점,T642,헤지스홈,"86,331,100","75,078,600",15.0,"16,404,002","14,643,427",12.0,,"16,882,500",-100.0,,"3,346,483",-100.0,,"12,370,000",-100.0,,"2,449,491",-100.0,,"11,823,000",-100.0,,"2,323,691",-100.0,,"12,978,800",-100.0,,"2,531,178",-100.0,,"21,024,300",-100.0,,"3,992,584",-100.0,"10,942,400",,0.0,"2,078,385",,0.0,"14,267,000",,0.0,"2,703,617",,0.0,"11,048,200",,0.0,"2,173,581",,0.0,"13,769,600",,0.0,"2,606,973",,0.0,"36,303,900",,0.0,"6,841,446",,0.0
R001/8212,순천점,T657,흙표흙침대,"8,900,000","78,167,000",-88.6,"1,375,455","12,080,354",-88.6,,"19,310,000",-100.0,,"2,984,271",-100.0,,"10,860,000",-100.0,,"1,678,363",-100.0,,"13,427,000",-100.0,,"2,075,083",-100.0,,"11,090,000",-100.0,,"1,713,908",-100.0,,"23,480,000",-100.0,,"3,628,729",-100.0,,,,,,,"8,900,000",,0.0,"1,375,455",,0.0,0,,0.0,0,,0.0,,,,,,,,,,,,
R001/8212,순천점,T821,클푸,"22,713,000","49,734,000",-54.3,"4,503,255","9,946,637",-54.7,,"8,531,000",-100.0,,"1,706,037",-100.0,,"12,696,000",-100.0,,"2,539,200",-100.0,,"7,566,000",-100.0,,"1,513,200",-100.0,,"10,259,000",-100.0,,"2,051,800",-100.0,,"10,682,000",-100.0,,"2,136,400",-100.0,"9,352,000",,0.0,"1,870,400",,0.0,"13,361,000",,0.0,"2,632,855",,0.0,,,,,,,,,,,,,,,,,,
R001/8212,순천점,#,지정되지 않음,"11,685,210","18,783,472",-37.8,"-1,609,556","10,914,595",-114.7,,"5,158,808",-100.0,,"3,261,051",-100.0,,"3,531,534",-100.0,,"1,930,306",-100.0,,"3,046,850",-100.0,,"1,920,000",-100.0,,"3,263,769",-100.0,,"1,720,000",-100.0,,"3,782,511",-100.0,,"2,083,238",-100.0,"3,420,174",,0.0,"358,145",,0.0,"3,839,638",,0.0,"759,494",,0.0,"312,677",,0.0,"-2,347,765",,0.0,"3,479,746",,0.0,"1,160,597",,0.0,"632,975",,0.0,"-1,540,027",,0.0
R001/8215,산본점,결과,,"3,261,379,803","286,383,619","1,038.8","355,213,893","75,693,877",369.3,,"21,346,451",-100.0,,"8,878,271",-100.0,,"94,681,420",-100.0,,"19,623,031",-100.0,,"102,610,229",-100.0,,"23,531,045",-100.0,,"40,555,864",-100.0,,"12,975,804",-100.0,,"27,189,655",-100.0,,"10,685,726",-100.0,"601,951,409",,0.0,"64,548,924",,0.0,"648,769,239",,0.0,"71,944,746",,0.0,"659,286,206",,0.0,"72,990,018",,0.0,"654,936,122",,0.0,"69,582,709",,0.0,"696,436,827",,0.0,"76,147,496",,0.0
R001/8215,산본점,D355,글라스락,,"19,155,800",-100.0,,"2,612,150",-100.0,,,,,,,,,,,,,,"17,629,900",-100.0,,"2,404,073",-100.0,,"1,525,900",-100.0,,"208,077",-100.0,,,,,,,,,,,,,,,,,,,,,,,,,,,,,,,,,,,,
R001/8215,산본점,H499,락앤락,"52,454,200","68,645,902",-23.6,"7,152,844","9,360,804",-23.6,,,,,,,,"68,645,902",-100.0,,"9,360,804",-100.0,,0,0.0,,0,0.0,,,,,,,,,,,,,,,,,,,"52,454,200",,0.0,"7,152,844",,0.0,,,,,,,,,,,,,,,,,,
R001/8215,산본점,H545,수엔지,"127,737,200","126,227,300",1.2,"29,031,175","28,688,013",1.2,,"14,412,100",-100.0,,"3,275,474",-100.0,,"20,501,500",-100.0,,"4,659,430",-100.0,,"42,730,300",-100.0,,"9,711,427",-100.0,,"28,027,800",-100.0,,"6,369,956",-100.0,,"20,555,600",-100.0,,"4,671,726",-100.0,"13,664,700",,0.0,"3,105,610",,0.0,"21,072,800",,0.0,"4,789,270",,0.0,"38,275,500",,0.0,"8,698,979",,0.0,"15,491,600",,0.0,"3,520,817",,0.0,"39,232,600",,0.0,"8,916,499",,0.0
R001/8215,산본점,H625,알리페즈,,"13,831,000",-100.0,,"1,886,041",-100.0,,,,,,,,,,,,,,"12,220,000",-100.0,,"1,666,360",-100.0,,"1,611,000",-100.0,,"219,681",-100.0,,,,,,,,,,,,,,,,,,,,,,,,,,,,,,,,,,,,
R001/8215,산본점,H628,ELO,,"26,253,016",-100.0,,"4,773,275",-100.0,,,,,,,,,,,,,,"23,497,016",-100.0,,"4,272,185",-100.0,,"2,756,000",-100.0,,"501,090",-100.0,,,,,,,,,,,,,,,,,,,,,,,,,,,,,,,,,,,,
R001/8215,산본점,I220,편안공간,"3,147,500",,0.0,"773,377",,0.0,,,,,,,,,,,,,,,,,,,,,,,,,,,,,,,"1,233,500",,0.0,"301,431",,0.0,,,,,,,"660,000",,0.0,"162,509",,0.0,"1,254,000",,0.0,"309,437",,0.0,,,,,,
R001/8215,산본점,I476,만월경,"4,100,900",,0.0,"447,371",,0.0,,,,,,,,,,,,,,,,,,,,,,,,,,,,,,,"892,400",,0.0,"97,353",,0.0,"789,600",,0.0,"86,138",,0.0,"793,900",,0.0,"86,607",,0.0,"777,000",,0.0,"84,764",,0.0,"848,000",,0.0,"92,509",,0.0
R001/8215,산본점,I711,맥스온누리 약국,"3,026,044,930",,0.0,"275,094,999",,0.0,,,,,,,,,,,,,,,,,,,,,,,,,,,,,,,"576,416,997",,0.0,"52,401,546",,0.0,"564,726,800",,0.0,"51,338,800",,0.0,"609,953,913",,0.0,"55,450,360",,0.0,"627,851,890",,0.0,"57,077,443",,0.0,"647,095,330",,0.0,"58,826,850",,0.0
R001/8215,산본점,#,지정되지 않음,"47,895,073","32,270,601",48.4,"42,714,127","28,373,594",50.5,,"6,934,351",-100.0,,"5,602,797",-100.0,,"5,534,018",-100.0,,"5,602,797",-100.0,,"6,533,013",-100.0,,"5,477,000",-100.0,,"6,635,164",-100.0,,"5,677,000",-100.0,,"6,634,055",-100.0,,"6,014,000",-100.0,"9,743,812",,0.0,"8,642,984",,0.0,"9,725,839",,0.0,"8,577,694",,0.0,"9,602,893",,0.0,"8,591,563",,0.0,"9,561,632",,0.0,"8,590,248",,0.0,"9,260,897",,0.0,"8,311,638",,0.0
R001/8216,울산점,결과,,"657,453,994","645,408,998",1.9,"178,111,739","180,814,981",-1.5,,"143,529,327",-100.0,,"37,933,254",-100.0,,"117,918,152",-100.0,,"34,758,416",-100.0,,"153,961,137",-100.0,,"39,381,612",-100.0,,"108,845,559",-100.0,,"33,815,937",-100.0,,"121,154,823",-100.0,,"34,925,762",-100.0,"122,590,301",,0.0,"35,120,389",,0.0,"134,584,585",,0.0,"35,962,787",,0.0,"123,045,704",,0.0,"34,753,343",,0.0,"130,220,895",,0.0,"35,993,222",,0.0,"147,012,509",,0.0,"36,281,998",,0.0
R001/8216,울산점,B845,모던하우스공통(MODERN HOUSE,"440,326,170","411,289,584",7.1,"41,234,604","38,514,030",7.1,,"87,377,060",-100.0,,"8,181,668",-100.0,,"80,076,390",-100.0,,"7,498,069",-100.0,,"83,727,570",-100.0,,"7,839,947",-100.0,,"74,290,944",-100.0,,"6,956,330",-100.0,,"85,817,620",-100.0,,"8,038,016",-100.0,"77,976,740",,0.0,"7,301,515",,0.0,"93,852,090",,0.0,"8,788,011",,0.0,"81,113,690",,0.0,"7,595,190",,0.0,"81,433,180",,0.0,"7,625,107",,0.0,"105,950,470",,0.0,"9,924,781",,0.0
R001/8216,울산점,H625,알리페즈,,"17,565,100",-100.0,,"2,395,238",-100.0,,"17,565,100",-100.0,,"2,395,238",-100.0,,,,,,,,,,,,,,,,,,,,,,,,,,,,,,,,,,,,,,,,,,,,,,,,,,,,,,
R001/8216,울산점,H773,커스티,"3,016,200",,0.0,"685,500",,0.0,,,,,,,,,,,,,,,,,,,,,,,,,,,,,,,"3,016,200",,0.0,"685,500",,0.0,,,,,,,,,,,,,,,,,,,,,,,,
R001/8216,울산점,H915,다원레져,"4,737,600","7,250,000",-34.7,"861,382","1,318,182",-34.7,,"2,140,000",-100.0,,"389,091",-100.0,,"1,980,000",-100.0,,"360,000",-100.0,,"1,050,000",-100.0,,"190,909",-100.0,,"1,210,000",-100.0,,"220,000",-100.0,,"870,000",-100.0,,"158,182",-100.0,"1,000,000",,0.0,"181,818",,0.0,"966,000",,0.0,"175,636",,0.0,"1,066,600",,0.0,"193,927",,0.0,"650,000",,0.0,"118,182",,0.0,"1,055,000",,0.0,"191,819",,0.0
R001/8216,울산점,I050,포트메리온,,"32,909,198",-100.0,,"4,418,218",-100.0,,,,,,,,,,,,,,"32,909,198",-100.0,,"4,418,218",-100.0,,,,,,,,,,,,,,,,,,,,,,,,,,,,,,,,,,,,,,,,,,
R001/8216,울산점,I128,유원토이,,"108,000",-100.0,,"34,364",-100.0,,,,,,,,,,,,,,"108,000",-100.0,,"34,364",-100.0,,,,,,,,,,,,,,,,,,,,,,,,,,,,,,,,,,,,,,,,,,
R001/8216,울산점,I278,울산점자판기센터,"5,973,100","5,847,500",2.1,"651,612","637,909",2.1,,"1,270,100",-100.0,,"138,556",-100.0,,"1,055,600",-100.0,,"115,156",-100.0,,"1,053,100",-100.0,,"114,884",-100.0,,"1,267,700",-100.0,,"138,295",-100.0,,"1,201,000",-100.0,,"131,018",-100.0,"1,261,100",,0.0,"137,575",,0.0,"1,189,400",,0.0,"129,753",,0.0,"942,900",,0.0,"102,862",,0.0,"1,327,400",,0.0,"144,808",,0.0,"1,252,300",,0.0,"136,614",,0.0
R001/8216,울산점,I336,라쿠모,,"766,000",-100.0,,"146,236",-100.0,,"359,000",-100.0,,"68,536",-100.0,,"308,000",-100.0,,"58,800",-100.0,,"99,000",-100.0,,"18,900",-100.0,,,,,,,,,,,,,,,,,,,,,,,,,,,,,,,,,,,,,,,,,,
R001/8216,울산점,I368,리빙아트,"5,994,200",,0.0,"1,253,334",,0.0,,,,,,,,,,,,,,,,,,,,,,,,,,,,,,,,,,,,,,,,,,,,,,,,,"5,994,200",,0.0,"1,253,334",,0.0,,,,,,
R001/8216,울산점,I720,토이월드,"3,139,300",,0.0,"428,086",,0.0,,,,,,,,,,,,,,,,,,,,,,,,,,,,,,,"736,100",,0.0,"100,377",,0.0,"894,000",,0.0,"121,909",,0.0,"596,400",,0.0,"81,327",,0.0,"383,400",,0.0,"52,282",,0.0,"529,400",,0.0,"72,191",,0.0
R001/8216,울산점,I815,바디프랜드,"2,914,800",,0.0,"794,947",,0.0,,,,,,,,,,,,,,,,,,,,,,,,,,,,,,,"579,900",,0.0,"158,155",,0.0,"686,300",,0.0,"187,173",,0.0,"468,100",,0.0,"127,664",,0.0,"508,500",,0.0,"138,682",,0.0,"672,000",,0.0,"183,273",,0.0
R001/8216,울산점,I832,타파웨어,"8,440,910",,0.0,"1,074,298",,0.0,,,,,,,,,,,,,,,,,,,,,,,,,,,,,,,"4,767,010",,0.0,"606,711",,0.0,"3,673,900",,0.0,"467,587",,0.0,,,,,,,,,,,,,,,,,,
R001/8216,울산점,I845,레저로파크골프,"21,254,500",,0.0,"2,254,566",,0.0,,,,,,,,,,,,,,,,,,,,,,,,,,,,,,,,,,,,,0,,0.0,0,,0.0,"6,222,500",,0.0,"656,564",,0.0,"9,092,000",,0.0,"969,200",,0.0,"5,940,000",,0.0,"628,802",,0.0
R001/8216,울산점,I891,헬로방방,"17,224,400","21,404,400",-19.5,"1,722,440","2,140,440",-19.5,,"5,165,000",-100.0,,"516,500",-100.0,,"4,806,500",-100.0,,"480,650",-100.0,,"5,152,700",-100.0,,"515,270",-100.0,,"2,473,200",-100.0,,"247,320",-100.0,,"3,807,000",-100.0,,"380,700",-100.0,"4,211,300",,0.0,"421,130",,0.0,"3,943,000",,0.0,"394,300",,0.0,"3,556,500",,0.0,"355,650",,0.0,"1,946,100",,0.0,"194,610",,0.0,"3,567,500",,0.0,"356,750",,0.0
R001/8216,울산점,#,지정되지 않음,"144,432,814","148,269,216",-2.6,"127,150,970","131,210,364",-3.1,,"29,653,067",-100.0,,"26,243,665",-100.0,,"29,691,662",-100.0,,"26,245,741",-100.0,,"29,861,569",-100.0,,"26,249,120",-100.0,,"29,603,715",-100.0,,"26,253,992",-100.0,,"29,459,203",-100.0,,"26,217,846",-100.0,"29,041,951",,0.0,"25,527,608",,0.0,"29,379,895",,0.0,"25,698,418",,0.0,"29,079,014",,0.0,"25,640,159",,0.0,"28,886,115",,0.0,"25,497,017",,0.0,"28,045,839",,0.0,"24,787,768",,0.0
R001/8217,광명점,결과,,"677,378,909","715,939,442",-5.4,"102,090,497","106,685,865",-4.3,,"153,187,747",-100.0,,"21,272,766",-100.0,,"147,860,134",-100.0,,"23,599,357",-100.0,,"138,287,119",-100.0,,"19,053,668",-100.0,,"114,595,535",-100.0,,"16,207,118",-100.0,,"162,008,907",-100.0,,"26,552,956",-100.0,"139,052,627",,0.0,"20,573,366",,0.0,"101,309,116",,0.0,"14,611,638",,0.0,"135,229,162",,0.0,"19,931,618",,0.0,"159,955,169",,0.0,"22,846,732",,0.0,"141,832,835",,0.0,"24,127,143",,0.0
R001/8217,광명점,B845,모던하우스공통(MODERN HOUSE,"304,010,380","342,671,020",-11.3,"28,996,943","32,602,602",-11.1,,"66,587,040",-100.0,,"6,305,393",-100.0,,"63,840,010",-100.0,,"6,057,984",-100.0,,"73,786,730",-100.0,,"7,004,168",-100.0,,"61,507,680",-100.0,,"5,915,219",-100.0,,"76,949,560",-100.0,,"7,319,838",-100.0,"55,573,460",,0.0,"5,295,920",,0.0,"57,645,110",,0.0,"5,512,425",,0.0,"63,233,790",,0.0,"6,047,236",,0.0,"55,487,220",,0.0,"5,279,610",,0.0,"72,070,800",,0.0,"6,861,752",,0.0
R001/8217,광명점,D069,무인상점24,,"3,613,820",-100.0,,"492,793",-100.0,,"561,200",-100.0,,"76,527",-100.0,,"1,280,420",-100.0,,"174,603",-100.0,,"1,772,200",-100.0,,"241,663",-100.0,,,,,,,,,,,,,,,,,,,,,,,,,,,,,,,,,,,,,,,,,,
R001/8217,광명점,H499,락앤락,"44,424,988","44,485,800",-0.1,"6,057,958","6,066,245",-0.1,,"44,513,800",-100.0,,"6,070,064",-100.0,,,,,,,,,,,,,,"-28,000",100.0,,"-3,819",100.0,,,,,,,,,,,,,,,,,,,,,,,,,"44,424,988",,0.0,"6,057,958",,0.0,,,,,,
R001/8217,광명점,H545,수엔지,"10,502,100","19,715,600",-46.7,"2,386,840","4,480,818",-46.7,,0,0.0,,0,0.0,,"19,715,600",-100.0,,"4,480,818",-100.0,,,,,,,,,,,,,,,,,,,,,,,,,"-230,000",,0.0,"-52,273",,0.0,"10,732,100",,0.0,"2,439,113",,0.0,,,,,,,,,,,,
R001/8217,광명점,H628,ELO,,"22,669,000",-100.0,,"4,121,635",-100.0,,,,,,,,"22,669,000",-100.0,,"4,121,635",-100.0,,,,,,,,,,,,,,,,,,,,,,,,,,,,,,,,,,,,,,,,,,,,,,,,
R001/8217,광명점,H649,아임슬리핑,,"12,432,000",-100.0,,"2,486,400",-100.0,,,,,,,,,,,,,,,,,,,,,,,,,,"12,432,000",-100.0,,"2,486,400",-100.0,,,,,,,,,,,,,,,,,,,,,,,,,,,,,,
R001/8217,광명점,H671,꽃길걷다,"56,628,900","52,648,020",7.6,"8,494,335","7,897,202",7.6,,"10,874,500",-100.0,,"1,631,175",-100.0,,"8,248,800",-100.0,,"1,237,320",-100.0,,"6,388,300",-100.0,,"958,245",-100.0,,"5,846,000",-100.0,,"876,900",-100.0,,"21,290,420",-100.0,,"3,193,562",-100.0,"11,196,400",,0.0,"1,679,460",,0.0,"8,267,600",,0.0,"1,240,140",,0.0,"7,212,500",,0.0,"1,081,875",,0.0,"6,367,200",,0.0,"955,080",,0.0,"23,585,200",,0.0,"3,537,780",,0.0
R001/8217,광명점,I056,크린토피아,"132,948,436","130,026,240",2.2,"18,129,331","17,730,861",2.2,,"14,039,000",-100.0,,"1,914,414",-100.0,,"13,997,700",-100.0,,"1,908,781",-100.0,,"37,968,460",-100.0,,"5,177,516",-100.0,,"33,310,030",-100.0,,"4,542,274",-100.0,,"30,711,050",-100.0,,"4,187,876",-100.0,"14,141,130",,0.0,"1,928,335",,0.0,"18,321,990",,0.0,"2,498,452",,0.0,"36,165,860",,0.0,"4,931,709",,0.0,"39,581,326",,0.0,"5,397,458",,0.0,"24,738,130",,0.0,"3,373,377",,0.0
R001/8217,광명점,I102,글라스락,"39,314,400",,0.0,"5,361,054",,0.0,,,,,,,,,,,,,,,,,,,,,,,,,,,,,,,"39,314,400",,0.0,"5,361,054",,0.0,,,,,,,,,,,,,,,,,,,,,,,,
R001/8217,광명점,I220,편안공간,"3,833,500","3,074,500",24.7,"871,251","698,749",24.7,,,,,,,,"763,000",-100.0,,"173,409",-100.0,,"782,000",-100.0,,"177,727",-100.0,,"790,000",-100.0,,"179,545",-100.0,,"739,500",-100.0,,"168,068",-100.0,"906,500",,0.0,"206,023",,0.0,"634,500",,0.0,"144,205",,0.0,"810,500",,0.0,"184,205",,0.0,"723,500",,0.0,"164,431",,0.0,"758,500",,0.0,"172,387",,0.0
R001/8217,광명점,I341,캐치티니핑,"648,000","1,052,700",-38.4,"117,818","191,401",-38.4,,,,,,,,"131,200",-100.0,,"23,855",-100.0,,"343,500",-100.0,,"62,455",-100.0,,"344,900",-100.0,,"62,709",-100.0,,"233,100",-100.0,,"42,382",-100.0,"174,000",,0.0,"31,636",,0.0,"144,000",,0.0,"26,182",,0.0,"110,000",,0.0,"20,000",,0.0,"110,000",,0.0,"20,000",,0.0,"110,000",,0.0,"20,000",,0.0
R001/8217,광명점,I476,만월경,"8,258,200",,0.0,"900,895",,0.0,,,,,,,,,,,,,,,,,,,,,,,,,,,,,,,"1,797,900",,0.0,"196,135",,0.0,"1,739,700",,0.0,"189,785",,0.0,"1,511,800",,0.0,"164,924",,0.0,"1,750,400",,0.0,"190,953",,0.0,"1,458,400",,0.0,"159,098",,0.0
R001/8217,광명점,T680,브루미즈,"50,184,500","59,811,920",-16.1,"9,124,452","10,874,891",-16.1,,"12,742,300",-100.0,,"2,316,784",-100.0,,"13,333,500",-100.0,,"2,424,273",-100.0,,"13,484,000",-100.0,,"2,451,636",-100.0,,"9,072,620",-100.0,,"1,649,565",-100.0,,"11,179,500",-100.0,,"2,032,633",-100.0,"11,829,500",,0.0,"2,150,816",,0.0,"10,351,600",,0.0,"1,882,111",,0.0,"10,765,000",,0.0,"1,957,274",,0.0,"7,132,400",,0.0,"1,296,796",,0.0,"10,106,000",,0.0,"1,837,455",,0.0
R001/8217,광명점,#,지정되지 않음,"26,625,505","23,738,822",12.2,"21,649,620","19,042,268",13.7,,"3,869,907",-100.0,,"2,958,409",-100.0,,"3,880,904",-100.0,,"2,996,679",-100.0,,"3,761,929",-100.0,,"2,980,258",-100.0,,"3,752,305",-100.0,,"2,984,725",-100.0,,"8,473,777",-100.0,,"7,122,197",-100.0,"4,119,337",,0.0,"3,723,987",,0.0,"4,434,616",,0.0,"3,170,611",,0.0,"4,687,612",,0.0,"3,105,282",,0.0,"4,378,135",,0.0,"3,484,446",,0.0,"9,005,805",,0.0,"8,165,294",,0.0
R001/8218,괴정점,결과,,"1,117,514,738","971,646,083",15.0,"151,434,162","131,830,117",14.9,,"165,722,002",-100.0,,"21,934,366",-100.0,,"199,130,578",-100.0,,"27,556,299",-100.0,,"262,237,587",-100.0,,"36,171,713",-100.0,,"166,883,660",-100.0,,"22,593,969",-100.0,,"177,672,256",-100.0,,"23,573,770",-100.0,"219,731,495",,0.0,"29,281,956",,0.0,"191,293,056",,0.0,"29,171,047",,0.0,"227,695,954",,0.0,"27,192,460",,0.0,"205,582,181",,0.0,"29,657,627",,0.0,"273,212,052",,0.0,"36,131,072",,0.0
R001/8218,괴정점,B845,모던하우스공통(MODERN HOUSE,"807,411,160","752,853,520",7.2,"75,607,681","70,505,467",7.2,,"157,062,780",-100.0,,"14,709,015",-100.0,,"128,942,460",-100.0,,"12,077,048",-100.0,,"144,358,900",-100.0,,"13,518,029",-100.0,,"155,848,510",-100.0,,"14,594,707",-100.0,,"166,640,870",-100.0,,"15,606,668",-100.0,"139,868,960",,0.0,"13,096,933",,0.0,"144,857,790",,0.0,"13,564,142",,0.0,"169,409,800",,0.0,"15,862,984",,0.0,"163,659,830",,0.0,"15,324,508",,0.0,"189,614,780",,0.0,"17,759,114",,0.0
R001/8218,괴정점,H499,락앤락,"60,172,480","108,091,520",-44.3,"8,205,339","14,739,755",-44.3,,,,,,,,,,,,,,"108,130,520",-100.0,,"14,745,072",-100.0,,,,,,,,"-39,000",100.0,,"-5,317",100.0,"-39,800",,0.0,"-5,428",,0.0,,,,,,,,,,,,,,,,,,,"60,212,280",,0.0,"8,210,767",,0.0
R001/8218,괴정점,H625,알리페즈,"43,491,600","31,306,700",38.9,"5,930,676","4,269,095",38.9,,,,,,,,"31,306,700",-100.0,,"4,269,095",-100.0,,,,,,,,,,,,,,,,,,,"43,491,600",,0.0,"5,930,676",,0.0,,,,,,,,,,,,,,,,,,,,,,,,
R001/8218,괴정점,H773,커스티,"83,006,150",,0.0,"18,865,033",,0.0,,,,,,,,,,,,,,,,,,,,,,,,,,,,,,,,,,,,,"36,528,440",,0.0,"8,301,919",,0.0,,,,,,,"32,632,270",,0.0,"7,416,425",,0.0,"13,845,440",,0.0,"3,146,689",,0.0
R001/8218,괴정점,H915,다원레져,"7,246,500","3,758,000",92.8,"1,317,545","683,273",92.8,,,,,,,,,,,,,,,,,,,,"1,634,500",-100.0,,"297,182",-100.0,,"2,123,500",-100.0,,"386,091",-100.0,"1,489,000",,0.0,"270,727",,0.0,"1,600,500",,0.0,"291,000",,0.0,"1,316,500",,0.0,"239,364",,0.0,"1,439,500",,0.0,"261,727",,0.0,"1,401,000",,0.0,"254,727",,0.0
R001/8218,괴정점,I050,포트메리온,"27,065,540","30,064,840",-10.0,"3,198,654","3,962,544",-19.3,,,,,,,,"30,064,840",-100.0,,"3,962,544",-100.0,,,,,,,,,,,,,,,,,,,"27,065,540",,0.0,"3,198,654",,0.0,,,,,,,,,,,,,,,,,,,,,,,,
R001/8218,괴정점,I301,테팔,"48,842,200",,0.0,"4,440,200",,0.0,,,,,,,,,,,,,,,,,,,,,,,,,,,,,,,,,,,,,,,,,,,"49,061,100",,0.0,"4,460,100",,0.0,"-218,900",,0.0,"-19,900",,0.0,,,,,,
R001/8218,괴정점,I324,델란(솜사탕자판기),"3,295,000","5,145,000",-36.0,"748,863","1,169,318",-36.0,,"900,000",-100.0,,"204,545",-100.0,,"1,035,000",-100.0,,"235,227",-100.0,,"1,315,000",-100.0,,"298,864",-100.0,,"1,165,000",-100.0,,"264,773",-100.0,,"730,000",-100.0,,"165,909",-100.0,"400,000",,0.0,"90,909",,0.0,"680,000",,0.0,"154,545",,0.0,"590,000",,0.0,"134,091",,0.0,"815,000",,0.0,"185,227",,0.0,"810,000",,0.0,"184,091",,0.0
R001/8218,괴정점,#,지정되지 않음,"36,984,108","40,426,503",-8.5,"33,120,171","36,500,665",-9.3,,"7,759,222",-100.0,,"7,020,806",-100.0,,"7,781,578",-100.0,,"7,012,385",-100.0,,"8,433,167",-100.0,,"7,609,748",-100.0,,"8,235,650",-100.0,,"7,437,307",-100.0,,"8,216,886",-100.0,,"7,420,419",-100.0,"7,456,195",,0.0,"6,699,485",,0.0,"7,626,326",,0.0,"6,859,441",,0.0,"7,318,554",,0.0,"6,495,921",,0.0,"7,254,481",,0.0,"6,489,640",,0.0,"7,328,552",,0.0,"6,575,684",,0.0
R001/8219,울산2점,결과,,"75,048,004","3,005,888","2,396.7","45,468,693","1,866,400","2,336.2",,"583,303",-100.0,,"354,870",-100.0,,"467,823",-100.0,,"334,394",-100.0,,"1,030,544",-100.0,,"509,766",-100.0,,"421,525",-100.0,,"326,055",-100.0,,"502,693",-100.0,,"341,315",-100.0,"13,114,473",,0.0,"8,560,458",,0.0,"14,779,979",,0.0,"9,219,670",,0.0,"15,455,782",,0.0,"9,315,464",,0.0,"13,805,913",,0.0,"9,162,952",,0.0,"17,891,857",,0.0,"9,210,149",,0.0
R001/8219,울산2점,I128,유원토이,"852,000","537,000",58.7,"271,091","170,864",58.7,,,,,,,,,,,,,,"537,000",-100.0,,"170,864",-100.0,,,,,,,,,,,,,,,,,,,,,,,,,,,,,,,"852,000",,0.0,"271,091",,0.0,,,,,,
R001/8219,울산2점,I140,아이엠스타,"870,500","760,500",14.5,"158,272","138,272",14.5,,"241,500",-100.0,,"43,909",-100.0,,"125,500",-100.0,,"22,818",-100.0,,"152,000",-100.0,,"27,636",-100.0,,"80,500",-100.0,,"14,636",-100.0,,"161,000",-100.0,,"29,273",-100.0,"225,500",,0.0,"41,000",,0.0,,,,,,,"285,000",,0.0,"51,818",,0.0,,,,,,,"360,000",,0.0,"65,454",,0.0
R001/8219,울산2점,I720,토이월드,"1,019,500",,0.0,"139,022",,0.0,,,,,,,,,,,,,,,,,,,,,,,,,,,,,,,"361,000",,0.0,"49,227",,0.0,"97,500",,0.0,"13,295",,0.0,,,,,,,,,,,,,"561,000",,0.0,"76,500",,0.0
R001/8219,울산2점,I781,디바코,"27,647,200",,0.0,"5,026,762",,0.0,,,,,,,,,,,,,,,,,,,,,,,,,,,,,,,"3,844,000",,0.0,"698,910",,0.0,"5,539,400",,0.0,"1,007,165",,0.0,"6,059,200",,0.0,"1,101,673",,0.0,"3,919,600",,0.0,"712,655",,0.0,"8,285,000",,0.0,"1,506,359",,0.0
R001/8219,울산2점,I815,바디프랜드,"396,100",,0.0,"108,027",,0.0,,,,,,,,,,,,,,,,,,,,,,,,,,,,,,,"54,000",,0.0,"14,727",,0.0,"65,700",,0.0,"17,918",,0.0,"100,000",,0.0,"27,273",,0.0,,,,,,,"176,400",,0.0,"48,109",,0.0
R001/8219,울산2점,#,지정되지 않음,"44,262,704","1,708,388","2,490.9","39,765,519","1,557,264","2,453.6",,"341,803",-100.0,,"310,961",-100.0,,"342,323",-100.0,,"311,576",-100.0,,"341,544",-100.0,,"311,266",-100.0,,"341,025",-100.0,,"311,419",-100.0,,"341,693",-100.0,,"312,042",-100.0,"8,629,973",,0.0,"7,756,594",,0.0,"9,077,379",,0.0,"8,181,292",,0.0,"9,011,582",,0.0,"8,134,700",,0.0,"9,034,313",,0.0,"8,179,206",,0.0,"8,509,457",,0.0,"7,513,727",,0.0
R001/8220,창원점,결과,,"1,802,017,545","1,634,745,914",10.2,"176,956,660","156,630,939",13.0,,"317,048,239",-100.0,,"32,519,611",-100.0,,"311,776,378",-100.0,,"23,030,758",-100.0,,"379,068,290",-100.0,,"38,421,878",-100.0,,"243,381,099",-100.0,,"24,738,298",-100.0,,"383,471,908",-100.0,,"37,920,394",-100.0,"316,307,100",,0.0,"31,481,330",,0.0,"334,272,987",,0.0,"33,130,335",,0.0,"409,227,827",,0.0,"39,047,675",,0.0,"270,998,510",,0.0,"27,262,157",,0.0,"471,211,121",,0.0,"46,035,163",,0.0
R001/8220,창원점,B845,모던하우스공통(MODERN HOUSE,"1,776,161,790","1,544,507,610",15.0,"166,749,037","144,691,945",15.2,,"291,646,310",-100.0,,"27,324,571",-100.0,,"279,910,990",-100.0,,"26,218,860",-100.0,,"352,654,830",-100.0,,"33,033,011",-100.0,,"240,985,580",-100.0,,"22,574,406",-100.0,,"379,309,900",-100.0,,"35,541,097",-100.0,"314,026,010",,0.0,"29,435,170",,0.0,"332,019,080",,0.0,"31,111,549",,0.0,"406,235,030",,0.0,"38,103,038",,0.0,"268,690,860",,0.0,"25,185,279",,0.0,"455,190,810",,0.0,"42,914,001",,0.0
R001/8220,창원점,H499,락앤락,,"40,304,230",-100.0,,"5,496,034",-100.0,,,,,,,,"40,318,230",-100.0,,"5,497,943",-100.0,,"-14,000",100.0,,"-1,909",100.0,,,,,,,,,,,,,,,,,,,,,,,,,,,,,,,,,,,,,,,,,,
R001/8220,창원점,H625,알리페즈,"14,053,600","21,262,800",-33.9,"1,916,399","2,899,473",-33.9,,,,,,,,,,,,,,"21,262,800",-100.0,,"2,899,473",-100.0,,,,,,,,,,,,,,,,,,,,,,,,,,,,,,,,,,,,,"14,053,600",,0.0,"1,916,399",,0.0
R001/8220,창원점,I050,포트메리온,,"23,008,740",-100.0,,"3,037,075",-100.0,,"23,008,740",-100.0,,"3,037,075",-100.0,,,,,,,,,,,,,,,,,,,,,,,,,,,,,,,,,,,,,,,,,,,,,,,,,,,,,,
R001/8220,창원점,I306,헬로포토,"2,668,000","4,526,000",-41.1,"315,309","534,891",-41.1,,,,,,,,,,,,,,"2,768,000",-100.0,,"327,127",-100.0,,,,,,,,"1,758,000",-100.0,,"207,764",-100.0,,,,,,,,,,,,,"2,061,000",,0.0,"243,573",,0.0,,,,,,,"607,000",,0.0,"71,736",,0.0
R001/8220,창원점,#,지정되지 않음,"9,134,155","1,136,534",703.7,"7,975,915","-28,479","28,106.3",,"2,393,189",-100.0,,"2,157,965",-100.0,,"-8,452,842",100.0,,"-8,686,045",100.0,,"2,396,660",-100.0,,"2,164,176",-100.0,,"2,395,519",-100.0,,"2,163,892",-100.0,,"2,404,008",-100.0,,"2,171,533",-100.0,"2,281,090",,0.0,"2,046,160",,0.0,"2,253,907",,0.0,"2,018,786",,0.0,"931,797",,0.0,"701,064",,0.0,"2,307,650",,0.0,"2,076,878",,0.0,"1,359,711",,0.0,"1,133,027",,0.0
R001/8221,안산점,결과,,"86,089,954",,0.0,"78,519,206",,0.0,,,,,,,,,,,,,,,,,,,,,,,,,,,,,,,"14,300,000",,0.0,"13,000,000",,0.0,"14,300,000",,0.0,"13,000,000",,0.0,"14,300,000",,0.0,"13,000,000",,0.0,"21,900,468",,0.0,"20,043,882",,0.0,"21,289,486",,0.0,"19,475,324",,0.0
R001/8221,안산점,#,지정되지 않음,"86,089,954",,0.0,"78,519,206",,0.0,,,,,,,,,,,,,,,,,,,,,,,,,,,,,,,"14,300,000",,0.0,"13,000,000",,0.0,"14,300,000",,0.0,"13,000,000",,0.0,"14,300,000",,0.0,"13,000,000",,0.0,"21,900,468",,0.0,"20,043,882",,0.0,"21,289,486",,0.0,"19,475,324",,0.0
R001/8222,부천점,결과,,"2,918,970,748","2,465,059,764",18.4,"352,972,494","312,109,106",13.1,,"534,465,914",-100.0,,"70,967,880",-100.0,,"434,242,923",-100.0,,"54,693,482",-100.0,,"508,336,652",-100.0,,"62,037,833",-100.0,,"465,124,543",-100.0,,"59,304,283",-100.0,,"522,889,732",-100.0,,"65,105,628",-100.0,"517,105,807",,0.0,"63,412,707",,0.0,"545,874,285",,0.0,"66,992,983",,0.0,"565,667,670",,0.0,"67,778,424",,0.0,"502,654,577",,0.0,"61,238,964",,0.0,"787,668,409",,0.0,"93,549,416",,0.0
R001/8222,부천점,B845,모던하우스공통(MODERN HOUSE,"2,459,551,640","2,076,252,810",18.5,"230,409,797","194,505,910",18.5,,"405,273,960",-100.0,,"37,960,478",-100.0,,"382,933,400",-100.0,,"35,871,091",-100.0,,"445,468,960",-100.0,,"41,730,011",-100.0,,"374,518,340",-100.0,,"35,080,229",-100.0,,"468,058,150",-100.0,,"43,864,101",-100.0,"453,352,310",,0.0,"42,466,326",,0.0,"457,619,170",,0.0,"42,863,750",,0.0,"483,700,420",,0.0,"45,319,751",,0.0,"434,531,250",,0.0,"40,706,598",,0.0,"630,348,490",,0.0,"59,053,372",,0.0
R001/8222,부천점,D355,글라스락,,"23,666,000",-100.0,,"3,227,180",-100.0,,"23,681,000",-100.0,,"3,229,226",-100.0,,,,,,,,,,,,,,,,,,,,"-15,000",100.0,,"-2,046",100.0,,,,,,,,,,,,,,,,,,,,,,,,,,,,,,
R001/8222,부천점,H475,퀸즈빌,"2,847,600","5,852,920",-51.3,"595,408","1,346,172",-55.8,,,,,,,,,,,,,,,,,,,,,,,,,,"5,852,920",-100.0,,"1,346,172",-100.0,,,,,,,,,,,,,,,,,,,,,,,,,"2,847,600",,0.0,"595,408",,0.0
R001/8222,부천점,H499,락앤락,"28,380,850",,0.0,"3,870,114",,0.0,,,,,,,,,,,,,,,,,,,,,,,,,,,,,,,,,,,,,,,,,,,,,,,,,,,,,,,"28,380,850",,0.0,"3,870,114",,0.0
R001/8222,부천점,H545,수엔지,,"30,381,200",-100.0,,"6,904,817",-100.0,,"30,381,200",-100.0,,"6,904,817",-100.0,,,,,,,,,,,,,,,,,,,,,,,,,,,,,,,,,,,,,,,,,,,,,,,,,,,,,,
R001/8222,부천점,H578,정인,"4,204,300",,0.0,"955,522",,0.0,,,,,,,,,,,,,,,,,,,,,,,,,,,,,,,,,,,,,,,,,,,,,,,,,,,,,,,"4,204,300",,0.0,"955,522",,0.0
R001/8222,부천점,H649,아임슬리핑,"95,053,059","17,503,000",443.1,"19,874,735","3,659,718",443.1,,,,,,,,,,,,,,,,,,,,,,,,,,"17,503,000",-100.0,,"3,659,718",-100.0,"16,085,500",,0.0,"3,363,334",,0.0,"24,253,500",,0.0,"5,071,186",,0.0,"19,278,000",,0.0,"4,030,858",,0.0,"12,028,000",,0.0,"2,514,949",,0.0,"23,408,059",,0.0,"4,894,408",,0.0
R001/8222,부천점,H967,몽드블랑,,"21,622,700",-100.0,,"2,220,541",-100.0,,"21,622,700",-100.0,,"2,220,541",-100.0,,,,,,,,,,,,,,,,,,,,,,,,,,,,,,,,,,,,,,,,,,,,,,,,,,,,,,
R001/8222,부천점,I082,베루스,"62,646,500","59,363,900",5.5,"17,085,399","16,190,156",5.5,,"11,264,100",-100.0,,"3,072,030",-100.0,,"11,024,200",-100.0,,"3,006,599",-100.0,,"10,932,000",-100.0,,"2,981,454",-100.0,,"12,605,200",-100.0,,"3,437,780",-100.0,,"13,538,400",-100.0,,"3,692,293",-100.0,"12,287,600",,0.0,"3,351,162",,0.0,"11,926,800",,0.0,"3,252,765",,0.0,"13,561,600",,0.0,"3,698,613",,0.0,"11,453,500",,0.0,"3,123,678",,0.0,"13,417,000",,0.0,"3,659,181",,0.0
R001/8222,부천점,I137,컬러몬,"9,245,000","7,615,000",21.4,"1,680,909","1,384,545",21.4,,"2,320,000",-100.0,,"421,818",-100.0,,"1,340,000",-100.0,,"243,636",-100.0,,"1,650,000",-100.0,,"300,000",-100.0,,"1,205,000",-100.0,,"219,091",-100.0,,"1,100,000",-100.0,,"200,000",-100.0,"1,915,000",,0.0,"348,182",,0.0,"1,935,000",,0.0,"351,818",,0.0,"2,115,000",,0.0,"384,545",,0.0,"1,295,000",,0.0,"235,455",,0.0,"1,985,000",,0.0,"360,909",,0.0
R001/8222,부천점,I234,매직드림,"9,956,000","10,573,000",-5.8,"2,172,219","2,306,837",-5.8,,"2,114,000",-100.0,,"461,236",-100.0,,"2,543,000",-100.0,,"554,836",-100.0,,"1,901,000",-100.0,,"414,764",-100.0,,"1,649,000",-100.0,,"359,782",-100.0,,"2,366,000",-100.0,,"516,219",-100.0,"2,260,000",,0.0,"493,091",,0.0,"1,999,000",,0.0,"436,145",,0.0,"1,457,000",,0.0,"317,891",,0.0,"1,956,000",,0.0,"426,764",,0.0,"2,284,000",,0.0,"498,328",,0.0
R001/8222,부천점,I284,오락노리,"10,000,000","13,321,100",-24.9,"1,818,182","2,422,018",-24.9,,"2,186,500",-100.0,,"397,545",-100.0,,"3,197,000",-100.0,,"581,273",-100.0,,"3,274,000",-100.0,,"595,273",-100.0,,"2,100,600",-100.0,,"381,927",-100.0,,"2,563,000",-100.0,,"466,000",-100.0,"1,857,500",,0.0,"337,727",,0.0,"2,755,400",,0.0,"500,982",,0.0,"1,870,100",,0.0,"340,018",,0.0,"1,240,600",,0.0,"225,564",,0.0,"2,276,400",,0.0,"413,891",,0.0
R001/8222,부천점,I302,캐칭덕,"6,852,000",,0.0,"1,245,819",,0.0,,,,,,,,,,,,,,,,,,,,,,,,,,,,,,,"1,650,000",,0.0,"300,000",,0.0,"1,350,000",,0.0,"245,455",,0.0,"1,382,000",,0.0,"251,273",,0.0,"1,161,000",,0.0,"211,091",,0.0,"1,309,000",,0.0,"238,000",,0.0
R001/8222,부천점,I417,풀리오,,"11,557,000",-100.0,,"1,891,145",-100.0,,,,,,,,,,,,,,"5,899,000",-100.0,,"965,290",-100.0,,"5,658,000",-100.0,,"925,855",-100.0,,,,,,,,,,,,,,,,,,,,,,,,,,,,,,,,,,,,
R001/8222,부천점,I514,일루,"11,726,500",,0.0,"1,492,464",,0.0,,,,,,,,,,,,,,,,,,,,,,,,,,,,,,,"3,120,500",,0.0,"397,155",,0.0,"2,406,500",,0.0,"306,282",,0.0,"1,259,000",,0.0,"160,236",,0.0,"2,655,500",,0.0,"337,973",,0.0,"2,285,000",,0.0,"290,818",,0.0
R001/8222,부천점,I604,그라미,"6,462,940",,0.0,"1,175,080",,0.0,,,,,,,,,,,,,,,,,,,,,,,,,,,,,,,"2,321,600",,0.0,"422,109",,0.0,"986,200",,0.0,"179,309",,0.0,"650,500",,0.0,"118,273",,0.0,"1,437,980",,0.0,"261,451",,0.0,"1,066,660",,0.0,"193,938",,0.0
R001/8222,부천점,I788,일러스타,"112,798,802",,0.0,"10,173,428",,0.0,,,,,,,,,,,,,,,,,,,,,,,,,,,,,,,"9,909,210",,0.0,"844,458",,0.0,"27,582,850",,0.0,"2,567,266",,0.0,"27,685,850",,0.0,"2,689,637",,0.0,"21,414,590",,0.0,"1,912,702",,0.0,"26,206,302",,0.0,"2,159,365",,0.0
R001/8222,부천점,I815,바디프랜드,"4,331,100",,0.0,"1,181,209",,0.0,,,,,,,,,,,,,,,,,,,,,,,,,,,,,,,,,,,,,"527,000",,0.0,"143,727",,0.0,"1,259,000",,0.0,"343,364",,0.0,"1,230,500",,0.0,"335,591",,0.0,"1,314,600",,0.0,"358,527",,0.0
R001/8222,부천점,I961,피치스트로베리,"28,673,000",,0.0,"4,691,946",,0.0,,,,,,,,,,,,,,,,,,,,,,,,,,,,,,,,,,,,,,,,,,,,,,,,,,,,,,,"28,673,000",,0.0,"4,691,946",,0.0
R001/8222,부천점,I963,아임팟,"6,093,700",,0.0,"1,035,929",,0.0,,,,,,,,,,,,,,,,,,,,,,,,,,,,,,,,,,,,,,,,,,,,,,,,,,,,,,,"6,093,700",,0.0,"1,035,929",,0.0
R001/8222,부천점,T596,데코라인,,"121,467,800",-100.0,,"16,563,790",-100.0,,"20,701,500",-100.0,,"2,822,933",-100.0,,"20,281,200",-100.0,,"2,765,616",-100.0,,"26,545,000",-100.0,,"3,619,774",-100.0,,"54,717,100",-100.0,,"7,461,421",-100.0,,"-777,000",100.0,,"-105,954",100.0,,,,,,,,,,,,,,,,,,,,,,,,,,,,,,
R001/8222,부천점,#,지정되지 않음,"60,147,757","65,883,334",-8.7,"53,514,334","59,486,277",-10.0,,"14,920,954",-100.0,,"13,477,256",-100.0,,"12,924,123",-100.0,,"11,670,431",-100.0,,"12,666,692",-100.0,,"11,431,267",-100.0,,"12,671,303",-100.0,,"11,438,198",-100.0,,"12,700,262",-100.0,,"11,469,125",-100.0,"12,346,587",,0.0,"11,089,163",,0.0,"12,532,865",,0.0,"11,074,298",,0.0,"11,449,200",,0.0,"10,123,965",,0.0,"12,250,657",,0.0,"10,947,148",,0.0,"11,568,448",,0.0,"10,279,760",,0.0
R001/8223,덕천점,결과,,"393,954,937","344,475,923",14.4,"77,360,334","66,979,366",15.5,,"104,692,206",-100.0,,"14,397,727",-100.0,,"55,050,288",-100.0,,"15,395,826",-100.0,,"16,181,938",-100.0,,"6,464,074",-100.0,,"41,111,027",-100.0,,"8,438,342",-100.0,,"127,440,464",-100.0,,"22,283,397",-100.0,"81,393,564",,0.0,"13,472,673",,0.0,"56,785,201",,0.0,"13,177,143",,0.0,"83,619,253",,0.0,"13,164,608",,0.0,"43,134,598",,0.0,"10,608,485",,0.0,"129,022,321",,0.0,"26,937,425",,0.0
R001/8223,덕천점,H499,락앤락,"61,702,980","178,156,020",-65.4,"8,414,045","24,294,001",-65.4,,"90,566,720",-100.0,,"12,350,005",-100.0,,,,,,,,,,,,,,,,,,,,"87,589,300",-100.0,,"11,943,996",-100.0,"61,702,980",,0.0,"8,414,045",,0.0,,,,,,,,,,,,,,,,,,,,,,,,
R001/8223,덕천점,H625,알리페즈,"38,183,600",,0.0,"5,206,857",,0.0,,,,,,,,,,,,,,,,,,,,,,,,,,,,,,,,,,,,,,,,,,,"38,183,600",,0.0,"5,206,857",,0.0,,,,,,,,,,,,
R001/8223,덕천점,H773,커스티,"33,799,100",,0.0,"7,681,614",,0.0,,,,,,,,,,,,,,,,,,,,,,,,,,,,,,,,,,,,,"19,345,400",,0.0,"4,396,682",,0.0,,,,,,,"14,453,700",,0.0,"3,284,932",,0.0,,,,,,
R001/8223,덕천점,H866,보몽드,"79,581,800","31,576,000",152.0,"19,533,718","7,750,471",152.0,,,,,,,,,,,,,,,,,,,,"6,293,000",-100.0,,"1,544,645",-100.0,,"25,283,000",-100.0,,"6,205,826",-100.0,,,,,,,,,,,,,,,,,,,,,,,,,"79,581,800",,0.0,"19,533,718",,0.0
R001/8223,덕천점,H915,다원레져,"8,351,000",,0.0,"1,897,955",,0.0,,,,,,,,,,,,,,,,,,,,,,,,,,,,,,,"1,670,000",,0.0,"379,546",,0.0,"1,861,000",,0.0,"422,954",,0.0,"2,089,000",,0.0,"474,773",,0.0,"1,210,000",,0.0,"275,000",,0.0,"1,521,000",,0.0,"345,682",,0.0
R001/8223,덕천점,I050,포트메리온,"29,544,610","34,291,180",-13.8,"3,491,633","4,173,090",-16.3,,,,,,,,"34,323,140",-100.0,,"4,177,449",-100.0,,"-31,960",100.0,,"-4,359",100.0,,,,,,,,,,,,,,,,,,,,,,,,,"29,544,610",,0.0,"3,491,633",,0.0,,,,,,,,,,,,
R001/8223,덕천점,I102,글라스락,,"25,174,400",-100.0,,"3,432,873",-100.0,,,,,,,,,,,,,,,,,,,,"25,174,400",-100.0,,"3,432,873",-100.0,,,,,,,,,,,,,,,,,,,,,,,,,,,,,,,,,,,,
R001/8223,덕천점,I301,테팔,"33,319,800",,0.0,"3,029,074",,0.0,,,,,,,,,,,,,,,,,,,,,,,,,,,,,,,,,,,,,,,,,,,,,,,,,,,,,,,"33,319,800",,0.0,"3,029,074",,0.0
R001/8223,덕천점,I822,까유,"43,769,860",,0.0,"8,753,972",,0.0,,,,,,,,,,,,,,,,,,,,,,,,,,,,,,,"3,799,790",,0.0,"759,958",,0.0,"21,560,400",,0.0,"4,312,080",,0.0,,,,,,,"18,409,670",,0.0,"3,681,934",,0.0,,,,,,
R001/8223,덕천점,I899,블럭버스,"52,099,000","53,026,200",-1.7,"7,104,404","7,230,850",-1.7,,"13,928,600",-100.0,,"1,899,359",-100.0,,"9,831,900",-100.0,,"1,340,712",-100.0,,"10,672,600",-100.0,,"1,455,354",-100.0,,"6,828,000",-100.0,,"931,091",-100.0,,"11,765,100",-100.0,,"1,604,334",-100.0,"11,614,000",,0.0,"1,583,727",,0.0,"11,233,500",,0.0,"1,531,839",,0.0,"11,047,500",,0.0,"1,506,476",,0.0,"6,278,500",,0.0,"856,156",,0.0,"11,925,500",,0.0,"1,626,206",,0.0
R001/8223,덕천점,#,지정되지 않음,"13,603,187","22,252,123",-38.9,"12,247,062","20,098,081",-39.1,,"196,886",-100.0,,"148,363",-100.0,,"10,895,248",-100.0,,"9,877,665",-100.0,,"5,541,298",-100.0,,"5,013,079",-100.0,,"2,815,627",-100.0,,"2,529,733",-100.0,,"2,803,064",-100.0,,"2,529,241",-100.0,"2,606,794",,0.0,"2,335,397",,0.0,"2,784,901",,0.0,"2,513,588",,0.0,"2,754,543",,0.0,"2,484,869",,0.0,"2,782,728",,0.0,"2,510,463",,0.0,"2,674,221",,0.0,"2,402,745",,0.0
R001/8224,송파점,결과,,"2,437,621,695","2,148,063,507",13.5,"292,059,504","274,222,869",6.5,,"360,251,794",-100.0,,"45,636,727",-100.0,,"341,967,423",-100.0,,"43,445,906",-100.0,,"469,299,119",-100.0,,"59,194,979",-100.0,,"564,959,158",-100.0,,"74,476,128",-100.0,,"411,586,013",-100.0,,"51,469,129",-100.0,"413,118,947",,0.0,"49,881,484",,0.0,"445,649,723",,0.0,"52,112,349",,0.0,"447,782,812",,0.0,"52,299,221",,0.0,"567,334,605",,0.0,"74,003,326",,0.0,"563,735,608",,0.0,"63,763,124",,0.0
R001/8224,송파점,B845,모던하우스공통(MODERN HOUSE,"1,845,079,127","1,615,893,210",14.2,"172,867,083","151,370,744",14.2,,"307,235,250",-100.0,,"28,777,356",-100.0,,"297,662,730",-100.0,,"27,885,898",-100.0,,"365,808,850",-100.0,,"34,264,386",-100.0,,"292,255,400",-100.0,,"27,374,652",-100.0,,"352,930,980",-100.0,,"33,068,452",-100.0,"355,421,950",,0.0,"33,297,321",,0.0,"336,420,700",,0.0,"31,515,999",,0.0,"396,155,410",,0.0,"37,122,130",,0.0,"285,206,520",,0.0,"26,723,464",,0.0,"471,874,547",,0.0,"44,208,169",,0.0
R001/8224,송파점,D069,무인상점24,"20,704,600","26,276,100",-21.2,"2,766,887","3,511,443",-21.2,,"2,967,900",-100.0,,"396,619",-100.0,,"5,846,100",-100.0,,"781,252",-100.0,,"6,574,200",-100.0,,"878,552",-100.0,,"5,003,900",-100.0,,"668,703",-100.0,,"5,884,000",-100.0,,"786,317",-100.0,"3,517,100",,0.0,"470,012",,0.0,"4,248,000",,0.0,"567,687",,0.0,"5,620,700",,0.0,"751,129",,0.0,"3,913,800",,0.0,"523,026",,0.0,"3,405,000",,0.0,"455,033",,0.0
R001/8224,송파점,D355,글라스락,,"16,313,200",-100.0,,"2,224,528",-100.0,,,,,,,,,,,,,,"16,313,200",-100.0,,"2,224,528",-100.0,,,,,,,,,,,,,,,,,,,,,,,,,,,,,,,,,,,,,,,,,,
R001/8224,송파점,E406,인생네컷,"23,154,000","26,921,000",-14.0,"2,441,695","2,838,941",-14.0,,"8,790,000",-100.0,,"926,945",-100.0,,"7,026,000",-100.0,,"740,923",-100.0,,"3,392,000",-100.0,,"357,702",-100.0,,"5,680,500",-100.0,,"599,035",-100.0,,"2,032,500",-100.0,,"214,336",-100.0,"6,026,500",,0.0,"635,522",,0.0,"5,207,500",,0.0,"549,155",,0.0,"4,137,500",,0.0,"436,318",,0.0,"4,135,000",,0.0,"436,055",,0.0,"3,647,500",,0.0,"384,645",,0.0
R001/8224,송파점,H499,락앤락,"194,635,500","220,484,000",-11.7,"26,541,208","30,066,002",-11.7,,,,,,,,,,,,,,,,,,,,"220,564,600",-100.0,,"30,076,990",-100.0,,"-80,600",100.0,,"-10,988",100.0,,,,,,,,,,,,,,,,,,,"194,559,500",,0.0,"26,530,844",,0.0,"76,000",,0.0,"10,364",,0.0
R001/8224,송파점,H545,수엔지,,"16,937,600",-100.0,,"3,849,452",-100.0,,,,,,,,,,,,,,"16,937,600",-100.0,,"3,849,452",-100.0,,,,,,,,,,,,,,,,,,,,,,,,,,,,,,,,,,,,,,,,,,
R001/8224,송파점,H594,지포트리,"3,905,500","25,059,900",-84.4,"710,089","4,556,342",-84.4,,"10,136,000",-100.0,,"1,842,906",-100.0,,,,,,,,"7,684,400",-100.0,,"1,397,163",-100.0,,,,,,,,"7,239,500",-100.0,,"1,316,273",-100.0,"3,905,500",,0.0,"710,089",,0.0,,,,,,,,,,,,,,,,,,,,,,,,
R001/8224,송파점,H625,알리페즈,"15,353,600",,0.0,"2,093,672",,0.0,,,,,,,,,,,,,,,,,,,,,,,,,,,,,,,,,,,,,,,,,,,,,,,,,"5,754,100",,0.0,"784,651",,0.0,"9,599,500",,0.0,"1,309,021",,0.0
R001/8224,송파점,H626,쿤리콘,"6,088,500","4,873,000",24.9,"1,383,748","1,107,500",24.9,,,,,,,,,,,,,,,,,,,,"4,873,000",-100.0,,"1,107,500",-100.0,,,,,,,"1,626,000",,0.0,"369,545",,0.0,"989,000",,0.0,"224,772",,0.0,,,,,,,"3,473,500",,0.0,"789,431",,0.0,,,,,,
R001/8224,송파점,H639,아이러브허브,,"-59,000",100.0,,"-13,409",100.0,,"-59,000",100.0,,"-13,409",100.0,,,,,,,,,,,,,,,,,,,,,,,,,,,,,,,,,,,,,,,,,,,,,,,,,,,,,,
R001/8224,송파점,H911,타카플레이,"18,879,700",,0.0,"2,574,504",,0.0,,,,,,,,,,,,,,,,,,,,,,,,,,,,,,,"4,671,400",,0.0,"637,010",,0.0,"3,732,600",,0.0,"508,989",,0.0,"3,884,000",,0.0,"529,638",,0.0,"2,847,000",,0.0,"388,228",,0.0,"3,744,700",,0.0,"510,639",,0.0
R001/8224,송파점,H967,몽드블랑,,"18,990,900",-100.0,,"2,244,376",-100.0,,,,,,,,,,,,,,"18,990,900",-100.0,,"2,244,376",-100.0,,,,,,,,,,,,,,,,,,,,,,,,,,,,,,,,,,,,,,,,,,
R001/8224,송파점,I095,아네로,"78,780,500","88,039,500",-10.5,"17,904,661","20,008,980",-10.5,,"13,081,000",-100.0,,"2,972,955",-100.0,,"11,312,500",-100.0,,"2,571,023",-100.0,,"18,060,500",-100.0,,"4,104,658",-100.0,,"21,024,500",-100.0,,"4,778,298",-100.0,,"24,561,000",-100.0,,"5,582,046",-100.0,"12,205,500",,0.0,"2,773,979",,0.0,"10,736,000",,0.0,"2,440,003",,0.0,"14,375,000",,0.0,"3,267,044",,0.0,"21,490,000",,0.0,"4,884,090",,0.0,"19,974,000",,0.0,"4,539,545",,0.0
R001/8224,송파점,I128,유원토이,"409,000","570,000",-28.2,"130,136","181,364",-28.2,,"120,000",-100.0,,"38,182",-100.0,,"230,000",-100.0,,"73,182",-100.0,,"220,000",-100.0,,"70,000",-100.0,,0,0.0,,0,0.0,,,,,,,"94,000",,0.0,"29,909",,0.0,,,,,,,"175,000",,0.0,"55,682",,0.0,,,,,,,"140,000",,0.0,"44,545",,0.0
R001/8224,송파점,I141,다니엘컴퍼니,"30,473,500","29,306,000",4.0,"6,094,700","5,861,200",4.0,,"3,103,500",-100.0,,"620,700",-100.0,,"8,333,000",-100.0,,"1,666,600",-100.0,,"4,557,500",-100.0,,"911,500",-100.0,,"4,905,000",-100.0,,"981,000",-100.0,,"8,407,000",-100.0,,"1,681,400",-100.0,"6,458,500",,0.0,"1,291,700",,0.0,"3,905,500",,0.0,"781,100",,0.0,"7,641,000",,0.0,"1,528,200",,0.0,"4,245,000",,0.0,"849,000",,0.0,"8,223,500",,0.0,"1,644,700",,0.0
R001/8224,송파점,I220,편안공간,"9,137,500","4,674,000",95.5,"2,200,996","1,232,235",78.6,,"194,000",-100.0,,"51,145",-100.0,,"1,070,000",-100.0,,"282,091",-100.0,,"1,218,000",-100.0,,"321,109",-100.0,,"1,074,000",-100.0,,"283,145",-100.0,,"1,118,000",-100.0,,"294,745",-100.0,"2,470,500",,0.0,"593,768",,0.0,"1,145,000",,0.0,"278,700",,0.0,"1,949,000",,0.0,"469,282",,0.0,"2,207,000",,0.0,"528,791",,0.0,"1,366,000",,0.0,"330,455",,0.0
R001/8224,송파점,I284,오락노리,"17,540,100",,0.0,"2,710,743",,0.0,,,,,,,,,,,,,,,,,,,,,,,,,,,,,,,"5,343,100",,0.0,"825,752",,0.0,"2,949,500",,0.0,"455,832",,0.0,"4,522,000",,0.0,"698,855",,0.0,"2,973,100",,0.0,"459,479",,0.0,"1,752,400",,0.0,"270,825",,0.0
R001/8224,송파점,I365,인우엔터프라이즈,,"4,751,000",-100.0,,"1,079,772",-100.0,,"4,751,000",-100.0,,"1,079,772",-100.0,,,,,,,,,,,,,,,,,,,,,,,,,,,,,,,,,,,,,,,,,,,,,,,,,,,,,,
R001/8224,송파점,I686,대교 트니트니PLUS,"128,561,500",,0.0,"11,687,411",,0.0,,,,,,,,,,,,,,,,,,,,,,,,,,,,,,,"2,360,000",,0.0,"214,545",,0.0,"66,530,500",,0.0,"6,048,228",,0.0,"984,500",,0.0,"89,499",,0.0,"26,812,500",,0.0,"2,437,500",,0.0,"31,874,000",,0.0,"2,897,639",,0.0
R001/8224,송파점,#,지정되지 않음,"44,919,068","49,033,097",-8.4,"39,951,971","44,103,399",-9.4,,"9,932,144",-100.0,,"8,943,556",-100.0,,"10,487,093",-100.0,,"9,444,937",-100.0,,"9,541,969",-100.0,,"8,571,553",-100.0,,"9,578,258",-100.0,,"8,606,805",-100.0,,"9,493,633",-100.0,,"8,536,548",-100.0,"9,018,897",,0.0,"8,032,332",,0.0,"9,785,423",,0.0,"8,741,884",,0.0,"8,338,702",,0.0,"7,351,444",,0.0,"9,717,585",,0.0,"8,668,767",,0.0,"8,058,461",,0.0,"7,157,544",,0.0
R001/8226,논현점,결과,,,"927,351,132",-100.0,,"119,665,816",-100.0,,"161,303,206",-100.0,,"23,895,073",-100.0,,"141,022,549",-100.0,,"18,623,273",-100.0,,"158,696,091",-100.0,,"20,194,753",-100.0,,"150,911,724",-100.0,,"21,908,092",-100.0,,"315,417,562",-100.0,,"35,044,625",-100.0,,,,,,,,,,,,,,,,,,,,,,,,,,,,,,
R001/8226,논현점,B845,모던하우스공통(MODERN HOUSE,,"820,177,080",-100.0,,"79,380,973",-100.0,,"114,686,155",-100.0,,"11,162,630",-100.0,,"130,945,430",-100.0,,"12,698,162",-100.0,,"148,083,045",-100.0,,"14,355,529",-100.0,,"120,051,230",-100.0,,"11,646,052",-100.0,,"306,411,220",-100.0,,"29,518,600",-100.0,,,,,,,,,,,,,,,,,,,,,,,,,,,,,,
R001/8226,논현점,H545,수엔지,,"45,532,700",-100.0,,"10,348,339",-100.0,,"24,979,000",-100.0,,"5,677,045",-100.0,,,,,,,,,,,,,,"20,553,700",-100.0,,"4,671,294",-100.0,,0,0.0,,0,0.0,,,,,,,,,,,,,,,,,,,,,,,,,,,,,,
R001/8226,논현점,H916,키즈맥스,,"1,302,000",-100.0,,"236,728",-100.0,,"533,000",-100.0,,"96,909",-100.0,,"304,000",-100.0,,"55,273",-100.0,,"2,000",-100.0,,364,-100.0,,"463,000",-100.0,,"84,182",-100.0,,,,,,,,,,,,,,,,,,,,,,,,,,,,,,,,,,,,
R001/8226,논현점,H967,몽드블랑,,"10,653,300",-100.0,,"1,106,278",-100.0,,"10,653,300",-100.0,,"1,106,278",-100.0,,,,,,,,,,,,,,,,,,,,,,,,,,,,,,,,,,,,,,,,,,,,,,,,,,,,,,
R001/8226,논현점,I128,유원토이,,"1,368,000",-100.0,,"435,273",-100.0,,"325,000",-100.0,,"103,409",-100.0,,"351,000",-100.0,,"111,682",-100.0,,"238,000",-100.0,,"75,727",-100.0,,"203,000",-100.0,,"64,591",-100.0,,"251,000",-100.0,,"79,864",-100.0,,,,,,,,,,,,,,,,,,,,,,,,,,,,,,
R001/8226,논현점,#,지정되지 않음,,"48,318,052",-100.0,,"28,158,225",-100.0,,"10,126,751",-100.0,,"5,748,802",-100.0,,"9,422,119",-100.0,,"5,758,156",-100.0,,"10,373,046",-100.0,,"5,763,133",-100.0,,"9,640,794",-100.0,,"5,441,973",-100.0,,"8,755,342",-100.0,,"5,446,161",-100.0,,,,,,,,,,,,,,,,,,,,,,,,,,,,,,
R001/8227,강서점,결과,,"6,472,414,236","5,975,941,331",8.3,"793,124,513","717,242,497",10.6,,"1,173,407,299",-100.0,,"139,050,924",-100.0,,"1,124,732,128",-100.0,,"138,197,183",-100.0,,"1,288,358,016",-100.0,,"151,722,189",-100.0,,"1,126,785,918",-100.0,,"135,441,654",-100.0,,"1,262,657,970",-100.0,,"152,830,547",-100.0,"1,198,634,617",,0.0,"147,230,254",,0.0,"1,266,523,288",,0.0,"159,088,521",,0.0,"1,428,888,575",,0.0,"174,651,219",,0.0,"1,232,985,992",,0.0,"155,544,126",,0.0,"1,345,381,764",,0.0,"156,610,393",,0.0
R001/8227,강서점,B845,모던하우스공통(MODERN HOUSE,"2,869,230,301","2,569,906,400",11.6,"269,160,399","241,046,437",11.7,,"489,710,830",-100.0,,"45,967,064",-100.0,,"474,857,640",-100.0,,"44,516,312",-100.0,,"580,532,220",-100.0,,"54,434,945",-100.0,,"460,056,250",-100.0,,"43,150,471",-100.0,,"564,749,460",-100.0,,"52,977,645",-100.0,"529,962,570",,0.0,"49,744,529",,0.0,"527,344,120",,0.0,"49,506,175",,0.0,"600,998,721",,0.0,"56,357,518",,0.0,"505,948,890",,0.0,"47,431,278",,0.0,"704,976,000",,0.0,"66,120,899",,0.0
R001/8227,강서점,E331,배터리몬,"61,000","70,000",-12.9,"11,090","12,728",-12.9,,,,,,,,,,,,,,"35,000",-100.0,,"6,364",-100.0,,,,,,,,"35,000",-100.0,,"6,364",-100.0,,,,,,,"20,000",,0.0,"3,636",,0.0,"9,000",,0.0,"1,636",,0.0,"15,000",,0.0,"2,727",,0.0,"17,000",,0.0,"3,091",,0.0
R001/8227,강서점,E406,인생네컷,"20,530,000","25,372,500",-19.1,"2,612,908","3,229,227",-19.1,,"6,294,000",-100.0,,"801,055",-100.0,,"5,783,000",-100.0,,"736,018",-100.0,,"5,479,500",-100.0,,"697,391",-100.0,,"3,705,000",-100.0,,"471,545",-100.0,,"4,111,000",-100.0,,"523,218",-100.0,"4,094,500",,0.0,"521,118",,0.0,"4,403,500",,0.0,"560,445",,0.0,"4,739,500",,0.0,"603,209",,0.0,"3,089,500",,0.0,"393,209",,0.0,"4,203,000",,0.0,"534,927",,0.0
R001/8227,강서점,E859,미니파크,"2,448,900","2,119,300",15.6,"333,941","288,996",15.6,,"383,100",-100.0,,"52,241",-100.0,,"282,200",-100.0,,"38,482",-100.0,,"519,300",-100.0,,"70,814",-100.0,,"468,900",-100.0,,"63,941",-100.0,,"465,800",-100.0,,"63,518",-100.0,"344,100",,0.0,"46,923",,0.0,"344,100",,0.0,"46,923",,0.0,"562,800",,0.0,"76,745",,0.0,"485,200",,0.0,"66,164",,0.0,"712,700",,0.0,"97,186",,0.0
R001/8227,강서점,H584,제스파,"72,952,600","85,874,000",-15.0,"12,600,904","14,832,777",-15.0,,"9,201,000",-100.0,,"1,589,265",-100.0,,"11,541,000",-100.0,,"1,993,443",-100.0,,"11,260,000",-100.0,,"1,944,907",-100.0,,"26,462,000",-100.0,,"4,570,709",-100.0,,"27,410,000",-100.0,,"4,734,453",-100.0,"21,354,000",,0.0,"3,688,416",,0.0,"16,363,300",,0.0,"2,826,389",,0.0,"29,099,300",,0.0,"5,026,244",,0.0,"6,136,000",,0.0,"1,059,855",,0.0,,,,,,
R001/8227,강서점,H595,포하우스,,"18,673,260",-100.0,,"3,055,619",-100.0,,"10,492,860",-100.0,,"1,717,009",-100.0,,"8,229,200",-100.0,,"1,346,596",-100.0,,"-48,800",100.0,,"-7,986",100.0,,,,,,,,,,,,,,,,,,,,,,,,,,,,,,,,,,,,,,,,,,
R001/8227,강서점,H613,레노마홈,"158,960,260","160,142,830",-0.7,"30,346,966","30,572,713",-0.7,,"23,178,050",-100.0,,"4,424,900",-100.0,,"30,153,400",-100.0,,"5,756,555",-100.0,,"34,185,920",-100.0,,"6,526,402",-100.0,,"30,882,800",-100.0,,"5,895,806",-100.0,,"41,742,660",-100.0,,"7,969,050",-100.0,"25,844,830",,0.0,"4,934,012",,0.0,"38,540,340",,0.0,"7,357,704",,0.0,"51,437,790",,0.0,"9,819,940",,0.0,"43,137,300",,0.0,"8,235,310",,0.0,,,,,,
R001/8227,강서점,H625,알리페즈,"158,923,560","148,229,000",7.2,"28,895,190","26,950,723",7.2,,"29,257,800",-100.0,,"5,319,601",-100.0,,"39,529,900",-100.0,,"7,187,254",-100.0,,"25,815,200",-100.0,,"4,693,672",-100.0,,"30,949,800",-100.0,,"5,627,233",-100.0,,"22,676,300",-100.0,,"4,122,963",-100.0,"35,281,900",,0.0,"6,414,895",,0.0,"28,332,600",,0.0,"5,151,384",,0.0,"37,645,800",,0.0,"6,844,691",,0.0,"36,379,460",,0.0,"6,614,443",,0.0,"21,283,800",,0.0,"3,869,777",,0.0
R001/8227,강서점,H628,ELO,"28,889,000",,0.0,"5,252,543",,0.0,,,,,,,,,,,,,,,,,,,,,,,,,,,,,,,"16,009,000",,0.0,"2,910,728",,0.0,"12,890,000",,0.0,"2,343,633",,0.0,"-10,000",,0.0,"-1,818",,0.0,,,,,,,,,,,,
R001/8227,강서점,H636,아르페지오,"84,759,100",,0.0,"19,263,445",,0.0,,,,,,,,,,,,,,,,,,,,,,,,,,,,,,,"8,830,400",,0.0,"2,006,911",,0.0,"11,805,900",,0.0,"2,683,162",,0.0,"13,214,900",,0.0,"3,003,384",,0.0,"23,634,400",,0.0,"5,371,460",,0.0,"27,273,500",,0.0,"6,198,528",,0.0
R001/8227,강서점,H647,슬립앤슬립,"117,510,720","127,430,350",-7.8,"26,706,983","28,961,446",-7.8,,"16,350,300",-100.0,,"3,715,981",-100.0,,"23,630,550",-100.0,,"5,370,579",-100.0,,"22,638,620",-100.0,,"5,145,139",-100.0,,"25,303,860",-100.0,,"5,750,879",-100.0,,"39,507,020",-100.0,,"8,978,868",-100.0,"27,817,070",,0.0,"6,322,062",,0.0,"25,365,510",,0.0,"5,764,890",,0.0,"31,972,590",,0.0,"7,266,496",,0.0,"32,355,550",,0.0,"7,353,535",,0.0,,,,,,
R001/8227,강서점,H649,아임슬리핑,"53,798,010","70,739,500",-23.9,"12,226,819","16,077,163",-23.9,,"15,380,300",-100.0,,"3,495,523",-100.0,,"20,594,900",-100.0,,"4,680,658",-100.0,,"10,001,000",-100.0,,"2,272,953",-100.0,,"7,927,100",-100.0,,"1,801,616",-100.0,,"16,836,200",-100.0,,"3,826,413",-100.0,"15,001,010",,0.0,"3,409,320",,0.0,"11,228,000",,0.0,"2,551,816",,0.0,"26,961,000",,0.0,"6,127,501",,0.0,"608,000",,0.0,"138,182",,0.0,,,,,,
R001/8227,강서점,H914,케이텍,,"401,000",-100.0,,"98,427",-100.0,,"200,000",-100.0,,"49,091",-100.0,,"201,000",-100.0,,"49,336",-100.0,,,,,,,,,,,,,,,,,,,,,,,,,,,,,,,,,,,,,,,,,,,,,,,,
R001/8227,강서점,H967,몽드블랑,,"57,396,200",-100.0,,"7,826,750",-100.0,,"16,341,300",-100.0,,"2,228,358",-100.0,,"15,422,700",-100.0,,"2,103,098",-100.0,,"14,008,800",-100.0,,"1,910,292",-100.0,,"11,623,400",-100.0,,"1,585,002",-100.0,,,,,,,,,,,,,,,,,,,,,,,,,,,,,,,,,,,,
R001/8227,강서점,I038,랄라컬쳐클럽,"61,632,576",,0.0,"1,004,414",,0.0,,,,,,,,,,,,,,,,,,,,,,,,,,,,,,,"12,527,940",,0.0,"113,890",,0.0,"11,434,715",,0.0,"103,952",,0.0,"12,470,101",,0.0,"113,364",,0.0,"9,477,620",,0.0,"86,161",,0.0,"15,722,200",,0.0,"587,047",,0.0
R001/8227,강서점,I065,리눔아티카,"81,990,200","43,540,100",88.3,"17,888,744","9,499,654",88.3,,"9,600,100",-100.0,,"2,094,572",-100.0,,"5,655,000",-100.0,,"1,233,818",-100.0,,"7,927,000",-100.0,,"1,729,526",-100.0,,"9,906,000",-100.0,,"2,161,304",-100.0,,"10,452,000",-100.0,,"2,280,434",-100.0,"13,319,000",,0.0,"2,905,962",,0.0,"10,342,000",,0.0,"2,256,428",,0.0,"12,081,000",,0.0,"2,635,846",,0.0,"23,833,000",,0.0,"5,199,920",,0.0,"22,415,200",,0.0,"4,890,588",,0.0
R001/8227,강서점,I066,헤지스홈,"165,281,426","113,718,650",45.3,"37,563,962","25,845,146",45.3,,"20,895,050",-100.0,,"4,748,877",-100.0,,"19,990,840",-100.0,,"4,543,367",-100.0,,"22,838,960",-100.0,,"5,190,672",-100.0,,"25,277,600",-100.0,,"5,744,912",-100.0,,"24,716,200",-100.0,,"5,617,318",-100.0,"27,217,700",,0.0,"6,185,846",,0.0,"28,195,926",,0.0,"6,408,165",,0.0,"35,197,800",,0.0,"7,999,499",,0.0,"38,524,400",,0.0,"8,755,545",,0.0,"36,145,600",,0.0,"8,214,907",,0.0
R001/8227,강서점,I200,루루포헤,,"8,085,100",-100.0,,"1,212,765",-100.0,,,,,,,,,,,,,,,,,,,,,,,,,,"8,085,100",-100.0,,"1,212,765",-100.0,,,,,,,,,,,,,,,,,,,,,,,,,,,,,,
R001/8227,강서점,I204,금성침대,"285,742,250","291,935,800",-2.1,"49,355,477","50,425,273",-2.1,,"58,263,500",-100.0,,"10,063,696",-100.0,,"65,257,300",-100.0,,"11,271,717",-100.0,,"55,047,000",-100.0,,"9,508,115",-100.0,,"68,450,000",-100.0,,"11,823,182",-100.0,,"44,918,000",-100.0,,"7,758,563",-100.0,"26,757,000",,0.0,"4,621,662",,0.0,"62,111,000",,0.0,"10,728,262",,0.0,"55,791,750",,0.0,"9,636,757",,0.0,"79,410,000",,0.0,"13,716,273",,0.0,"61,672,500",,0.0,"10,652,523",,0.0
R001/8227,강서점,I214,하늘아이,"12,369,000",,0.0,"3,373,363",,0.0,,,,,,,,,,,,,,,,,,,,,,,,,,,,,,,"2,136,000",,0.0,"582,545",,0.0,"2,559,000",,0.0,"697,909",,0.0,"3,145,000",,0.0,"857,727",,0.0,"1,906,000",,0.0,"519,818",,0.0,"2,623,000",,0.0,"715,364",,0.0
R001/8227,강서점,I230,뭉스베,,"828,000",-100.0,,"143,018",-100.0,,"828,000",-100.0,,"143,018",-100.0,,,,,,,,,,,,,,,,,,,,,,,,,,,,,,,,,,,,,,,,,,,,,,,,,,,,,,
R001/8227,강서점,I263,토치,"46,000","21,933,500",-99.8,"5,436","2,592,144",-99.8,,"14,675,500",-100.0,,"1,734,382",-100.0,,"4,302,000",-100.0,,"508,416",-100.0,,"2,216,000",-100.0,,"261,894",-100.0,,"567,000",-100.0,,"67,006",-100.0,,"173,000",-100.0,,"20,446",-100.0,,,,,,,"46,000",,0.0,"5,436",,0.0,,,,,,,,,,,,,,,,,,
R001/8227,강서점,I282,동행축제,"9,974,200",,0.0,"1,360,121",,0.0,,,,,,,,,,,,,,,,,,,,,,,,,,,,,,,,,,,,,,,,,,,,,,,,,,,,,,,"9,974,200",,0.0,"1,360,121",,0.0
R001/8227,강서점,I418,하우스웨어,,"9,250,340",-100.0,,"1,009,129",-100.0,,,,,,,,,,,,,,,,,,,,,,,,,,"9,250,340",-100.0,,"1,009,129",-100.0,,,,,,,,,,,,,,,,,,,,,,,,,,,,,,
R001/8227,강서점,I664,쿡셀,"3,145,400",,0.0,"543,296",,0.0,,,,,,,,,,,,,,,,,,,,,,,,,,,,,,,,,,,,,,,,,,,,,,,,,,,,,,,"3,145,400",,0.0,"543,296",,0.0
R001/8227,강서점,I727,슬코,"13,899,900",,0.0,"2,148,169",,0.0,,,,,,,,,,,,,,,,,,,,,,,,,,,,,,,,,,,,,,,,,,,,,,,,,"4,894,000",,0.0,"756,348",,0.0,"9,005,900",,0.0,"1,391,821",,0.0
R001/8227,강서점,I820,솜사탕자판기,"845,000",,0.0,"207,409",,0.0,,,,,,,,,,,,,,,,,,,,,,,,,,,,,,,,,,,,,,,,,,,,,,,,,"300,000",,0.0,"73,636",,0.0,"545,000",,0.0,"133,773",,0.0
R001/8227,강서점,I829,아티코드,"30,546,900",,0.0,"2,246,797",,0.0,,,,,,,,,,,,,,,,,,,,,,,,,,,,,,,"2,025,800",,0.0,"147,332",,0.0,"3,807,700",,0.0,"289,527",,0.0,"837,100",,0.0,"60,879",,0.0,"21,302,300",,0.0,"1,549,258",,0.0,"2,574,000",,0.0,"199,801",,0.0
R001/8227,강서점,I834,한샘홈퍼니싱,"145,779,696",,0.0,"19,879,051",,0.0,,,,,,,,,,,,,,,,,,,,,,,,,,,,,,,,,,,,,"67,275,096",,0.0,"9,173,877",,0.0,"78,404,600",,0.0,"10,691,538",,0.0,"100,000",,0.0,"13,636",,0.0,,,,,,
R001/8227,강서점,I835,짐보리,"87,237,700","77,772,600",12.2,"11,102,980","9,898,329",12.2,,"15,215,000",-100.0,,"1,936,456",-100.0,,"20,630,000",-100.0,,"2,625,637",-100.0,,"11,028,000",-100.0,,"1,403,563",-100.0,,"11,529,000",-100.0,,"1,467,324",-100.0,,"19,370,600",-100.0,,"2,465,349",-100.0,"25,688,400",,0.0,"3,269,432",,0.0,"23,481,000",,0.0,"2,988,491",,0.0,"9,370,750",,0.0,"1,192,642",,0.0,"11,198,000",,0.0,"1,425,199",,0.0,"17,499,550",,0.0,"2,227,216",,0.0
R001/8227,강서점,T546,인까사,,"36,422,000",-100.0,,"5,959,964",-100.0,,,,,,,,,,,,,,"19,887,000",-100.0,,"3,254,237",-100.0,,"7,622,000",-100.0,,"1,247,235",-100.0,,"8,913,000",-100.0,,"1,458,492",-100.0,,,,,,,,,,,,,,,,,,,,,,,,,,,,,,
R001/8227,강서점,T646,전자랜드,"931,292,842","938,118,332",-0.7,"50,839,171","51,188,797",-0.7,,"180,068,842",-100.0,,"9,821,937",-100.0,,"137,075,253",-100.0,,"7,482,812",-100.0,,"203,723,370",-100.0,,"11,121,275",-100.0,,"215,155,157",-100.0,,"11,739,371",-100.0,,"202,095,710",-100.0,,"11,023,402",-100.0,"190,661,550",,0.0,"10,418,630",,0.0,"159,337,933",,0.0,"8,702,795",,0.0,"194,511,492",,0.0,"10,615,627",,0.0,"203,586,329",,0.0,"11,106,345",,0.0,"183,195,538",,0.0,"9,995,774",,0.0
R001/8227,강서점,T810,예스24,"916,666,850","1,020,661,720",-10.2,"50,000,020","55,672,451",-10.2,,"226,891,460",-100.0,,"12,375,895",-100.0,,"212,966,030",-100.0,,"11,616,327",-100.0,,"228,739,950",-100.0,,"12,476,725",-100.0,,"164,798,180",-100.0,,"8,988,991",-100.0,,"187,266,100",-100.0,,"10,214,513",-100.0,"180,702,205",,0.0,"9,856,486",,0.0,"188,638,020",,0.0,"10,289,346",,0.0,"201,727,770",,0.0,"11,003,333",,0.0,"155,637,770",,0.0,"8,489,335",,0.0,"189,961,085",,0.0,"10,361,520",,0.0
R001/8227,강서점,#,지정되지 않음,"157,900,845","147,320,849",7.2,"138,194,915","130,842,821",5.6,,"30,180,307",-100.0,,"26,772,003",-100.0,,"28,630,215",-100.0,,"25,136,758",-100.0,,"32,523,976",-100.0,,"29,081,289",-100.0,,"26,101,871",-100.0,,"23,285,127",-100.0,,"29,884,480",-100.0,,"26,567,644",-100.0,"33,059,642",,0.0,"29,129,555",,0.0,"32,657,528",,0.0,"28,648,176",,0.0,"28,719,811",,0.0,"24,718,461",,0.0,"31,027,273",,0.0,"27,186,489",,0.0,"32,436,591",,0.0,"28,512,234",,0.0
R001/8228,충장점,결과,,"2,007,371,115","1,257,790,870",59.6,"268,568,511","169,027,137",58.9,,"264,761,573",-100.0,,"35,125,681",-100.0,,"212,080,321",-100.0,,"28,357,062",-100.0,,"217,183,515",-100.0,,"28,538,052",-100.0,,"241,940,769",-100.0,,"33,398,203",-100.0,,"321,824,692",-100.0,,"43,608,139",-100.0,"358,753,960",,0.0,"48,462,176",,0.0,"405,667,461",,0.0,"54,996,055",,0.0,"433,405,178",,0.0,"58,009,512",,0.0,"326,559,051",,0.0,"43,502,688",,0.0,"482,985,465",,0.0,"63,598,080",,0.0
R001/8228,충장점,B845,모던하우스공통(MODERN HOUSE,"622,839,880","551,527,150",12.9,"61,694,629","54,928,471",12.3,,"109,427,800",-100.0,,"10,869,036",-100.0,,"104,055,850",-100.0,,"10,244,022",-100.0,,"114,044,580",-100.0,,"11,214,304",-100.0,,"103,831,530",-100.0,,"10,401,007",-100.0,,"120,167,390",-100.0,,"12,200,102",-100.0,"111,971,050",,0.0,"11,193,735",,0.0,"111,142,100",,0.0,"10,722,822",,0.0,"126,870,240",,0.0,"12,452,008",,0.0,"112,766,020",,0.0,"11,333,811",,0.0,"160,090,470",,0.0,"15,992,253",,0.0
R001/8228,충장점,D025,새롬유통,"1,882,200","1,313,400",43.3,"427,772","298,499",43.3,,"205,600",-100.0,,"46,727",-100.0,,"216,400",-100.0,,"49,182",-100.0,,"306,400",-100.0,,"69,636",-100.0,,"288,400",-100.0,,"65,545",-100.0,,"296,600",-100.0,,"67,409",-100.0,"226,100",,0.0,"51,386",,0.0,"333,600",,0.0,"75,818",,0.0,"426,600",,0.0,"96,955",,0.0,"409,100",,0.0,"92,977",,0.0,"486,800",,0.0,"110,636",,0.0
R001/8228,충장점,E901,블럭버스,"35,440,800","39,181,900",-9.5,"5,058,350","5,592,315",-9.5,,"9,431,900",-100.0,,"1,346,185",-100.0,,"7,609,300",-100.0,,"1,086,051",-100.0,,"8,762,000",-100.0,,"1,250,574",-100.0,,"5,875,900",-100.0,,"838,650",-100.0,,"7,502,800",-100.0,,"1,070,855",-100.0,"7,061,400",,0.0,"1,007,848",,0.0,"7,525,000",,0.0,"1,074,018",,0.0,"6,811,500",,0.0,"972,183",,0.0,"5,144,400",,0.0,"734,245",,0.0,"8,898,500",,0.0,"1,270,056",,0.0
R001/8228,충장점,H613,레노마홈,"174,287,390","172,354,150",1.1,"19,013,175","18,802,268",1.1,,"27,696,550",-100.0,,"3,021,441",-100.0,,"29,055,120",-100.0,,"3,169,649",-100.0,,"35,921,940",-100.0,,"3,918,756",-100.0,,"38,664,390",-100.0,,"4,217,932",-100.0,,"41,016,150",-100.0,,"4,474,490",-100.0,"26,690,170",,0.0,"2,911,655",,0.0,"37,512,250",,0.0,"4,092,243",,0.0,"37,695,180",,0.0,"4,112,204",,0.0,"27,768,220",,0.0,"3,029,266",,0.0,"44,621,570",,0.0,"4,867,807",,0.0
R001/8228,충장점,H809,충전돼지,"96,222","111,348",-13.6,"34,990","40,490",-13.6,,,,,,,,"31,617",-100.0,,"11,497",-100.0,,"32,992",-100.0,,"11,997",-100.0,,"12,372",-100.0,,"4,499",-100.0,,"34,367",-100.0,,"12,497",-100.0,"61,857",,0.0,"22,494",,0.0,"15,120",,0.0,"5,498",,0.0,"19,245",,0.0,"6,998",,0.0,,,,,,,,,,,,
R001/8228,충장점,H833,헬로포토,,"3,335,000",-100.0,,"394,137",-100.0,,"725,000",-100.0,,"85,682",-100.0,,"746,000",-100.0,,"88,164",-100.0,,"783,000",-100.0,,"92,536",-100.0,,"845,000",-100.0,,"99,864",-100.0,,"236,000",-100.0,,"27,891",-100.0,,,,,,,,,,,,,,,,,,,,,,,,,,,,,,
R001/8228,충장점,H911,타카플레이,"77,673,700","448,000","17,237.9","10,591,868","61,091","17,237.9",,,,,,,,,,,,,,,,,,,,,,,,,,"448,000",-100.0,,"61,091",-100.0,"15,618,100",,0.0,"2,129,739",,0.0,"14,831,000",,0.0,"2,022,411",,0.0,"14,854,700",,0.0,"2,025,639",,0.0,"11,785,100",,0.0,"1,607,061",,0.0,"20,584,800",,0.0,"2,807,018",,0.0
R001/8228,충장점,I197,한국오토엠,"73,216,000","22,539,000",224.8,"14,643,200","4,507,800",224.8,,,,,,,,,,,,,,,,,,,,"9,022,000",-100.0,,"1,804,400",-100.0,,"13,517,000",-100.0,,"2,703,400",-100.0,"16,943,000",,0.0,"3,388,600",,0.0,"15,136,000",,0.0,"3,027,200",,0.0,"16,352,000",,0.0,"3,270,400",,0.0,"9,391,000",,0.0,"1,878,200",,0.0,"15,394,000",,0.0,"3,078,800",,0.0
R001/8228,충장점,I284,오락노리,"42,393,700",,0.0,"5,780,957",,0.0,,,,,,,,,,,,,,,,,,,,,,,,,,,,,,,"7,358,600",,0.0,"1,003,445",,0.0,"8,734,600",,0.0,"1,191,082",,0.0,"10,257,000",,0.0,"1,398,680",,0.0,"6,562,800",,0.0,"894,928",,0.0,"9,480,700",,0.0,"1,292,822",,0.0
R001/8228,충장점,T444,씨지브이(CGV),"883,201,871","374,105,072",136.1,"120,436,618","51,014,325",136.1,,"96,307,695",-100.0,,"13,132,865",-100.0,,"55,215,883",-100.0,,"7,529,437",-100.0,,"37,176,366",-100.0,,"5,069,505",-100.0,,"66,940,637",-100.0,,"9,128,269",-100.0,,"118,464,491",-100.0,,"16,154,249",-100.0,"152,270,614",,0.0,"20,764,172",,0.0,"194,586,101",,0.0,"26,534,468",,0.0,"201,275,540",,0.0,"27,446,660",,0.0,"135,194,069",,0.0,"18,435,557",,0.0,"199,875,547",,0.0,"27,255,761",,0.0
R001/8228,충장점,T699,알로안경점,"58,543,200","50,620,800",15.7,"11,708,640","10,124,160",15.7,,"9,493,800",-100.0,,"1,898,760",-100.0,,"7,151,000",-100.0,,"1,430,200",-100.0,,"11,262,000",-100.0,,"2,252,400",-100.0,,"9,983,000",-100.0,,"1,996,600",-100.0,,"12,731,000",-100.0,,"2,546,200",-100.0,"8,943,000",,0.0,"1,788,600",,0.0,"9,605,200",,0.0,"1,921,040",,0.0,"13,175,000",,0.0,"2,635,000",,0.0,"11,325,000",,0.0,"2,265,000",,0.0,"15,495,000",,0.0,"3,099,000",,0.0
R001/8228,충장점,T722,로하스테크,"4,421,000","9,103,400",-51.4,"1,205,728","2,482,746",-51.4,,"2,057,700",-100.0,,"561,191",-100.0,,"2,016,500",-100.0,,"549,955",-100.0,,"2,033,200",-100.0,,"554,509",-100.0,,"1,472,000",-100.0,,"401,455",-100.0,,"1,524,000",-100.0,,"415,636",-100.0,"903,000",,0.0,"246,273",,0.0,"718,000",,0.0,"195,818",,0.0,"1,076,000",,0.0,"293,455",,0.0,"571,000",,0.0,"155,727",,0.0,"1,153,000",,0.0,"314,455",,0.0
R001/8228,충장점,#,지정되지 않음,"33,375,152","33,151,650",0.7,"17,972,584","20,780,835",-13.5,,"9,415,528",-100.0,,"4,163,794",-100.0,,"5,982,651",-100.0,,"4,198,905",-100.0,,"6,861,037",-100.0,,"4,103,835",-100.0,,"5,005,540",-100.0,,"4,439,982",-100.0,,"5,886,894",-100.0,,"3,874,319",-100.0,"10,707,069",,0.0,"3,954,229",,0.0,"5,528,490",,0.0,"4,133,637",,0.0,"4,592,173",,0.0,"3,299,330",,0.0,"5,642,342",,0.0,"3,075,916",,0.0,"6,905,078",,0.0,"3,509,472",,0.0
R001/8229,부산대점,결과,,"2,591,824,570","2,556,175,519",1.4,"266,298,377","273,959,158",-2.8,,"541,326,801",-100.0,,"57,732,801",-100.0,,"503,120,203",-100.0,,"53,337,616",-100.0,,"617,859,813",-100.0,,"65,206,402",-100.0,,"394,594,022",-100.0,,"43,652,630",-100.0,,"499,274,680",-100.0,,"54,029,709",-100.0,"485,795,790",,0.0,"50,840,089",,0.0,"520,518,410",,0.0,"53,382,569",,0.0,"626,273,301",,0.0,"62,749,334",,0.0,"407,963,148",,0.0,"43,407,276",,0.0,"551,273,921",,0.0,"55,919,109",,0.0
R001/8229,부산대점,B845,모던하우스공통(MODERN HOUSE,"1,373,172,260","1,183,620,480",16.0,"128,647,536","110,841,880",16.1,,"241,725,120",-100.0,,"22,636,287",-100.0,,"226,902,970",-100.0,,"21,249,590",-100.0,,"282,949,760",-100.0,,"26,495,239",-100.0,,"183,349,220",-100.0,,"17,168,571",-100.0,,"248,693,410",-100.0,,"23,292,193",-100.0,"240,774,420",,0.0,"22,555,610",,0.0,"268,317,240",,0.0,"25,134,080",,0.0,"325,079,290",,0.0,"30,456,504",,0.0,"221,521,770",,0.0,"20,752,189",,0.0,"317,479,540",,0.0,"29,749,153",,0.0
R001/8229,부산대점,C715,버터,"122,559,920","138,505,380",-11.5,"9,247,697","10,450,862",-11.5,,"30,884,310",-100.0,,"2,330,355",-100.0,,"26,794,260",-100.0,,"2,021,754",-100.0,,"29,950,380",-100.0,,"2,259,897",-100.0,,"21,968,990",-100.0,,"1,657,660",-100.0,,"28,907,440",-100.0,,"2,181,196",-100.0,"24,512,390",,0.0,"1,849,570",,0.0,"22,260,400",,0.0,"1,679,642",,0.0,"26,913,010",,0.0,"2,030,711",,0.0,"19,548,940",,0.0,"1,475,058",,0.0,"29,325,180",,0.0,"2,212,716",,0.0
R001/8229,부산대점,E390,미디어캡슐,"10,090,000","13,018,000",-22.5,"1,834,545","2,366,909",-22.5,,"2,621,000",-100.0,,"476,545",-100.0,,,,,,,,"5,228,000",-100.0,,"950,546",-100.0,,"2,534,000",-100.0,,"460,727",-100.0,,"2,635,000",-100.0,,"479,091",-100.0,"2,502,000",,0.0,"454,909",,0.0,,,,,,,"3,505,500",,0.0,"637,363",,0.0,"952,500",,0.0,"173,182",,0.0,"3,130,000",,0.0,"569,091",,0.0
R001/8229,부산대점,H499,락앤락,"102,783,250","155,631,800",-34.0,"14,015,902","21,222,518",-34.0,,"37,015,010",-100.0,,"5,047,502",-100.0,,"32,589,630",-100.0,,"4,444,037",-100.0,,"36,487,550",-100.0,,"4,975,572",-100.0,,"23,658,730",-100.0,,"3,226,194",-100.0,,"25,880,880",-100.0,,"3,529,213",-100.0,"19,360,960",,0.0,"2,640,135",,0.0,"19,127,440",,0.0,"2,608,291",,0.0,"28,921,440",,0.0,"3,943,834",,0.0,"18,144,660",,0.0,"2,474,269",,0.0,"17,228,750",,0.0,"2,349,373",,0.0
R001/8229,부산대점,H575,빈센치오,,"46,255,200",-100.0,,"10,512,544",-100.0,,"10,188,200",-100.0,,"2,315,499",-100.0,,"8,271,000",-100.0,,"1,879,773",-100.0,,"8,800,500",-100.0,,"2,000,112",-100.0,,"7,932,000",-100.0,,"1,802,728",-100.0,,"11,063,500",-100.0,,"2,514,432",-100.0,,,,,,,,,,,,,,,,,,,,,,,,,,,,,,
R001/8229,부산대점,H625,알리페즈,"10,282,500",,0.0,"1,402,161",,0.0,,,,,,,,,,,,,,,,,,,,,,,,,,,,,,,"5,371,500",,0.0,"732,478",,0.0,"4,911,000",,0.0,"669,683",,0.0,,,,,,,,,,,,,,,,,,
R001/8229,부산대점,H833,헬로포토,,"3,005,000",-100.0,,"355,136",-100.0,,"1,295,000",-100.0,,"153,045",-100.0,,"1,624,000",-100.0,,"191,927",-100.0,,"86,000",-100.0,,"10,164",-100.0,,,,,,,,,,,,,,,,,,,,,,,,,,,,,,,,,,,,,,,,,,
R001/8229,부산대점,H911,타카플레이,"57,614,200","33,809,800",70.4,"6,808,950","3,995,690",70.4,,"7,860,100",-100.0,,"928,920",-100.0,,"6,209,200",-100.0,,"733,810",-100.0,,"7,736,000",-100.0,,"914,252",-100.0,,"5,353,500",-100.0,,"632,684",-100.0,,"6,651,000",-100.0,,"786,024",-100.0,"10,219,000",,0.0,"1,207,696",,0.0,"12,302,000",,0.0,"1,453,870",,0.0,"12,241,500",,0.0,"1,446,728",,0.0,"8,433,200",,0.0,"996,654",,0.0,"14,418,500",,0.0,"1,704,002",,0.0
R001/8229,부산대점,H915,다원레져,"4,775,000","5,050,000",-5.4,"949,908","1,016,410",-6.5,,"690,000",-100.0,,"140,297",-100.0,,,,,,,,"2,453,000",-100.0,,"491,863",-100.0,,"747,000",-100.0,,"149,750",-100.0,,"1,160,000",-100.0,,"234,500",-100.0,"899,000",,0.0,"180,136",,0.0,"755,000",,0.0,"150,681",,0.0,"1,309,000",,0.0,"265,000",,0.0,"746,000",,0.0,"145,636",,0.0,"1,066,000",,0.0,"208,455",,0.0
R001/8229,부산대점,I050,포트메리온,"9,091,240",,0.0,"1,074,418",,0.0,,,,,,,,,,,,,,,,,,,,,,,,,,,,,,,"5,665,760",,0.0,"669,588",,0.0,"3,425,480",,0.0,"404,830",,0.0,,,,,,,,,,,,,,,,,,
R001/8229,부산대점,I220,편안공간,"15,105,000","2,869,000",426.5,"3,633,281","681,862",432.8,,,,,,,,,,,,,,,,,,,,"650,000",-100.0,,"153,981",-100.0,,"2,219,000",-100.0,,"527,881",-100.0,"2,367,500",,0.0,"558,796",,0.0,,,,,,,"6,493,500",,0.0,"1,540,522",,0.0,"2,936,000",,0.0,"718,145",,0.0,"3,308,000",,0.0,"815,818",,0.0
R001/8229,부산대점,I230,뭉스베,,"2,671,000",-100.0,,"412,791",-100.0,,"120,000",-100.0,,"18,546",-100.0,,"622,000",-100.0,,"96,127",-100.0,,"827,000",-100.0,,"127,809",-100.0,,"434,000",-100.0,,"67,073",-100.0,,"668,000",-100.0,,"103,236",-100.0,,,,,,,,,,,,,,,,,,,,,,,,,,,,,,
R001/8229,부산대점,I284,오락노리,"6,856,100","9,278,000",-26.1,"1,184,235","1,602,563",-26.1,,"1,678,500",-100.0,,"289,923",-100.0,,,,,,,,"4,238,400",-100.0,,"732,087",-100.0,,"1,603,500",-100.0,,"276,968",-100.0,,"1,757,600",-100.0,,"303,585",-100.0,"990,800",,0.0,"171,138",,0.0,,,,,,,"2,938,000",,0.0,"507,472",,0.0,"1,500,700",,0.0,"259,212",,0.0,"1,426,600",,0.0,"246,413",,0.0
R001/8229,부산대점,I887,영풍문고,"854,475,680","930,762,640",-8.2,"75,351,291","81,708,139",-7.8,,"200,920,340",-100.0,,"17,653,379",-100.0,,"193,755,580",-100.0,,"16,958,045",-100.0,,"232,766,680",-100.0,,"20,491,129",-100.0,,"140,036,060",-100.0,,"12,304,298",-100.0,,"163,283,980",-100.0,,"14,301,288",-100.0,"167,488,850",,0.0,"14,765,257",,0.0,"183,755,210",,0.0,"16,202,970",,0.0,"215,403,230",,0.0,"19,044,983",,0.0,"128,499,320",,0.0,"11,326,224",,0.0,"159,329,070",,0.0,"14,011,857",,0.0
R001/8229,부산대점,#,지정되지 않음,"25,019,420","31,699,219",-21.1,"22,148,453","28,791,854",-23.1,,"6,329,221",-100.0,,"5,742,503",-100.0,,"6,351,563",-100.0,,"5,762,553",-100.0,,"6,336,543",-100.0,,"5,757,732",-100.0,,"6,327,022",-100.0,,"5,751,996",-100.0,,"6,354,870",-100.0,,"5,777,070",-100.0,"5,643,610",,0.0,"5,054,776",,0.0,"5,664,640",,0.0,"5,078,522",,0.0,"3,468,831",,0.0,"2,876,217",,0.0,"5,680,058",,0.0,"5,086,707",,0.0,"4,562,281",,0.0,"4,052,231",,0.0
R001/8230,전주점,결과,,"1,651,012,517","1,637,529,646",0.8,"139,066,971","139,792,029",-0.5,,"374,110,004",-100.0,,"28,879,745",-100.0,,"367,828,306",-100.0,,"28,430,899",-100.0,,"357,787,953",-100.0,,"27,326,566",-100.0,,"241,258,793",-100.0,,"29,375,840",-100.0,,"296,544,590",-100.0,,"25,778,979",-100.0,"341,789,194",,0.0,"26,328,906",,0.0,"373,736,132",,0.0,"28,751,099",,0.0,"340,947,567",,0.0,"26,450,735",,0.0,"260,349,092",,0.0,"28,832,942",,0.0,"334,190,532",,0.0,"28,703,289",,0.0
R001/8230,전주점,C518,교보문고,"1,482,458,430","1,456,613,480",1.8,"52,869,806","52,233,017",1.2,,"335,415,270",-100.0,,"12,033,907",-100.0,,"330,404,750",-100.0,,"11,877,208",-100.0,,"325,213,710",-100.0,,"11,620,109",-100.0,,"205,442,990",-100.0,,"7,324,304",-100.0,,"260,136,760",-100.0,,"9,377,489",-100.0,"309,134,190",,0.0,"11,029,653",,0.0,"337,850,960",,0.0,"12,067,006",,0.0,"311,065,290",,0.0,"11,045,386",,0.0,"226,446,620",,0.0,"8,068,183",,0.0,"297,961,370",,0.0,"10,659,578",,0.0
R001/8230,전주점,D069,무인상점24,,"3,726,400",-100.0,,"372,640",-100.0,,"779,900",-100.0,,"77,990",-100.0,,"824,000",-100.0,,"82,400",-100.0,,"576,900",-100.0,,"57,690",-100.0,,"708,000",-100.0,,"70,800",-100.0,,"837,600",-100.0,,"83,760",-100.0,,,,,,,,,,,,,,,,,,,,,,,,,,,,,,
R001/8230,전주점,H809,충전돼지,"310,766","222,162",39.9,"113,006","80,785",39.9,,"-24,320",100.0,,"-8,844",100.0,,"30,878",-100.0,,"11,228",-100.0,,"34,365",-100.0,,"12,496",-100.0,,,,,,,,"181,239",-100.0,,"65,905",-100.0,"60,902",,0.0,"22,146",,0.0,"63,022",,0.0,"22,917",,0.0,"74,230",,0.0,"26,993",,0.0,"30,135",,0.0,"10,958",,0.0,"82,477",,0.0,"29,992",,0.0
R001/8230,전주점,I097,한국오토엠,"3,776,000","5,657,000",-33.3,"858,180","1,285,683",-33.3,,"915,000",-100.0,,"207,955",-100.0,,"1,184,000",-100.0,,"269,091",-100.0,,"1,136,000",-100.0,,"258,182",-100.0,,"821,000",-100.0,,"186,591",-100.0,,"1,601,000",-100.0,,"363,864",-100.0,"756,000",,0.0,"171,818",,0.0,"658,000",,0.0,"149,545",,0.0,"515,000",,0.0,"117,045",,0.0,"757,000",,0.0,"172,045",,0.0,"1,090,000",,0.0,"247,727",,0.0
R001/8230,전주점,I128,유원토이,"2,233,500","2,473,500",-9.7,"710,659","787,022",-9.7,,"501,000",-100.0,,"159,409",-100.0,,"381,000",-100.0,,"121,227",-100.0,,"661,500",-100.0,,"210,477",-100.0,,"225,000",-100.0,,"71,591",-100.0,,"705,000",-100.0,,"224,318",-100.0,"198,000",,0.0,"63,000",,0.0,"483,000",,0.0,"153,682",,0.0,"579,500",,0.0,"184,386",,0.0,"449,000",,0.0,"142,864",,0.0,"524,000",,0.0,"166,727",,0.0
R001/8230,전주점,I214,하늘아이,"3,342,000","3,875,000",-13.8,"911,454","1,056,818",-13.8,,"954,000",-100.0,,"260,182",-100.0,,"807,000",-100.0,,"220,091",-100.0,,"672,000",-100.0,,"183,273",-100.0,,"530,000",-100.0,,"144,545",-100.0,,"912,000",-100.0,,"248,727",-100.0,"254,000",,0.0,"69,273",,0.0,"732,000",,0.0,"199,636",,0.0,"754,000",,0.0,"205,636",,0.0,"792,000",,0.0,"216,000",,0.0,"810,000",,0.0,"220,909",,0.0
R001/8230,전주점,I250,게임캠프,"71,593,600","91,459,500",-21.7,"14,318,720","18,291,900",-21.7,,"22,464,000",-100.0,,"4,492,800",-100.0,,"21,119,500",-100.0,,"4,223,900",-100.0,,"16,289,200",-100.0,,"3,257,840",-100.0,,"12,285,000",-100.0,,"2,457,000",-100.0,,"19,301,800",-100.0,,"3,860,360",-100.0,"16,488,000",,0.0,"3,297,600",,0.0,"18,114,800",,0.0,"3,622,960",,0.0,"11,994,000",,0.0,"2,398,800",,0.0,"9,185,200",,0.0,"1,837,040",,0.0,"15,811,600",,0.0,"3,162,320",,0.0
R001/8230,전주점,I520,더봄헤어,"11,198,100",,0.0,"1,425,209",,0.0,,,,,,,,,,,,,,,,,,,,,,,,,,,,,,,"1,993,000",,0.0,"253,655",,0.0,"1,911,000",,0.0,"243,217",,0.0,"2,268,100",,0.0,"288,666",,0.0,"2,598,000",,0.0,"330,653",,0.0,"2,428,000",,0.0,"309,018",,0.0
R001/8230,전주점,#,지정되지 않음,"76,100,121","73,502,604",3.5,"67,859,937","65,684,164",3.3,,"13,105,154",-100.0,,"11,656,346",-100.0,,"13,077,178",-100.0,,"11,625,754",-100.0,,"13,204,278",-100.0,,"11,726,499",-100.0,,"21,246,803",-100.0,,"19,121,009",-100.0,,"12,869,191",-100.0,,"11,554,556",-100.0,"12,905,102",,0.0,"11,421,761",,0.0,"13,923,350",,0.0,"12,292,136",,0.0,"13,697,447",,0.0,"12,183,823",,0.0,"20,091,137",,0.0,"18,055,199",,0.0,"15,483,085",,0.0,"13,907,018",,0.0
R001/8231,엑스코점,결과,,"639,020,907","688,591,016",-7.2,"67,753,408","75,633,614",-10.4,,"133,181,303",-100.0,,"14,528,747",-100.0,,"105,534,433",-100.0,,"11,430,689",-100.0,,"157,932,694",-100.0,,"16,922,935",-100.0,,"124,467,177",-100.0,,"14,330,399",-100.0,,"167,475,409",-100.0,,"18,420,844",-100.0,"121,243,470",,0.0,"13,096,498",,0.0,"115,863,945",,0.0,"12,604,665",,0.0,"151,615,351",,0.0,"15,736,480",,0.0,"111,327,937",,0.0,"11,910,348",,0.0,"138,970,204",,0.0,"14,405,417",,0.0
R001/8231,엑스코점,B845,모던하우스공통(MODERN HOUSE,"563,816,477","597,910,090",-5.7,"53,412,583","56,342,628",-5.2,,"113,344,530",-100.0,,"10,695,479",-100.0,,"98,837,340",-100.0,,"9,337,227",-100.0,,"140,332,700",-100.0,,"13,220,197",-100.0,,"101,374,530",-100.0,,"9,554,458",-100.0,,"144,020,990",-100.0,,"13,535,267",-100.0,"100,579,467",,0.0,"9,549,089",,0.0,"100,302,980",,0.0,"9,513,256",,0.0,"139,429,460",,0.0,"13,185,736",,0.0,"94,957,130",,0.0,"9,005,693",,0.0,"128,547,440",,0.0,"12,158,809",,0.0
R001/8231,엑스코점,H980,정도상사,"10,019,900","8,471,700",18.3,"2,277,250","1,925,386",18.3,,"1,280,000",-100.0,,"290,909",-100.0,,"1,419,000",-100.0,,"322,500",-100.0,,"1,871,100",-100.0,,"425,250",-100.0,,"1,483,500",-100.0,,"337,159",-100.0,,"2,418,100",-100.0,,"549,568",-100.0,"1,899,100",,0.0,"431,614",,0.0,"1,725,500",,0.0,"392,159",,0.0,"2,968,800",,0.0,"674,727",,0.0,"1,682,300",,0.0,"382,341",,0.0,"1,744,200",,0.0,"396,409",,0.0
R001/8231,엑스코점,H997,국보온돌침대,"57,310,000","72,630,000",-21.1,"7,815,001","9,904,096",-21.1,,"17,230,000",-100.0,,"2,349,547",-100.0,,"3,900,000",-100.0,,"531,819",-100.0,,"14,250,000",-100.0,,"1,943,184",-100.0,,"19,200,000",-100.0,,"2,618,182",-100.0,,"18,050,000",-100.0,,"2,461,364",-100.0,"17,450,000",,0.0,"2,379,543",,0.0,"12,100,000",,0.0,"1,650,002",,0.0,"7,210,000",,0.0,"983,183",,0.0,"13,400,000",,0.0,"1,827,274",,0.0,"7,150,000",,0.0,"974,999",,0.0
R001/8231,엑스코점,I820,솜사탕자판기,"4,090,000","1,805,000",126.6,"1,003,909","443,046",126.6,,,,,,,,,,,,,,,,,,,,"545,000",-100.0,,"133,773",-100.0,,"1,260,000",-100.0,,"309,273",-100.0,"615,000",,0.0,"150,955",,0.0,"760,000",,0.0,"186,545",,0.0,"1,330,000",,0.0,"326,455",,0.0,"645,000",,0.0,"158,318",,0.0,"740,000",,0.0,"181,636",,0.0
R001/8231,엑스코점,#,지정되지 않음,"3,784,530","7,774,226",-51.3,"3,244,665","7,018,458",-53.8,,"1,326,773",-100.0,,"1,192,812",-100.0,,"1,378,093",-100.0,,"1,239,143",-100.0,,"1,478,894",-100.0,,"1,334,304",-100.0,,"1,864,147",-100.0,,"1,686,827",-100.0,,"1,726,319",-100.0,,"1,565,372",-100.0,"699,903",,0.0,"585,297",,0.0,"975,465",,0.0,"862,703",,0.0,"677,091",,0.0,"566,379",,0.0,"643,507",,0.0,"536,722",,0.0,"788,564",,0.0,"693,564",,0.0
R001/8233,광주역점,결과,,"664,599,686","670,532,632",-0.9,"210,840,811","178,802,763",17.9,,"138,360,739",-100.0,,"38,791,154",-100.0,,"111,658,036",-100.0,,"33,581,299",-100.0,,"155,744,420",-100.0,,"37,877,625",-100.0,,"116,391,589",-100.0,,"31,147,234",-100.0,,"148,377,848",-100.0,,"37,405,451",-100.0,"116,435,496",,0.0,"35,557,102",,0.0,"100,967,888",,0.0,"31,684,780",,0.0,"169,534,544",,0.0,"63,937,700",,0.0,"118,744,342",,0.0,"40,216,798",,0.0,"158,917,416",,0.0,"39,444,431",,0.0
R001/8233,광주역점,B845,모던하우스공통(MODERN HOUSE,"456,952,580","500,065,605",-8.6,"44,155,987","50,391,449",-12.4,,"101,592,000",-100.0,,"10,169,032",-100.0,,"83,015,625",-100.0,,"8,134,522",-100.0,,"103,377,320",-100.0,,"10,138,566",-100.0,,"91,442,180",-100.0,,"9,285,624",-100.0,,"120,638,480",-100.0,,"12,663,705",-100.0,"86,095,310",,0.0,"8,478,253",,0.0,"73,134,730",,0.0,"7,005,194",,0.0,"105,528,710",,0.0,"10,124,189",,0.0,"82,878,680",,0.0,"8,064,109",,0.0,"109,315,150",,0.0,"10,484,242",,0.0
R001/8233,광주역점,H625,알리페즈,,"24,919,600",-100.0,,"3,398,128",-100.0,,,,,,,,,,,,,,"24,919,600",-100.0,,"3,398,128",-100.0,,,,,,,,,,,,,,,,,,,,,,,,,,,,,,,,,,,,,,,,,,
R001/8233,광주역점,H773,커스티,"5,714,600",,0.0,"1,298,771",,0.0,,,,,,,,,,,,,,,,,,,,,,,,,,,,,,,,,,,,,,,,,,,"5,714,600",,0.0,"1,298,771",,0.0,,,,,,,,,,,,
R001/8233,광주역점,I140,아이엠스타,,"186,000",-100.0,,"33,818",-100.0,,,,,,,,,,,,,,"108,000",-100.0,,"19,636",-100.0,,"51,000",-100.0,,"9,273",-100.0,,"27,000",-100.0,,"4,909",-100.0,,,,,,,,,,,,,,,,,,,,,,,,,,,,,,
R001/8233,광주역점,I355,디자인엔,"20,780,500","5,678,700",265.9,"3,400,445","929,242",265.9,,"5,678,700",-100.0,,"929,242",-100.0,,,,,,,,,,,,,,,,,,,,,,,,,"-198,000",,0.0,"-32,400",,0.0,,,,,,,,,,,,,,,,,,,"20,978,500",,0.0,"3,432,845",,0.0
R001/8233,광주역점,I806,로하스테크,"487,000","379,000",28.5,"132,818","103,365",28.5,,"75,000",-100.0,,"20,455",-100.0,,"56,000",-100.0,,"15,273",-100.0,,"82,000",-100.0,,"22,364",-100.0,,"77,000",-100.0,,"21,000",-100.0,,"89,000",-100.0,,"24,273",-100.0,"85,000",,0.0,"23,182",,0.0,"80,000",,0.0,"21,818",,0.0,"125,000",,0.0,"34,091",,0.0,"99,000",,0.0,"27,000",,0.0,"98,000",,0.0,"26,727",,0.0
R001/8233,광주역점,#,지정되지 않음,"180,665,006","139,303,727",29.7,"161,852,790","123,946,761",30.6,,"31,015,039",-100.0,,"27,672,425",-100.0,,"28,586,411",-100.0,,"25,431,504",-100.0,,"27,257,500",-100.0,,"24,298,931",-100.0,,"24,821,409",-100.0,,"21,831,337",-100.0,,"27,623,368",-100.0,,"24,712,564",-100.0,"30,453,186",,0.0,"27,088,067",,0.0,"27,753,158",,0.0,"24,657,768",,0.0,"58,166,234",,0.0,"52,480,649",,0.0,"35,766,662",,0.0,"32,125,689",,0.0,"28,525,766",,0.0,"25,500,617",,0.0
R001/8235,중앙로역점,결과,,"1,171,998,546","644,730,143",81.8,"207,521,260","135,018,908",53.7,,"126,900,287",-100.0,,"26,496,293",-100.0,,"156,565,123",-100.0,,"30,690,531",-100.0,,"122,388,118",-100.0,,"26,013,921",-100.0,,"107,091,315",-100.0,,"24,572,969",-100.0,,"131,785,300",-100.0,,"27,245,194",-100.0,"177,477,190",,0.0,"33,612,969",,0.0,"266,089,220",,0.0,"46,027,158",,0.0,"248,124,622",,0.0,"43,434,209",,0.0,"196,797,932",,0.0,"37,140,455",,0.0,"283,509,582",,0.0,"47,306,469",,0.0
R001/8235,중앙로역점,B845,모던하우스공통(MODERN HOUSE,"557,805,310","500,430,530",11.5,"52,994,523","47,060,445",12.6,,"103,282,620",-100.0,,"9,743,690",-100.0,,"100,672,460",-100.0,,"9,482,136",-100.0,,"100,545,580",-100.0,,"9,429,373",-100.0,,"85,571,390",-100.0,,"8,035,891",-100.0,,"110,358,480",-100.0,,"10,369,355",-100.0,"110,150,970",,0.0,"10,553,036",,0.0,"113,675,500",,0.0,"10,706,785",,0.0,"115,399,520",,0.0,"11,043,629",,0.0,"92,371,600",,0.0,"8,767,555",,0.0,"126,207,720",,0.0,"11,923,518",,0.0
R001/8235,중앙로역점,D069,무인상점24,"3,745,961","5,991,868",-37.5,"306,486","599,187",-48.8,,"1,272,274",-100.0,,"127,227",-100.0,,"1,272,700",-100.0,,"127,270",-100.0,,"1,184,600",-100.0,,"118,460",-100.0,,"1,108,105",-100.0,,"110,811",-100.0,,"1,154,189",-100.0,,"115,419",-100.0,"1,008,510",,0.0,"82,515",,0.0,"718,505",,0.0,"58,786",,0.0,"658,800",,0.0,"53,901",,0.0,"709,200",,0.0,"58,025",,0.0,"650,946",,0.0,"53,259",,0.0
R001/8235,중앙로역점,H499,락앤락,,"34,040,000",-100.0,,"4,641,819",-100.0,,,,,,,,"34,040,000",-100.0,,"4,641,819",-100.0,,,,,,,,,,,,,,,,,,,,,,,,,,,,,,,,,,,,,,,,,,,,,,,,
R001/8235,중앙로역점,H602,신지트레이딩,"3,627,500","5,087,500",-28.7,"989,318","1,387,500",-28.7,,"826,000",-100.0,,"225,273",-100.0,,"961,000",-100.0,,"262,091",-100.0,,"916,500",-100.0,,"249,955",-100.0,,"1,014,000",-100.0,,"276,545",-100.0,,"1,370,000",-100.0,,"373,636",-100.0,"1,099,500",,0.0,"299,864",,0.0,"256,000",,0.0,"69,818",,0.0,"1,007,000",,0.0,"274,636",,0.0,"911,500",,0.0,"248,591",,0.0,"353,500",,0.0,"96,409",,0.0
R001/8235,중앙로역점,H809,충전돼지,"164,844","430,893",-61.7,"59,943","156,689",-61.7,,,,,,,,"134,291",-100.0,,"48,833",-100.0,,"137,357",-100.0,,"49,948",-100.0,,"102,885",-100.0,,"37,413",-100.0,,"56,360",-100.0,,"20,495",-100.0,"30,242",,0.0,"10,997",,0.0,,,,,,,"45,785",,0.0,"16,649",,0.0,"88,817",,0.0,"32,297",,0.0,,,,,,
R001/8235,중앙로역점,I075,아트박스,"513,575,440",,0.0,"74,701,875",,0.0,,,,,,,,,,,,,,,,,,,,,,,,,,,,,,,"45,901,670",,0.0,"6,676,609",,0.0,"132,299,520",,0.0,"19,243,569",,0.0,"112,262,410",,0.0,"16,329,075",,0.0,"84,208,870",,0.0,"12,248,559",,0.0,"138,902,970",,0.0,"20,204,063",,0.0
R001/8235,중앙로역점,I111,에스엠디지털락커,"5,917,000","5,812,000",1.8,"1,613,728","1,585,090",1.8,,"1,097,000",-100.0,,"299,182",-100.0,,"1,421,000",-100.0,,"387,545",-100.0,,"1,531,000",-100.0,,"417,545",-100.0,,"1,123,000",-100.0,,"306,273",-100.0,,"640,000",-100.0,,"174,545",-100.0,"1,373,000",,0.0,"374,455",,0.0,"1,189,000",,0.0,"324,273",,0.0,"1,416,000",,0.0,"386,182",,0.0,"1,114,000",,0.0,"303,818",,0.0,"825,000",,0.0,"225,000",,0.0
R001/8235,중앙로역점,I319,무유무유,,"2,247,660",-100.0,,"326,931",-100.0,,"2,247,660",-100.0,,"326,931",-100.0,,,,,,,,,,,,,,,,,,,,,,,,,,,,,,,,,,,,,,,,,,,,,,,,,,,,,,
R001/8235,중앙로역점,I820,솜사탕자판기,"935,000","2,690,000",-65.2,"229,500","660,273",-65.2,,"650,000",-100.0,,"159,545",-100.0,,"525,000",-100.0,,"128,864",-100.0,,"515,000",-100.0,,"126,409",-100.0,,"725,000",-100.0,,"177,955",-100.0,,"275,000",-100.0,,"67,500",-100.0,"405,000",,0.0,"99,409",,0.0,"335,000",,0.0,"82,227",,0.0,"110,000",,0.0,"27,000",,0.0,"85,000",,0.0,"20,864",,0.0,,,,,,
R001/8235,중앙로역점,#,지정되지 않음,"86,227,491","87,999,692",-2.0,"76,625,887","78,600,974",-2.5,,"17,524,733",-100.0,,"15,614,445",-100.0,,"17,538,672",-100.0,,"15,611,973",-100.0,,"17,558,081",-100.0,,"15,622,231",-100.0,,"17,446,935",-100.0,,"15,628,081",-100.0,,"17,931,271",-100.0,,"16,124,244",-100.0,"17,508,298",,0.0,"15,516,084",,0.0,"17,615,695",,0.0,"15,541,700",,0.0,"17,225,107",,0.0,"15,303,137",,0.0,"17,308,945",,0.0,"15,460,746",,0.0,"16,569,446",,0.0,"14,804,220",,0.0
R001/8237,수원터미널점,결과,,"2,219,396,689","2,030,406,213",9.3,"233,427,468","215,045,377",8.5,,"416,878,906",-100.0,,"43,726,644",-100.0,,"363,317,726",-100.0,,"37,446,436",-100.0,,"430,047,257",-100.0,,"44,154,656",-100.0,,"393,011,652",-100.0,,"44,535,515",-100.0,,"427,150,672",-100.0,,"45,182,126",-100.0,"431,834,168",,0.0,"46,931,901",,0.0,"399,876,304",,0.0,"42,698,236",,0.0,"447,455,287",,0.0,"44,442,216",,0.0,"393,493,279",,0.0,"44,317,474",,0.0,"546,737,651",,0.0,"55,037,641",,0.0
R001/8237,수원터미널점,A488,챔피온(CHAMPION),"102,503,700","116,417,400",-12.0,"9,318,514","10,583,403",-12.0,,"25,209,800",-100.0,,"2,291,803",-100.0,,"25,663,600",-100.0,,"2,333,055",-100.0,,"22,472,000",-100.0,,"2,042,909",-100.0,,"18,660,600",-100.0,,"1,696,420",-100.0,,"24,411,400",-100.0,,"2,219,216",-100.0,"22,974,500",,0.0,"2,088,592",,0.0,"20,973,100",,0.0,"1,906,645",,0.0,"20,267,300",,0.0,"1,842,481",,0.0,"13,971,200",,0.0,"1,270,105",,0.0,"24,317,600",,0.0,"2,210,691",,0.0
R001/8237,수원터미널점,B845,모던하우스공통(MODERN HOUSE,"1,439,466,145","1,307,137,130",10.1,"135,228,752","122,914,024",10.0,,"253,231,550",-100.0,,"23,837,914",-100.0,,"217,798,220",-100.0,,"20,447,471",-100.0,,"273,279,570",-100.0,,"25,681,787",-100.0,,"260,355,120",-100.0,,"24,525,085",-100.0,,"302,472,670",-100.0,,"28,421,767",-100.0,"254,538,955",,0.0,"23,968,543",,0.0,"253,485,210",,0.0,"23,864,314",,0.0,"291,340,100",,0.0,"27,360,923",,0.0,"264,316,770",,0.0,"24,793,237",,0.0,"375,785,110",,0.0,"35,241,735",,0.0
R001/8237,수원터미널점,D284,펀앤조이,"8,425,800","6,579,700",28.1,"1,531,963","1,352,151",13.3,,"742,000",-100.0,,"168,637",-100.0,,,,,,,,"1,218,000",-100.0,,"276,818",-100.0,,"1,686,000",-100.0,,"348,091",-100.0,,"2,933,700",-100.0,,"558,605",-100.0,"2,172,100",,0.0,"394,927",,0.0,"2,206,700",,0.0,"401,218",,0.0,"2,442,000",,0.0,"444,000",,0.0,"1,605,000",,0.0,"291,818",,0.0,,,,,,
R001/8237,수원터미널점,E331,배터리몬,,"146,000",-100.0,,"26,545",-100.0,,,,,,,,"102,000",-100.0,,"18,545",-100.0,,,,,,,,"44,000",-100.0,,"8,000",-100.0,,,,,,,,,,,,,,,,,,,,,,,,,,,,,,,,,,,,
R001/8237,수원터미널점,H499,락앤락,"19,778,500","21,217,900",-6.8,"2,697,067","2,893,347",-6.8,,"21,217,900",-100.0,,"2,893,347",-100.0,,,,,,,,,,,,,,,,,,,,,,,,,"19,778,500",,0.0,"2,697,067",,0.0,,,,,,,,,,,,,,,,,,,,,,,,
R001/8237,수원터미널점,H545,수엔지,"30,224,600","18,459,200",63.7,"6,869,228","4,195,273",63.7,,,,,,,,,,,,,,,,,,,,"18,459,200",-100.0,,"4,195,273",-100.0,,,,,,,"8,509,900",,0.0,"1,934,069",,0.0,"5,309,200",,0.0,"1,206,636",,0.0,,,,,,,"16,405,500",,0.0,"3,728,523",,0.0,,,,,,
R001/8237,수원터미널점,H585,하우스웨어,,"7,551,616",-100.0,,"823,814",-100.0,,,,,,,,,,,,,,"7,551,616",-100.0,,"823,814",-100.0,,,,,,,,,,,,,,,,,,,,,,,,,,,,,,,,,,,,,,,,,,
R001/8237,수원터미널점,I050,포트메리온,"10,990,200",,0.0,"1,298,844",,0.0,,,,,,,,,,,,,,,,,,,,,,,,,,,,,,,,,,,,,,,,,,,,,,,,,,,,,,,"10,990,200",,0.0,"1,298,844",,0.0
R001/8237,수원터미널점,I214,하늘아이,"18,702,000","12,646,000",47.9,"5,100,546","3,448,909",47.9,,,,,,,,,,,,,,"3,139,000",-100.0,,"856,091",-100.0,,"4,567,000",-100.0,,"1,245,545",-100.0,,"4,940,000",-100.0,,"1,347,273",-100.0,"3,983,000",,0.0,"1,086,273",,0.0,"3,545,000",,0.0,"966,818",,0.0,,,,,,,"8,060,000",,0.0,"2,198,182",,0.0,"3,114,000",,0.0,"849,273",,0.0
R001/8237,수원터미널점,I434,데이롱카페,"16,657,300","412,400","3,939.1","1,817,159","44,989","3,939.1",,,,,,,,,,,,,,,,,,,,,,,,,,"412,400",-100.0,,"44,989",-100.0,"3,487,000",,0.0,"380,400",,0.0,"3,739,900",,0.0,"407,989",,0.0,"3,332,700",,0.0,"363,567",,0.0,"3,476,900",,0.0,"379,298",,0.0,"2,620,800",,0.0,"285,905",,0.0
R001/8237,수원터미널점,I454,에프아이티,"4,988,162","527,231",846.1,"1,360,407","143,790",846.1,,,,,,,,,,,,,,,,,,,,"527,231",-100.0,,"143,790",-100.0,,,,,,,"1,047,473",,0.0,"285,675",,0.0,"1,073,474",,0.0,"292,765",,0.0,"1,049,248",,0.0,"286,158",,0.0,"1,006,216",,0.0,"274,423",,0.0,"811,751",,0.0,"221,386",,0.0
R001/8237,수원터미널점,I873,리턴마켓,"32,349,977",,0.0,"2,940,908",,0.0,,,,,,,,,,,,,,,,,,,,,,,,,,,,,,,,,,,,,,,,,,,,,,,,,,,,,,,"32,349,977",,0.0,"2,940,908",,0.0
R001/8237,수원터미널점,T691,영풍문고,"497,857,120","498,766,580",-0.2,"31,681,807","31,739,685",-0.2,,"108,060,850",-100.0,,"6,876,595",-100.0,,"111,437,660",-100.0,,"7,091,484",-100.0,,"114,483,040",-100.0,,"7,285,283",-100.0,,"80,764,050",-100.0,,"5,139,533",-100.0,,"84,020,980",-100.0,,"5,346,790",-100.0,"107,291,390",,0.0,"6,827,634",,0.0,"101,578,920",,0.0,"6,464,111",,0.0,"121,862,780",,0.0,"7,754,904",,0.0,"77,422,480",,0.0,"4,926,883",,0.0,"89,701,550",,0.0,"5,708,275",,0.0
R001/8237,수원터미널점,#,지정되지 않음,"37,453,185","40,545,056",-7.6,"33,582,273","36,879,447",-8.9,,"8,416,806",-100.0,,"7,658,348",-100.0,,"8,316,246",-100.0,,"7,555,881",-100.0,,"7,904,031",-100.0,,"7,187,954",-100.0,,"7,948,451",-100.0,,"7,233,778",-100.0,,"7,959,522",-100.0,,"7,243,486",-100.0,"8,051,350",,0.0,"7,268,721",,0.0,"7,964,800",,0.0,"7,187,740",,0.0,"7,161,159",,0.0,"6,390,183",,0.0,"7,229,213",,0.0,"6,455,005",,0.0,"7,046,663",,0.0,"6,280,624",,0.0
R001/8239,경산점,결과,,"1,137,296,436","1,077,170,028",5.6,"122,653,343","115,992,060",5.7,,"225,150,252",-100.0,,"23,586,749",-100.0,,"204,421,096",-100.0,,"22,425,130",-100.0,,"239,971,756",-100.0,,"24,897,031",-100.0,,"185,898,825",-100.0,,"21,861,050",-100.0,,"221,728,099",-100.0,,"23,222,100",-100.0,"219,011,218",,0.0,"24,417,526",,0.0,"220,341,580",,0.0,"23,873,242",,0.0,"231,815,297",,0.0,"23,744,811",,0.0,"184,165,890",,0.0,"21,196,675",,0.0,"281,962,451",,0.0,"29,421,089",,0.0
R001/8239,경산점,B845,모던하우스공통(MODERN HOUSE,"1,002,060,130","941,791,080",6.4,"93,829,268","88,185,909",6.4,,"192,020,870",-100.0,,"17,980,138",-100.0,,"171,960,350",-100.0,,"16,101,746",-100.0,,"213,758,620",-100.0,,"20,015,587",-100.0,,"164,923,580",-100.0,,"15,442,843",-100.0,,"199,127,660",-100.0,,"18,645,595",-100.0,"186,093,580",,0.0,"17,425,130",,0.0,"195,354,640",,0.0,"18,292,295",,0.0,"207,907,800",,0.0,"19,467,730",,0.0,"168,839,510",,0.0,"15,809,517",,0.0,"243,864,600",,0.0,"22,834,596",,0.0
R001/8239,경산점,H625,알리페즈,"12,868,500",,0.0,"1,754,795",,0.0,,,,,,,,,,,,,,,,,,,,,,,,,,,,,,,,,,,,,,,,,,,,,,,,,,,,,,,"12,868,500",,0.0,"1,754,795",,0.0
R001/8239,경산점,H915,다원레져,"9,337,000","13,879,000",-32.7,"1,697,636","2,523,455",-32.7,,"2,904,000",-100.0,,"528,000",-100.0,,"3,637,000",-100.0,,"661,273",-100.0,,"2,264,000",-100.0,,"411,636",-100.0,,"2,543,000",-100.0,,"462,364",-100.0,,"2,531,000",-100.0,,"460,182",-100.0,"1,830,000",,0.0,"332,727",,0.0,"1,900,000",,0.0,"345,455",,0.0,"1,893,000",,0.0,"344,182",,0.0,"1,675,000",,0.0,"304,545",,0.0,"2,039,000",,0.0,"370,727",,0.0
R001/8239,경산점,I425,아이디어마켓,"1,289,000","142,000",807.7,"351,547","38,727",807.8,,,,,,,,,,,,,,,,,,,,"142,000",-100.0,,"38,727",-100.0,,,,,,,"306,000",,0.0,"83,455",,0.0,"243,000",,0.0,"66,273",,0.0,"241,000",,0.0,"65,728",,0.0,"239,000",,0.0,"65,182",,0.0,"260,000",,0.0,"70,909",,0.0
R001/8239,경산점,I720,토이월드,"4,222,000",,0.0,"575,726",,0.0,,,,,,,,,,,,,,,,,,,,,,,,,,,,,,,,,,,,,,,,,,,"3,547,000",,0.0,"483,681",,0.0,,,,,,,"675,000",,0.0,"92,045",,0.0
R001/8239,경산점,I817,다솜쥬토피아생태체험관,"92,861,008","109,746,300",-15.4,"12,662,863","14,965,400",-15.4,,"27,580,800",-100.0,,"3,761,017",-100.0,,"27,838,500",-100.0,,"3,796,158",-100.0,,"22,318,000",-100.0,,"3,043,364",-100.0,,"13,791,000",-100.0,,"1,880,590",-100.0,,"18,218,000",-100.0,,"2,484,271",-100.0,"27,628,008",,0.0,"3,767,454",,0.0,"20,134,000",,0.0,"2,745,545",,0.0,"16,963,000",,0.0,"2,313,135",,0.0,"9,220,000",,0.0,"1,257,275",,0.0,"18,916,000",,0.0,"2,579,454",,0.0
R001/8239,경산점,I820,솜사탕자판기,"1,205,100",,0.0,"295,797",,0.0,,,,,,,,,,,,,,,,,,,,,,,,,,,,,,,,,,,,,,,,,,,,,,,,,,,,,,,"1,205,100",,0.0,"295,797",,0.0
R001/8239,경산점,I925,휴대폰케이스,"636,000",,0.0,"115,636",,0.0,,,,,,,,,,,,,,,,,,,,,,,,,,,,,,,,,,,,,,,,,,,,,,,,,,,,,,,"636,000",,0.0,"115,636",,0.0
R001/8239,경산점,#,지정되지 않음,"12,817,698","11,611,648",10.4,"11,370,075","10,278,569",10.6,,"2,644,582",-100.0,,"1,317,594",-100.0,,"985,246",-100.0,,"1,865,953",-100.0,,"1,631,136",-100.0,,"1,426,444",-100.0,,"4,499,245",-100.0,,"4,036,526",-100.0,,"1,851,439",-100.0,,"1,632,052",-100.0,"3,153,630",,0.0,"2,808,760",,0.0,"2,709,940",,0.0,"2,423,674",,0.0,"1,263,497",,0.0,"1,070,355",,0.0,"4,192,380",,0.0,"3,760,156",,0.0,"1,498,251",,0.0,"1,307,130",,0.0
R001/8241,청주점,결과,,"3,300,998,781","1,785,981,716",84.8,"296,289,738","273,682,046",8.3,,"415,199,918",-100.0,,"60,045,484",-100.0,,"353,803,173",-100.0,,"54,534,662",-100.0,,"330,877,231",-100.0,,"52,163,175",-100.0,,"284,333,452",-100.0,,"47,375,284",-100.0,,"401,767,942",-100.0,,"59,563,441",-100.0,"421,288,672",,0.0,"56,130,962",,0.0,"482,806,404",,0.0,"62,683,315",,0.0,"485,797,182",,0.0,"62,426,992",,0.0,"822,039,022",,0.0,"51,306,322",,0.0,"1,089,067,501",,0.0,"63,742,147",,0.0
R001/8241,청주점,H545,수엔지,,"8,566,200",-100.0,,"1,791,116",-100.0,,,,,,,,,,,,,,,,,,,,"857,300",-100.0,,"179,254",-100.0,,"7,708,900",-100.0,,"1,611,862",-100.0,,,,,,,,,,,,,,,,,,,,,,,,,,,,,,
R001/8241,청주점,H809,충전돼지,"729,924","557,564",30.9,"265,428","202,751",30.9,,,,,,,,"208,409",-100.0,,"75,785",-100.0,,"140,212",-100.0,,"50,986",-100.0,,"97,599",-100.0,,"35,491",-100.0,,"111,344",-100.0,,"40,489",-100.0,"152,480",,0.0,"55,447",,0.0,"158,082",,0.0,"57,485",,0.0,,,,,,,"386,790",,0.0,"140,651",,0.0,"32,572",,0.0,"11,845",,0.0
R001/8241,청주점,I075,아트박스,"427,243,240","524,720,300",-18.6,"62,144,475","76,322,940",-18.6,,"112,133,890",-100.0,,"16,310,386",-100.0,,"121,861,450",-100.0,,"17,725,289",-100.0,,"111,438,070",-100.0,,"16,209,172",-100.0,,"77,244,110",-100.0,,"11,235,507",-100.0,,"102,042,780",-100.0,,"14,842,586",-100.0,"82,954,970",,0.0,"12,066,180",,0.0,"90,351,880",,0.0,"13,142,091",,0.0,"85,015,600",,0.0,"12,365,904",,0.0,"65,611,150",,0.0,"9,543,443",,0.0,"103,309,640",,0.0,"15,026,857",,0.0
R001/8241,청주점,I251,다이소,"1,039,080,060",,0.0,1,,0.0,,,,,,,,,,,,,,,,,,,,,,,,,,,,,,,,,,,,,,,,,,,,,,,,,"453,001,960",,0.0,1,,0.0,"586,078,100",,0.0,0,,0.0
R001/8241,청주점,I310,PN풍년,"24,728,219",,0.0,"3,821,635",,0.0,,,,,,,,,,,,,,,,,,,,,,,,,,,,,,,"8,065,319",,0.0,"1,246,459",,0.0,"16,662,900",,0.0,"2,575,176",,0.0,,,,,,,,,,,,,,,,,,
R001/8241,청주점,I349,동원 천지인,,"59,000",-100.0,,"10,727",-100.0,,"59,000",-100.0,,"10,727",-100.0,,,,,,,,,,,,,,,,,,,,,,,,,,,,,,,,,,,,,,,,,,,,,,,,,,,,,,
R001/8241,청주점,I418,하우스웨어,,"23,839,540",-100.0,,"2,600,680",-100.0,,,,,,,,,,,,,,,,,,,,"15,835,720",-100.0,,"1,727,535",-100.0,,"8,003,820",-100.0,,"873,145",-100.0,,,,,,,,,,,,,,,,,,,,,,,,,,,,,,
R001/8241,청주점,I718,루루박스,"143,465,336",,0.0,"13,042,308",,0.0,,,,,,,,,,,,,,,,,,,,,,,,,,,,,,,"35,931,020",,0.0,"3,266,460",,0.0,"25,301,570",,0.0,"2,300,143",,0.0,"24,266,330",,0.0,"2,206,027",,0.0,"29,153,480",,0.0,"2,650,319",,0.0,"28,812,936",,0.0,"2,619,359",,0.0
R001/8241,청주점,I763,인까사,"75,282,100","49,366,000",52.5,"8,212,595","5,385,382",52.5,,"9,808,000",-100.0,,"1,069,964",-100.0,,"7,344,000",-100.0,,"801,162",-100.0,,"11,659,000",-100.0,,"1,271,892",-100.0,,"5,849,000",-100.0,,"638,073",-100.0,,"14,706,000",-100.0,,"1,604,291",-100.0,"11,705,000",,0.0,"1,276,910",,0.0,"18,381,100",,0.0,"2,005,211",,0.0,"9,750,000",,0.0,"1,063,636",,0.0,"11,896,000",,0.0,"1,297,746",,0.0,"23,550,000",,0.0,"2,569,092",,0.0
R001/8241,청주점,I815,바디프랜드,"2,378,500",,0.0,"648,682",,0.0,,,,,,,,,,,,,,,,,,,,,,,,,,,,,,,,,,,,,"874,200",,0.0,"238,418",,0.0,"385,000",,0.0,"105,000",,0.0,"562,100",,0.0,"153,300",,0.0,"557,200",,0.0,"151,964",,0.0
R001/8241,청주점,I816,예스24,"329,598,600","348,889,298",-5.5,"11,985,404","12,686,895",-5.5,,"75,960,500",-100.0,,"2,762,199",-100.0,,"78,377,099",-100.0,,"2,850,077",-100.0,,"75,139,666",-100.0,,"2,732,351",-100.0,,"52,084,863",-100.0,,"1,894,003",-100.0,,"67,327,170",-100.0,,"2,448,265",-100.0,"72,712,000",,0.0,"2,644,074",,0.0,"72,965,500",,0.0,"2,653,291",,0.0,"69,139,900",,0.0,"2,514,181",,0.0,"50,586,800",,0.0,"1,839,517",,0.0,"64,194,400",,0.0,"2,334,341",,0.0
R001/8241,청주점,I876,작은북유럽,"7,447,000",,0.0,"1,354,001",,0.0,,,,,,,,,,,,,,,,,,,,,,,,,,,,,,,,,,,,,,,,,,,"7,447,000",,0.0,"1,354,001",,0.0,,,,,,,,,,,,
R001/8241,청주점,I889,스포츠아카데미,"56,316,500","35,636,500",58.0,"5,119,682","3,239,685",58.0,,"41,000",-100.0,,"3,729",-100.0,,"14,058,000",-100.0,,"1,278,001",-100.0,,"6,570,000",-100.0,,"597,273",-100.0,,"7,344,500",-100.0,,"667,682",-100.0,,"7,623,000",-100.0,,"693,000",-100.0,"12,340,000",,0.0,"1,121,818",,0.0,,,,,,,"12,520,000",,0.0,"1,138,182",,0.0,"21,020,000",,0.0,"1,910,909",,0.0,"10,436,500",,0.0,"948,773",,0.0
R001/8241,청주점,I901,인더캡슐,"52,281,960",,0.0,"4,752,904",,0.0,,,,,,,,,,,,,,,,,,,,,,,,,,,,,,,,,,,,,,,,,,,,,,,,,"27,303,160",,0.0,"2,482,103",,0.0,"24,978,800",,0.0,"2,270,801",,0.0
R001/8241,청주점,T444,씨지브이(CGV),"1,038,372,254","670,017,650",55.0,"94,397,468","60,910,684",55.0,,"191,852,443",-100.0,,"17,441,131",-100.0,,"106,869,509",-100.0,,"9,715,405",-100.0,,"100,850,541",-100.0,,"9,168,234",-100.0,,"100,665,433",-100.0,,"9,151,400",-100.0,,"169,779,724",-100.0,,"15,434,514",-100.0,"175,841,127",,0.0,"15,985,553",,0.0,"236,657,120",,0.0,"21,514,277",,0.0,"256,396,548",,0.0,"23,308,775",,0.0,"141,846,298",,0.0,"12,895,121",,0.0,"227,631,161",,0.0,"20,693,742",,0.0
R001/8241,청주점,#,지정되지 않음,"104,075,088","124,329,664",-16.3,"90,545,155","110,531,186",-18.1,,"25,345,085",-100.0,,"22,447,348",-100.0,,"25,084,706",-100.0,,"22,088,943",-100.0,,"25,079,742",-100.0,,"22,133,267",-100.0,,"24,354,927",-100.0,,"21,846,339",-100.0,,"24,465,204",-100.0,,"22,015,289",-100.0,"21,586,756",,0.0,"18,468,061",,0.0,"21,454,052",,0.0,"18,197,223",,0.0,"20,876,804",,0.0,"18,371,286",,0.0,"20,671,284",,0.0,"18,393,212",,0.0,"19,486,192",,0.0,"17,115,373",,0.0
R001/8242,신구로점,결과,,"3,339,757,788","2,876,452,167",16.1,"426,911,899","387,673,595",10.1,,"559,308,842",-100.0,,"74,539,194",-100.0,,"728,045,055",-100.0,,"103,089,976",-100.0,,"566,886,696",-100.0,,"70,536,831",-100.0,,"466,438,360",-100.0,,"64,729,631",-100.0,,"555,773,214",-100.0,,"74,777,963",-100.0,"581,266,251",,0.0,"72,102,868",,0.0,"808,048,961",,0.0,"106,813,259",,0.0,"627,157,754",,0.0,"75,195,389",,0.0,"568,528,035",,0.0,"75,759,940",,0.0,"754,756,787",,0.0,"97,040,443",,0.0
R001/8242,신구로점,A445,꾸까,"108,506,933","96,726,180",12.2,"19,470,021","17,373,469",12.1,,"15,976,900",-100.0,,"2,868,913",-100.0,,"18,609,720",-100.0,,"3,342,766",-100.0,,"18,665,780",-100.0,,"3,350,155",-100.0,,"15,022,150",-100.0,,"2,697,596",-100.0,,"28,451,630",-100.0,,"5,114,039",-100.0,"22,884,820",,0.0,"4,110,185",,0.0,"15,591,500",,0.0,"2,794,444",,0.0,"23,863,292",,0.0,"4,282,803",,0.0,"13,504,997",,0.0,"2,421,121",,0.0,"32,662,324",,0.0,"5,861,468",,0.0
R001/8242,신구로점,B845,모던하우스공통(MODERN HOUSE,"603,889,052","512,528,601",17.8,"65,962,885","55,976,135",17.8,,"100,137,510",-100.0,,"10,932,901",-100.0,,"91,373,990",-100.0,,"9,980,660",-100.0,,"112,662,520",-100.0,,"12,304,758",-100.0,,"89,989,530",-100.0,,"9,828,181",-100.0,,"118,365,051",-100.0,,"12,929,635",-100.0,"111,365,520",,0.0,"12,159,707",,0.0,"116,478,320",,0.0,"12,717,005",,0.0,"119,732,062",,0.0,"13,088,949",,0.0,"108,596,190",,0.0,"11,863,343",,0.0,"147,716,960",,0.0,"16,133,881",,0.0
R001/8242,신구로점,C425,북스리브로,,"508,542,560",-100.0,,"19,608,834",-100.0,,"112,662,760",-100.0,,"4,341,149",-100.0,,"97,715,410",-100.0,,"3,758,882",-100.0,,"129,601,980",-100.0,,"5,015,486",-100.0,,"79,485,780",-100.0,,"3,071,616",-100.0,,"89,076,630",-100.0,,"3,421,701",-100.0,,,,,,,,,,,,,,,,,,,,,,,,,,,,,,
R001/8242,신구로점,E901,블럭버스,,"29,149,650",-100.0,,"2,782,443",-100.0,,"6,340,780",-100.0,,"605,249",-100.0,,"5,799,940",-100.0,,"553,627",-100.0,,"6,158,550",-100.0,,"587,859",-100.0,,"4,629,130",-100.0,,"441,867",-100.0,,"6,221,250",-100.0,,"593,841",-100.0,,,,,,,,,,,,,,,,,,,,,,,,,,,,,,
R001/8242,신구로점,H499,락앤락,"187,804,900","194,040,486",-3.2,"25,609,760","26,460,067",-3.2,,,,,,,,"194,081,886",-100.0,,"26,465,713",-100.0,,"-41,400",100.0,,"-5,646",100.0,,,,,,,,,,,,,,,,,,,"187,804,900",,0.0,"25,609,760",,0.0,,,,,,,,,,,,,,,,,,
R001/8242,신구로점,H545,수엔지,"41,852,700","46,328,400",-9.7,"9,511,979","10,529,181",-9.7,,,,,,,,"46,398,300",-100.0,,"10,545,068",-100.0,,"-69,900",100.0,,"-15,887",100.0,,,,,,,,,,,,,0,,0.0,0,,0.0,,,,,,,,,,,,,"42,410,000",,0.0,"9,638,638",,0.0,"-557,300",,0.0,"-126,659",,0.0
R001/8242,신구로점,H599,정관장,"161,925,620","122,851,715",31.8,"31,324,828","24,508,198",27.8,,"53,190,765",-100.0,,"9,827,296",-100.0,,"12,255,600",-100.0,,"2,758,370",-100.0,,"10,925,800",-100.0,,"2,308,490",-100.0,,"18,160,150",-100.0,,"3,800,947",-100.0,,"28,319,400",-100.0,,"5,813,095",-100.0,"26,094,270",,0.0,"5,042,529",,0.0,"72,756,470",,0.0,"13,510,672",,0.0,"14,300,700",,0.0,"3,252,466",,0.0,"18,754,170",,0.0,"3,666,681",,0.0,"30,020,010",,0.0,"5,852,480",,0.0
R001/8242,신구로점,H600,인생네컷,"18,418,500","20,966,000",-12.2,"2,637,194","3,001,950",-12.2,,"5,818,500",-100.0,,"833,104",-100.0,,"3,993,000",-100.0,,"571,725",-100.0,,"4,331,000",-100.0,,"620,120",-100.0,,"2,928,500",-100.0,,"419,308",-100.0,,"3,895,000",-100.0,,"557,693",-100.0,"4,373,500",,0.0,"626,205",,0.0,"3,734,000",,0.0,"534,641",,0.0,"4,088,500",,0.0,"585,399",,0.0,"2,468,000",,0.0,"353,373",,0.0,"3,754,500",,0.0,"537,576",,0.0
R001/8242,신구로점,H636,아르페지오,"26,397,400",,0.0,"5,999,410",,0.0,,,,,,,,,,,,,,,,,,,,,,,,,,,,,,,,,,,,,"15,463,400",,0.0,"3,514,410",,0.0,"10,934,000",,0.0,"2,485,000",,0.0,,,,,,,,,,,,
R001/8242,신구로점,H911,타카플레이,"40,369,300",,0.0,"5,504,901",,0.0,,,,,,,,,,,,,,,,,,,,,,,,,,,,,,,"7,455,600",,0.0,"1,016,673",,0.0,"7,703,700",,0.0,"1,050,507",,0.0,"8,086,000",,0.0,"1,102,633",,0.0,"6,375,200",,0.0,"869,345",,0.0,"10,748,800",,0.0,"1,465,743",,0.0
R001/8242,신구로점,I075,아트박스,"69,263,460",,0.0,"10,074,681",,0.0,,,,,,,,,,,,,,,,,,,,,,,,,,,,,,,,,,,,,,,,,,,,,,,,,,,,,,,"69,263,460",,0.0,"10,074,681",,0.0
R001/8242,신구로점,I251,다이소,"1,336,742,800","1,128,284,900",18.5,"78,989,290","66,671,318",18.5,,"221,960,500",-100.0,,"13,115,835",-100.0,,"212,480,400",-100.0,,"12,555,653",-100.0,,"241,506,700",-100.0,,"14,270,834",-100.0,,"214,859,700",-100.0,,"12,696,240",-100.0,,"237,477,600",-100.0,,"14,032,756",-100.0,"255,388,100",,0.0,"15,091,103",,0.0,"244,500,900",,0.0,"14,447,770",,0.0,"284,996,100",,0.0,"16,840,668",,0.0,"256,330,500",,0.0,"15,146,791",,0.0,"295,527,200",,0.0,"17,462,958",,0.0
R001/8242,신구로점,I302,캐칭덕,"10,641,000","20,463,000",-48.0,"1,934,728","3,720,545",-48.0,,"4,692,000",-100.0,,"853,091",-100.0,,"4,652,000",-100.0,,"845,818",-100.0,,"3,886,000",-100.0,,"706,545",-100.0,,"3,521,000",-100.0,,"640,182",-100.0,,"3,712,000",-100.0,,"674,909",-100.0,"2,020,000",,0.0,"367,273",,0.0,"2,133,000",,0.0,"387,818",,0.0,"2,108,000",,0.0,"383,273",,0.0,"2,472,000",,0.0,"449,455",,0.0,"1,908,000",,0.0,"346,909",,0.0
R001/8242,신구로점,I308,티아츠코리아,"22,876,500","26,983,500",-15.2,"4,783,267","5,642,005",-15.2,,"4,642,500",-100.0,,"970,705",-100.0,,"6,747,000",-100.0,,"1,410,736",-100.0,,"5,226,000",-100.0,,"1,092,709",-100.0,,"3,969,000",-100.0,,"829,882",-100.0,,"6,399,000",-100.0,,"1,337,973",-100.0,"4,272,000",,0.0,"893,236",,0.0,"3,087,000",,0.0,"645,464",,0.0,"1,243,500",,0.0,"260,004",,0.0,"5,238,000",,0.0,"1,095,218",,0.0,"9,036,000",,0.0,"1,889,345",,0.0
R001/8242,신구로점,I732,종로서적,"543,102,297",,0.0,"34,561,046",,0.0,,,,,,,,,,,,,,,,,,,,,,,,,,,,,,,"119,290,797",,0.0,"7,591,229",,0.0,"111,044,480",,0.0,"7,066,463",,0.0,"129,360,760",,0.0,"8,232,048",,0.0,"83,621,730",,0.0,"5,321,384",,0.0,"99,784,530",,0.0,"6,349,922",,0.0
R001/8242,신구로점,I815,바디프랜드,"4,507,500",,0.0,"1,229,319",,0.0,,,,,,,,,,,,,,,,,,,,,,,,,,,,,,,,,,,,,"441,000",,0.0,"120,273",,0.0,"1,245,100",,0.0,"339,573",,0.0,"1,141,400",,0.0,"311,291",,0.0,"1,680,000",,0.0,"458,182",,0.0
R001/8242,신구로점,I958,파도가,"26,052,600",,0.0,"6,277,990",,0.0,,,,,,,,,,,,,,,,,,,,,,,,,,,,,,,,,,,,,,,,,,,,,,,,,"192,800",,0.0,"45,409",,0.0,"25,859,800",,0.0,"6,232,581",,0.0
R001/8242,신구로점,#,지정되지 않음,"137,407,226","169,587,175",-19.0,"123,040,600","151,399,450",-18.7,,"33,886,627",-100.0,,"30,190,951",-100.0,,"33,937,809",-100.0,,"30,300,958",-100.0,,"34,033,666",-100.0,,"30,301,408",-100.0,,"33,873,420",-100.0,,"30,303,812",-100.0,,"33,855,653",-100.0,,"30,302,321",-100.0,"28,121,644",,0.0,"25,204,728",,0.0,"27,310,291",,0.0,"24,414,032",,0.0,"27,199,740",,0.0,"24,342,573",,0.0,"27,423,048",,0.0,"24,577,891",,0.0,"27,352,503",,0.0,"24,501,376",,0.0
R001/8243,NC대전 유성점,결과,,"6,350,530,503","5,229,019,216",21.4,"1,393,583,445","1,301,513,583",7.1,,"1,123,248,328",-100.0,,"267,511,382",-100.0,,"1,163,482,703",-100.0,,"276,657,460",-100.0,,"1,047,143,373",-100.0,,"259,006,236",-100.0,,"889,413,096",-100.0,,"245,619,873",-100.0,,"1,005,731,716",-100.0,,"252,718,632",-100.0,"1,300,260,313",,0.0,"280,170,718",,0.0,"1,381,124,404",,0.0,"290,365,511",,0.0,"1,208,755,665",,0.0,"270,647,559",,0.0,"1,129,085,201",,0.0,"267,147,385",,0.0,"1,331,304,920",,0.0,"285,252,272",,0.0
R001/8243,NC대전 유성점,E406,인생네컷,"22,933,000","35,334,000",-35.1,"2,710,263","4,175,837",-35.1,,"8,743,500",-100.0,,"1,033,323",-100.0,,,,,,,,"14,472,000",-100.0,,"1,710,327",-100.0,,"5,988,500",-100.0,,"707,732",-100.0,,"6,130,000",-100.0,,"724,455",-100.0,"7,782,500",,0.0,"919,750",,0.0,,,,,,,"7,311,500",,0.0,"864,086",,0.0,"7,839,000",,0.0,"926,427",,0.0,,,,,,
R001/8243,NC대전 유성점,E878,소노시즌,"62,136,850","78,747,308",-21.1,"11,297,607","14,317,695",-21.1,,"16,378,800",-100.0,,"2,977,963",-100.0,,"21,956,000",-100.0,,"3,991,999",-100.0,,"10,212,908",-100.0,,"1,856,894",-100.0,,"13,672,400",-100.0,,"2,485,894",-100.0,,"16,527,200",-100.0,,"3,004,945",-100.0,"13,205,600",,0.0,"2,401,015",,0.0,"2,553,000",,0.0,"464,181",,0.0,"18,328,500",,0.0,"3,332,455",,0.0,"8,523,750",,0.0,"1,549,774",,0.0,"19,526,000",,0.0,"3,550,182",,0.0
R001/8243,NC대전 유성점,E969,휘게문고,"455,872,870","428,961,830",6.3,"35,383,524","33,324,179",6.2,,"101,317,030",-100.0,,"7,872,676",-100.0,,"93,117,820",-100.0,,"7,247,562",-100.0,,"80,949,260",-100.0,,"6,292,185",-100.0,,"61,077,120",-100.0,,"4,734,829",-100.0,,"92,500,600",-100.0,,"7,176,927",-100.0,"100,618,530",,0.0,"7,819,956",,0.0,"101,078,860",,0.0,"7,849,357",,0.0,"85,213,600",,0.0,"6,619,657",,0.0,"68,649,400",,0.0,"5,325,030",,0.0,"100,312,480",,0.0,"7,769,524",,0.0
R001/8243,NC대전 유성점,E972,방탈출게임,"157,661,000","178,306,000",-11.6,"17,199,376","19,451,566",-11.6,,"46,359,000",-100.0,,"5,057,346",-100.0,,"43,450,000",-100.0,,"4,740,000",-100.0,,"32,316,000",-100.0,,"3,525,382",-100.0,,"23,087,000",-100.0,,"2,518,583",-100.0,,"33,094,000",-100.0,,"3,610,255",-100.0,"38,264,000",,0.0,"4,174,253",,0.0,"36,613,000",,0.0,"3,994,144",,0.0,"25,457,000",,0.0,"2,777,125",,0.0,"22,436,000",,0.0,"2,447,562",,0.0,"34,891,000",,0.0,"3,806,292",,0.0
R001/8243,NC대전 유성점,E986,아트키즈,"29,901,500","37,827,300",-21.0,"3,669,711","4,642,419",-21.0,,"13,067,000",-100.0,,"1,603,671",-100.0,,"9,400,200",-100.0,,"1,153,655",-100.0,,"5,264,600",-100.0,,"646,106",-100.0,,"3,759,500",-100.0,,"461,391",-100.0,,"6,336,000",-100.0,,"777,596",-100.0,"8,634,000",,0.0,"1,059,621",,0.0,"7,797,500",,0.0,"956,962",,0.0,"4,763,800",,0.0,"584,645",,0.0,"2,461,700",,0.0,"302,113",,0.0,"6,244,500",,0.0,"766,370",,0.0
R001/8243,NC대전 유성점,H499,락앤락,"43,836,530",,0.0,"5,977,710",,0.0,,,,,,,,,,,,,,,,,,,,,,,,,,,,,,,,,,,,,,,,,,,,,,,,,"43,836,530",,0.0,"5,977,710",,0.0,,,,,,
R001/8243,NC대전 유성점,H613,레노마홈,"45,230,800","44,147,100",2.5,"7,401,398","7,224,068",2.5,,"8,064,400",-100.0,,"1,319,628",-100.0,,"7,517,500",-100.0,,"1,230,138",-100.0,,"8,671,000",-100.0,,"1,418,891",-100.0,,"9,310,000",-100.0,,"1,523,452",-100.0,,"10,584,200",-100.0,,"1,731,959",-100.0,"10,905,800",,0.0,"1,784,585",,0.0,"7,054,000",,0.0,"1,154,290",,0.0,"8,555,800",,0.0,"1,400,039",,0.0,"6,184,500",,0.0,"1,012,007",,0.0,"12,530,700",,0.0,"2,050,477",,0.0
R001/8243,NC대전 유성점,H617,리늄아티카,"88,248,300","61,052,200",44.5,"18,451,921","12,765,461",44.5,,"8,904,300",-100.0,,"1,861,806",-100.0,,"11,022,500",-100.0,,"2,304,707",-100.0,,"12,650,100",-100.0,,"2,645,024",-100.0,,"12,207,300",-100.0,,"2,552,434",-100.0,,"16,268,000",-100.0,,"3,401,490",-100.0,"19,694,300",,0.0,"4,117,900",,0.0,"16,938,000",,0.0,"3,541,583",,0.0,"17,621,000",,0.0,"3,684,392",,0.0,"14,862,000",,0.0,"3,107,508",,0.0,"19,133,000",,0.0,"4,000,538",,0.0
R001/8243,NC대전 유성점,H625,알리페즈,"24,699,700",,0.0,"3,368,145",,0.0,,,,,,,,,,,,,,,,,,,,,,,,,,,,,,,,,,,,,"12,430,600",,0.0,"1,695,084",,0.0,"12,269,100",,0.0,"1,673,061",,0.0,,,,,,,,,,,,
R001/8243,NC대전 유성점,H803,알뜨레노띠,"223,378,100","121,040,100",84.5,"34,522,071","18,706,198",84.5,,"27,260,000",-100.0,,"4,212,909",-100.0,,"24,970,000",-100.0,,"3,859,001",-100.0,,"31,280,000",-100.0,,"4,834,181",-100.0,,"15,680,100",-100.0,,"2,423,290",-100.0,,"21,850,000",-100.0,,"3,376,817",-100.0,"44,948,000",,0.0,"6,946,508",,0.0,"54,830,000",,0.0,"8,473,729",,0.0,"35,250,000",,0.0,"5,447,726",,0.0,"31,570,100",,0.0,"4,879,015",,0.0,"56,780,000",,0.0,"8,775,093",,0.0
R001/8243,NC대전 유성점,H809,충전돼지,"258,426","318,066",-18.8,"93,974","115,661",-18.8,,,,,,,,"122,977",-100.0,,"44,719",-100.0,,"83,852",-100.0,,"30,492",-100.0,,"53,505",-100.0,,"19,456",-100.0,,"57,732",-100.0,,"20,994",-100.0,"64,607",,0.0,"23,494",,0.0,"43,990",,0.0,"15,996",,0.0,"57,732",,0.0,"20,994",,0.0,"59,107",,0.0,"21,494",,0.0,"32,990",,0.0,"11,996",,0.0
R001/8243,NC대전 유성점,H911,타카플레이,"50,711,100","61,197,900",-17.1,"6,915,140","8,345,160",-17.1,,"16,231,000",-100.0,,"2,213,318",-100.0,,"14,243,700",-100.0,,"1,942,324",-100.0,,"11,980,100",-100.0,,"1,633,649",-100.0,,"8,356,000",-100.0,,"1,139,451",-100.0,,"10,387,100",-100.0,,"1,416,418",-100.0,"11,250,700",,0.0,"1,534,182",,0.0,"11,207,400",,0.0,"1,528,279",,0.0,"8,172,800",,0.0,"1,114,477",,0.0,"6,689,600",,0.0,"912,214",,0.0,"13,390,600",,0.0,"1,825,988",,0.0
R001/8243,NC대전 유성점,H916,키즈맥스,"6,419,000","14,511,500",-55.8,"1,458,865","3,298,068",-55.8,,"3,826,500",-100.0,,"869,659",-100.0,,,,,,,,"6,674,000",-100.0,,"1,516,818",-100.0,,"2,110,500",-100.0,,"479,659",-100.0,,"1,900,500",-100.0,,"431,932",-100.0,"2,031,500",,0.0,"461,705",,0.0,,,,,,,"2,031,500",,0.0,"461,705",,0.0,"2,356,000",,0.0,"535,455",,0.0,,,,,,
R001/8243,NC대전 유성점,I038,랄라컬쳐클럽,"59,334,320","59,930,500",-1.0,"5,933,432","5,993,050",-1.0,,"10,941,000",-100.0,,"1,094,100",-100.0,,"13,614,500",-100.0,,"1,361,450",-100.0,,"7,149,000",-100.0,,"714,900",-100.0,,"13,589,500",-100.0,,"1,358,950",-100.0,,"14,636,500",-100.0,,"1,463,650",-100.0,"19,376,970",,0.0,"1,937,697",,0.0,"2,836,800",,0.0,"283,680",,0.0,"17,365,700",,0.0,"1,736,570",,0.0,"19,357,150",,0.0,"1,935,715",,0.0,"397,700",,0.0,"39,770",,0.0
R001/8243,NC대전 유성점,I045,템퍼,"107,455,800","140,031,300",-23.3,"16,606,802","21,641,203",-23.3,,"26,487,050",-100.0,,"4,093,454",-100.0,,"32,576,750",-100.0,,"5,034,590",-100.0,,"21,875,600",-100.0,,"3,380,777",-100.0,,"34,110,250",-100.0,,"5,271,583",-100.0,,"24,981,650",-100.0,,"3,860,799",-100.0,"10,570,800",,0.0,"1,633,670",,0.0,"18,760,800",,0.0,"2,899,395",,0.0,"31,312,800",,0.0,"4,839,249",,0.0,"20,813,000",,0.0,"3,216,554",,0.0,"25,998,400",,0.0,"4,017,934",,0.0
R001/8243,NC대전 유성점,I075,아트박스,"30,031,650",,0.0,"4,368,240",,0.0,,,,,,,,,,,,,,,,,,,,,,,,,,,,,,,,,,,,,,,,,,,,,,,,,,,,,,,"30,031,650",,0.0,"4,368,240",,0.0
R001/8243,NC대전 유성점,I222,미다움아트,,"24,067,500",-100.0,,"4,375,913",-100.0,,"3,199,000",-100.0,,"581,637",-100.0,,"4,744,000",-100.0,,"862,543",-100.0,,"5,219,500",-100.0,,"949,001",-100.0,,"4,387,000",-100.0,,"797,640",-100.0,,"6,518,000",-100.0,,"1,185,092",-100.0,,,,,,,,,,,,,,,,,,,,,,,,,,,,,,
R001/8243,NC대전 유성점,I229,롬베드,,"41,183,000",-100.0,,"6,364,647",-100.0,,"6,980,000",-100.0,,"1,078,729",-100.0,,"10,205,000",-100.0,,"1,577,135",-100.0,,"11,180,000",-100.0,,"1,727,820",-100.0,,"6,648,000",-100.0,,"1,027,418",-100.0,,"6,170,000",-100.0,,"953,545",-100.0,,,,,,,,,,,,,,,,,,,,,,,,,,,,,,
R001/8243,NC대전 유성점,I230,뭉스베,"11,489,000","12,115,655",-5.2,"1,984,464","2,092,704",-5.2,,"1,855,000",-100.0,,"320,409",-100.0,,,,,,,,"4,950,000",-100.0,,"855,000",-100.0,,"3,555,500",-100.0,,"614,132",-100.0,,"1,755,155",-100.0,,"303,163",-100.0,"3,169,000",,0.0,"547,373",,0.0,,,,,,,"3,600,000",,0.0,"621,818",,0.0,"4,720,000",,0.0,"815,273",,0.0,,,,,,
R001/8243,NC대전 유성점,I236,라미에스,"314,035,588","143,993,500",118.1,"42,823,037","19,635,466",118.1,,"45,246,000",-100.0,,"6,169,907",-100.0,,"30,883,000",-100.0,,"4,211,316",-100.0,,"18,453,000",-100.0,,"2,516,315",-100.0,,"29,705,000",-100.0,,"4,050,679",-100.0,,"19,706,500",-100.0,,"2,687,249",-100.0,"76,019,500",,0.0,"10,366,295",,0.0,"73,862,000",,0.0,"10,072,088",,0.0,"60,600,088",,0.0,"8,263,652",,0.0,"50,927,000",,0.0,"6,944,596",,0.0,"52,627,000",,0.0,"7,176,406",,0.0
R001/8243,NC대전 유성점,I251,다이소,"2,060,206,400","1,969,699,800",4.6,"131,104,040","125,344,522",4.6,,"401,375,800",-100.0,,"25,542,094",-100.0,,"403,610,500",-100.0,,"25,684,305",-100.0,,"434,281,200",-100.0,,"27,636,072",-100.0,,"345,748,500",-100.0,,"22,002,176",-100.0,,"384,683,800",-100.0,,"24,479,875",-100.0,"415,856,600",,0.0,"26,463,599",,0.0,"394,410,400",,0.0,"25,098,843",,0.0,"426,607,400",,0.0,"27,147,744",,0.0,"370,862,500",,0.0,"23,600,340",,0.0,"452,469,500",,0.0,"28,793,514",,0.0
R001/8243,NC대전 유성점,I330,키즈인더룸,"99,305,009","138,700,900",-28.4,"10,833,264","15,130,998",-28.4,,"45,203,000",-100.0,,"4,931,231",-100.0,,"35,494,900",-100.0,,"3,872,167",-100.0,,"22,851,000",-100.0,,"2,492,836",-100.0,,"14,273,000",-100.0,,"1,557,056",-100.0,,"20,879,000",-100.0,,"2,277,708",-100.0,"25,256,000",,0.0,"2,755,196",,0.0,"27,021,000",,0.0,"2,947,745",,0.0,"15,900,000",,0.0,"1,734,543",,0.0,"11,151,009",,0.0,"1,216,474",,0.0,"19,977,000",,0.0,"2,179,306",,0.0
R001/8243,NC대전 유성점,I378,씰리,"156,247,009","88,124,900",77.3,"24,147,259","13,619,301",77.3,,,,,,,,"70,263,000",-100.0,,"10,858,825",-100.0,,"-2,690,000",100.0,,"-415,728",100.0,,0,0.0,,0,0.0,,"20,551,900",-100.0,,"3,176,204",-100.0,"11,630,000",,0.0,"1,797,364",,0.0,"72,372,001",,0.0,"11,184,764",,0.0,"24,867,000",,0.0,"3,843,081",,0.0,"16,226,008",,0.0,"2,507,652",,0.0,"31,152,000",,0.0,"4,814,398",,0.0
R001/8243,NC대전 유성점,I657,지미헤르츠,"87,583,700",,0.0,"7,962,156",,0.0,,,,,,,,,,,,,,,,,,,,,,,,,,,,,,,"17,559,000",,0.0,"1,596,273",,0.0,"17,819,300",,0.0,"1,619,937",,0.0,"15,699,100",,0.0,"1,427,192",,0.0,"19,090,000",,0.0,"1,735,453",,0.0,"17,416,300",,0.0,"1,583,301",,0.0
R001/8243,NC대전 유성점,I684,일룸(ILOOM),"499,803,300",,0.0,"36,349,332",,0.0,,,,,,,,,,,,,,,,,,,,,,,,,,,,,,,"122,563,000",,0.0,"8,913,673",,0.0,"124,124,000",,0.0,"9,027,199",,0.0,"100,363,800",,0.0,"7,299,182",,0.0,"66,113,500",,0.0,"4,808,258",,0.0,"86,639,000",,0.0,"6,301,020",,0.0
R001/8243,NC대전 유성점,I686,대교 트니트니PLUS,"160,953,500",,0.0,"16,095,350",,0.0,,,,,,,,,,,,,,,,,,,,,,,,,,,,,,,"4,079,500",,0.0,"407,950",,0.0,"79,821,000",,0.0,"7,982,100",,0.0,"-1,095,500",,0.0,"-109,550",,0.0,"38,305,000",,0.0,"3,830,500",,0.0,"39,843,500",,0.0,"3,984,350",,0.0
R001/8243,NC대전 유성점,I820,솜사탕자판기,"5,980,000","11,640,000",-48.6,"1,467,818","2,857,091",-48.6,,"2,030,000",-100.0,,"498,273",-100.0,,,,,,,,"5,135,000",-100.0,,"1,260,409",-100.0,,"2,220,000",-100.0,,"544,909",-100.0,,"2,255,000",-100.0,,"553,500",-100.0,"1,375,000",,0.0,"337,500",,0.0,,,,,,,,,,,,,"4,605,000",,0.0,"1,130,318",,0.0,,,,,,
R001/8243,NC대전 유성점,I933,그랜드침대,"209,995,000","142,826,000",47.0,"32,453,770","22,073,109",47.0,,"34,990,000",-100.0,,"5,407,545",-100.0,,"38,546,000",-100.0,,"5,957,111",-100.0,,"21,380,000",-100.0,,"3,304,181",-100.0,,"29,220,000",-100.0,,"4,515,819",-100.0,,"18,690,000",-100.0,,"2,888,453",-100.0,"40,590,000",,0.0,"6,273,000",,0.0,"42,050,000",,0.0,"6,498,638",,0.0,"36,660,000",,0.0,"5,665,633",,0.0,"43,355,000",,0.0,"6,803,813",,0.0,"47,340,000",,0.0,"7,212,686",,0.0
R001/8243,NC대전 유성점,T515,플레이타임,"324,259,480","362,858,610",-10.6,"35,373,762","39,584,580",-10.6,,"91,334,400",-100.0,,"9,963,752",-100.0,,"90,618,560",-100.0,,"9,885,662",-100.0,,"70,697,850",-100.0,,"7,712,495",-100.0,,"45,039,600",-100.0,,"4,913,410",-100.0,,"65,168,200",-100.0,,"7,109,261",-100.0,"88,512,140",,0.0,"9,655,869",,0.0,"79,008,190",,0.0,"8,619,073",,0.0,"52,583,450",,0.0,"5,736,378",,0.0,"41,500,650",,0.0,"4,527,344",,0.0,"62,655,050",,0.0,"6,835,098",,0.0
R001/8243,NC대전 유성점,T546,인까사,"41,418,000","42,358,000",-2.2,"8,660,128","8,763,946",-1.2,,"4,813,000",-100.0,,"913,627",-100.0,,"6,937,000",-100.0,,"1,450,464",-100.0,,"13,708,000",-100.0,,"2,866,219",-100.0,,"6,800,000",-100.0,,"1,421,818",-100.0,,"10,100,000",-100.0,,"2,111,818",-100.0,"11,940,000",,0.0,"2,496,546",,0.0,"4,260,000",,0.0,"890,727",,0.0,"5,630,000",,0.0,"1,177,182",,0.0,"11,788,000",,0.0,"2,464,763",,0.0,"7,800,000",,0.0,"1,630,910",,0.0
R001/8243,NC대전 유성점,#,지정되지 않음,"971,145,571","990,046,247",-1.9,"868,970,886","887,670,741",-2.1,,"198,642,548",-100.0,,"177,894,325",-100.0,,"200,188,796",-100.0,,"179,387,787",-100.0,,"198,399,403",-100.0,,"177,895,990",-100.0,,"198,814,821",-100.0,,"178,498,112",-100.0,,"194,000,679",-100.0,,"173,994,527",-100.0,"194,363,266",,0.0,"173,745,744",,0.0,"194,232,563",,0.0,"173,567,717",,0.0,"193,629,495",,0.0,"173,284,523",,0.0,"194,803,697",,0.0,"174,614,023",,0.0,"194,116,550",,0.0,"173,758,879",,0.0
R001/8501,쇼핑점,결과,,"1,530,312,147","1,304,680,704",17.3,"218,278,490","198,973,161",9.7,,"252,542,864",-100.0,,"38,920,122",-100.0,,"232,361,906",-100.0,,"38,314,008",-100.0,,"316,313,106",-100.0,,"44,603,799",-100.0,,"234,473,338",-100.0,,"39,625,775",-100.0,,"268,989,490",-100.0,,"37,509,457",-100.0,"243,117,994",,0.0,"36,176,938",,0.0,"224,243,362",,0.0,"33,284,878",,0.0,"318,171,286",,0.0,"45,899,850",,0.0,"433,422,288",,0.0,"61,087,809",,0.0,"311,357,217",,0.0,"41,829,015",,0.0
R001/8501,쇼핑점,B845,모던하우스공통(MODERN HOUSE,"1,083,225,590","1,011,528,570",7.1,"101,429,308","94,715,855",7.1,,"206,666,030",-100.0,,"19,351,446",-100.0,,"177,340,910",-100.0,,"16,605,563",-100.0,,"208,434,780",-100.0,,"19,517,080",-100.0,,"184,960,380",-100.0,,"17,319,019",-100.0,,"234,126,470",-100.0,,"21,922,747",-100.0,"209,125,170",,0.0,"19,581,724",,0.0,"196,691,680",,0.0,"18,417,493",,0.0,"205,336,250",,0.0,"19,226,939",,0.0,"192,490,170",,0.0,"18,024,079",,0.0,"279,582,320",,0.0,"26,179,073",,0.0
R001/8501,쇼핑점,D508,브랜드아웃,,"22,728,500",-100.0,,"4,132,454",-100.0,,"8,153,400",-100.0,,"1,482,436",-100.0,,"14,575,100",-100.0,,"2,650,018",-100.0,,,,,,,,,,,,,,,,,,,,,,,,,,,,,,,,,,,,,,,,,,,,,,,,
R001/8501,쇼핑점,H499,락앤락,"76,290,540","86,564,700",-11.9,"10,403,257","11,804,278",-11.9,,,,,,,,,,,,,,"76,246,600",-100.0,,"10,397,265",-100.0,,"10,318,100",-100.0,,"1,407,013",-100.0,,,,,,,,,,,,,,,,,,,"76,290,540",,0.0,"10,403,257",,0.0,,,,,,,,,,,,
R001/8501,쇼핑점,H617,리늄아티카,,"6,849,000",-100.0,,"1,432,066",-100.0,,"4,865,000",-100.0,,"1,017,228",-100.0,,"1,984,000",-100.0,,"414,838",-100.0,,,,,,,,,,,,,,,,,,,,,,,,,,,,,,,,,,,,,,,,,,,,,,,,
R001/8501,쇼핑점,I050,포트메리온,"74,997,600",,0.0,"8,863,352",,0.0,,,,,,,,,,,,,,,,,,,,,,,,,,,,,,,,,,,,,,,,,,,,,,,,,"75,015,580",,0.0,"8,865,476",,0.0,"-17,980",,0.0,"-2,124",,0.0
R001/8501,쇼핑점,I102,글라스락,"41,849,100",,0.0,"5,706,695",,0.0,,,,,,,,,,,,,,,,,,,,,,,,,,,,,,,,,,,,,,,,,,,,,,,,,"41,849,100",,0.0,"5,706,695",,0.0,,,,,,
R001/8501,쇼핑점,I301,테팔,"83,387,900",,0.0,"7,580,720",,0.0,,,,,,,,,,,,,,,,,,,,,,,,,,,,,,,,,,,,,,,,,,,,,,,,,"83,414,300",,0.0,"7,583,120",,0.0,"-26,400",,0.0,"-2,400",,0.0
R001/8501,쇼핑점,T698,엠프파트너스,"61,936,000","70,316,000",-11.9,"12,950,255","14,702,437",-11.9,,"11,309,000",-100.0,,"2,364,608",-100.0,,"17,005,000",-100.0,,"3,555,593",-100.0,,"13,005,000",-100.0,,"2,719,228",-100.0,,"13,491,000",-100.0,,"2,820,845",-100.0,,"15,506,000",-100.0,,"3,242,163",-100.0,"12,150,000",,0.0,"2,540,454",,0.0,"8,098,000",,0.0,"1,693,218",,0.0,"15,601,000",,0.0,"3,262,028",,0.0,"15,006,000",,0.0,"3,137,619",,0.0,"11,081,000",,0.0,"2,316,936",,0.0
R001/8501,쇼핑점,T700,엠제이실용음악학원,"33,660,000","30,830,000",9.2,"4,590,000","4,204,094",9.2,,"6,070,000",-100.0,,"827,727",-100.0,,"5,480,000",-100.0,,"747,274",-100.0,,"6,160,000",-100.0,,"840,000",-100.0,,"6,590,000",-100.0,,"898,638",-100.0,,"6,530,000",-100.0,,"890,455",-100.0,"7,200,000",,0.0,"981,817",,0.0,"5,520,000",,0.0,"752,728",,0.0,"7,460,000",,0.0,"1,017,273",,0.0,"6,720,000",,0.0,"916,362",,0.0,"6,760,000",,0.0,"921,820",,0.0
R001/8501,쇼핑점,#,지정되지 않음,"74,965,417","75,863,934",-1.2,"66,754,903","67,981,977",-1.8,,"15,479,434",-100.0,,"13,876,677",-100.0,,"15,976,896",-100.0,,"14,340,722",-100.0,,"12,466,726",-100.0,,"11,130,226",-100.0,,"19,113,858",-100.0,,"17,180,260",-100.0,,"12,827,020",-100.0,,"11,454,092",-100.0,"14,642,824",,0.0,"13,072,943",,0.0,"13,933,682",,0.0,"12,421,439",,0.0,"13,483,496",,0.0,"11,990,353",,0.0,"18,927,138",,0.0,"16,854,458",,0.0,"13,978,277",,0.0,"12,415,710",,0.0
R001/8502,수성점,결과,,"1,077,993,755","1,231,400,486",-12.5,"170,741,121","250,311,714",-31.8,,"267,949,399",-100.0,,"56,776,067",-100.0,,"186,419,360",-100.0,,"41,427,271",-100.0,,"244,468,158",-100.0,,"47,667,574",-100.0,,"257,776,117",-100.0,,"49,179,570",-100.0,,"274,787,452",-100.0,,"55,261,232",-100.0,"251,489,819",,0.0,"61,604,202",,0.0,"171,102,981",,0.0,"23,785,793",,0.0,"225,841,143",,0.0,"29,126,296",,0.0,"198,930,541",,0.0,"26,771,384",,0.0,"230,629,271",,0.0,"29,453,446",,0.0
R001/8502,수성점,B845,모던하우스공통(MODERN HOUSE,"554,124,530","556,868,590",-0.5,"51,940,991","52,189,276",-0.5,,"124,267,590",-100.0,,"11,645,655",-100.0,,"89,484,110",-100.0,,"8,387,895",-100.0,,"108,282,750",-100.0,,"10,150,133",-100.0,,"106,638,320",-100.0,,"9,990,567",-100.0,,"128,195,820",-100.0,,"12,015,026",-100.0,"109,098,010",,0.0,"10,222,926",,0.0,"93,252,150",,0.0,"8,740,496",,0.0,"103,823,320",,0.0,"9,739,169",,0.0,"108,666,000",,0.0,"10,185,194",,0.0,"139,285,050",,0.0,"13,053,206",,0.0
R001/8502,수성점,C518,교보문고,,"57,502,200",-100.0,,"3,773,723",-100.0,,,,,,,,"9,242,890",-100.0,,"605,416",-100.0,,"21,644,690",-100.0,,"1,416,713",-100.0,,"15,117,210",-100.0,,"998,208",-100.0,,"11,497,410",-100.0,,"753,386",-100.0,,,,,,,,,,,,,,,,,,,,,,,,,,,,,,
R001/8502,수성점,E947,에스엠,"117,536,870","124,701,210",-5.7,"14,257,043","14,694,761",-3.0,,"37,514,950",-100.0,,"4,367,083",-100.0,,"27,733,130",-100.0,,"3,263,968",-100.0,,"19,745,570",-100.0,,"2,359,292",-100.0,,"21,295,230",-100.0,,"2,458,072",-100.0,,"18,412,330",-100.0,,"2,246,346",-100.0,"24,529,030",,0.0,"3,002,318",,0.0,"21,840,770",,0.0,"2,668,193",,0.0,"28,311,720",,0.0,"3,385,577",,0.0,"20,295,650",,0.0,"2,476,818",,0.0,"22,559,700",,0.0,"2,724,137",,0.0
R001/8502,수성점,H499,락앤락,"28,240,310","59,075,500",-52.2,"3,850,952","8,055,748",-52.2,,"-16,700",100.0,,"-2,276",100.0,,,,,,,,,,,,,,,,,,,,"59,092,200",-100.0,,"8,058,024",-100.0,,,,,,,,,,,,,,,,,,,,,,,,,"28,240,310",,0.0,"3,850,952",,0.0
R001/8502,수성점,H617,리늄아티카,"49,901,000","39,169,000",27.4,"11,341,131","8,902,042",27.4,,"8,146,000",-100.0,,"1,851,362",-100.0,,"7,451,000",-100.0,,"1,693,407",-100.0,,"9,475,000",-100.0,,"2,153,411",-100.0,,"7,011,000",-100.0,,"1,593,408",-100.0,,"7,086,000",-100.0,,"1,610,454",-100.0,"8,264,000",,0.0,"1,878,180",,0.0,"12,696,000",,0.0,"2,885,452",,0.0,"9,858,000",,0.0,"2,240,456",,0.0,"8,711,000",,0.0,"1,979,772",,0.0,"10,372,000",,0.0,"2,357,271",,0.0
R001/8502,수성점,H625,알리페즈,"163,818,400","216,597,800",-24.4,"24,650,037","32,025,583",-23.0,,"65,461,300",-100.0,,"9,579,892",-100.0,,"26,510,800",-100.0,,"4,149,196",-100.0,,"27,992,700",-100.0,,"4,308,293",-100.0,,"76,680,200",-100.0,,"10,921,137",-100.0,,"19,952,800",-100.0,,"3,067,065",-100.0,"45,246,200",,0.0,"6,690,234",,0.0,"29,410,800",,0.0,"4,574,939",,0.0,"24,374,100",,0.0,"3,800,088",,0.0,"46,937,500",,0.0,"6,827,739",,0.0,"17,849,800",,0.0,"2,757,037",,0.0
R001/8502,수성점,H636,아르페지오,"8,442,100",,0.0,"1,918,658",,0.0,,,,,,,,,,,,,,,,,,,,,,,,,,,,,,,"8,442,100",,0.0,"1,918,658",,0.0,,,,,,,,,,,,,,,,,,,,,,,,
R001/8502,수성점,I050,포트메리온,"41,679,140","37,686,480",10.6,"4,925,720","5,055,699",-2.6,,,,,,,,,,,,,,"31,625,260",-100.0,,"4,236,064",-100.0,,"6,061,220",-100.0,,"819,635",-100.0,,,,,,,,,,,,,,,,,,,"41,679,140",,0.0,"4,925,720",,0.0,,,,,,,,,,,,
R001/8502,수성점,I513,파크야 스크린 파크골프,"53,362,101",,0.0,"5,181,335",,0.0,,,,,,,,,,,,,,,,,,,,,,,,,,,,,,,"14,664,000",,0.0,"1,422,037",,0.0,"9,188,900",,0.0,"910,563",,0.0,"12,936,001",,0.0,"1,243,108",,0.0,"9,166,500",,0.0,"879,377",,0.0,"7,406,700",,0.0,"726,250",,0.0
R001/8502,수성점,I720,토이월드,"931,000",,0.0,"126,956",,0.0,,,,,,,,,,,,,,,,,,,,,,,,,,,,,,,"234,000",,0.0,"31,909",,0.0,"73,000",,0.0,"9,955",,0.0,"413,000",,0.0,"56,319",,0.0,,,,,,,"211,000",,0.0,"28,773",,0.0
R001/8502,수성점,#,지정되지 않음,"59,958,304","139,799,706",-57.1,"52,548,298","125,614,882",-58.2,,"32,576,259",-100.0,,"29,334,351",-100.0,,"25,997,430",-100.0,,"23,327,389",-100.0,,"25,702,188",-100.0,,"23,043,668",-100.0,,"24,972,937",-100.0,,"22,398,543",-100.0,,"30,550,892",-100.0,,"27,510,931",-100.0,"41,012,479",,0.0,"36,437,940",,0.0,"4,641,361",,0.0,"3,996,195",,0.0,"4,445,862",,0.0,"3,735,859",,0.0,"5,153,891",,0.0,"4,422,484",,0.0,"4,704,711",,0.0,"3,955,820",,0.0
R001/8503,구미점,결과,,"559,759,780","603,655,224",-7.3,"118,130,400","141,105,630",-16.3,,"111,572,825",-100.0,,"25,453,610",-100.0,,"96,693,115",-100.0,,"22,404,070",-100.0,,"128,886,346",-100.0,,"29,777,394",-100.0,,"143,546,504",-100.0,,"34,031,839",-100.0,,"122,956,434",-100.0,,"29,438,717",-100.0,"104,625,009",,0.0,"21,997,566",,0.0,"101,664,938",,0.0,"21,820,648",,0.0,"113,607,760",,0.0,"23,427,559",,0.0,"120,900,907",,0.0,"25,247,371",,0.0,"118,961,166",,0.0,"25,637,256",,0.0
R001/8503,구미점,H617,리늄아티카,"56,016,100","54,054,000",3.6,"13,240,183","12,776,398",3.6,,"11,309,800",-100.0,,"2,673,221",-100.0,,"7,701,600",-100.0,,"1,820,379",-100.0,,"10,538,600",-100.0,,"2,490,946",-100.0,,"11,422,200",-100.0,,"2,699,793",-100.0,,"13,081,800",-100.0,,"3,092,059",-100.0,"12,174,500",,0.0,"2,877,615",,0.0,"9,300,600",,0.0,"2,198,327",,0.0,"13,347,900",,0.0,"3,154,962",,0.0,"9,689,300",,0.0,"2,290,199",,0.0,"11,503,800",,0.0,"2,719,080",,0.0
R001/8503,구미점,H636,아르페지오,"6,009,450",,0.0,"1,365,781",,0.0,,,,,,,,,,,,,,,,,,,,,,,,,,,,,,,,,,,,,,,,,,,,,,,,,,,,,,,"6,009,450",,0.0,"1,365,781",,0.0
R001/8503,구미점,I047,알레르망,"114,642,780","129,902,400",-11.7,"29,479,235","33,356,203",-11.6,,"15,710,200",-100.0,,"3,980,319",-100.0,,"20,088,900",-100.0,,"5,162,833",-100.0,,"28,480,000",-100.0,,"7,242,541",-100.0,,"40,305,300",-100.0,,"10,335,968",-100.0,,"25,318,000",-100.0,,"6,634,542",-100.0,"16,682,900",,0.0,"4,387,565",,0.0,"20,301,100",,0.0,"5,344,645",,0.0,"28,789,100",,0.0,"7,294,903",,0.0,"28,596,480",,0.0,"7,271,930",,0.0,"20,273,200",,0.0,"5,180,192",,0.0
R001/8503,구미점,I050,포트메리온,"50,113,552","53,373,250",-6.1,"5,374,589","5,821,457",-7.7,,"11,477,970",-100.0,,"1,261,140",-100.0,,"10,735,310",-100.0,,"1,153,928",-100.0,,"12,472,510",-100.0,,"1,380,343",-100.0,,"10,352,210",-100.0,,"1,128,469",-100.0,,"8,335,250",-100.0,,"897,577",-100.0,"9,883,310",,0.0,"1,070,395",,0.0,"9,070,380",,0.0,"923,748",,0.0,"8,859,482",,0.0,"916,701",,0.0,"12,711,530",,0.0,"1,390,439",,0.0,"9,588,850",,0.0,"1,073,306",,0.0
R001/8503,구미점,I051,아이리스,"104,337,700","113,822,650",-8.3,"23,716,062","25,868,789",-8.3,,"19,223,400",-100.0,,"4,368,955",-100.0,,"18,753,300",-100.0,,"4,262,115",-100.0,,"25,933,500",-100.0,,"5,893,979",-100.0,,"24,629,500",-100.0,,"5,597,612",-100.0,,"25,282,950",-100.0,,"5,746,128",-100.0,"21,630,500",,0.0,"4,916,020",,0.0,"21,744,000",,0.0,"4,941,818",,0.0,"23,850,000",,0.0,"5,420,456",,0.0,"18,011,200",,0.0,"4,096,405",,0.0,"19,102,000",,0.0,"4,341,363",,0.0
R001/8503,구미점,I076,수타미,"23,970,490","28,106,820",-14.7,"5,012,010","5,876,881",-14.7,,"6,825,830",-100.0,,"1,427,220",-100.0,,"5,539,400",-100.0,,"1,158,238",-100.0,,"5,220,140",-100.0,,"1,091,482",-100.0,,"6,007,650",-100.0,,"1,256,146",-100.0,,"4,513,800",-100.0,,"943,795",-100.0,"4,073,490",,0.0,"851,728",,0.0,"4,321,200",,0.0,"903,524",,0.0,"6,199,580",,0.0,"1,296,276",,0.0,"4,305,280",,0.0,"900,194",,0.0,"5,070,940",,0.0,"1,060,288",,0.0
R001/8503,구미점,I077,하리오,"10,883,020","9,205,680",18.2,"1,582,982","1,339,012",18.2,,"2,122,150",-100.0,,"308,678",-100.0,,"2,043,200",-100.0,,"297,194",-100.0,,"1,251,500",-100.0,,"182,039",-100.0,,"1,921,030",-100.0,,"279,420",-100.0,,"1,867,800",-100.0,,"271,681",-100.0,"3,728,000",,0.0,"542,255",,0.0,"2,583,500",,0.0,"375,781",,0.0,"995,400",,0.0,"144,785",,0.0,"1,643,870",,0.0,"239,107",,0.0,"1,932,250",,0.0,"281,054",,0.0
R001/8503,구미점,I079,ELO,"61,854,560","58,976,990",4.9,"8,997,034","8,578,462",4.9,,"14,639,200",-100.0,,"2,129,332",-100.0,,"10,048,860",-100.0,,"1,461,652",-100.0,,"13,829,820",-100.0,,"2,011,607",-100.0,,"11,208,540",-100.0,,"1,630,333",-100.0,,"9,250,570",-100.0,,"1,345,538",-100.0,"12,821,940",,0.0,"1,865,008",,0.0,"12,455,880",,0.0,"1,811,763",,0.0,"12,694,320",,0.0,"1,846,446",,0.0,"12,691,540",,0.0,"1,846,043",,0.0,"11,190,880",,0.0,"1,627,774",,0.0
R001/8503,구미점,T101,닥스침구(),"129,332,920","97,865,300",32.2,"32,921,098","24,911,152",32.2,,"18,291,320",-100.0,,"4,655,966",-100.0,,"10,340,000",-100.0,,"2,632,001",-100.0,,"19,095,820",-100.0,,"4,860,751",-100.0,,"25,770,860",-100.0,,"6,559,854",-100.0,,"24,367,300",-100.0,,"6,202,580",-100.0,"22,515,840",,0.0,"5,731,299",,0.0,"20,396,300",,0.0,"5,191,783",,0.0,"19,132,680",,0.0,"4,870,142",,0.0,"33,449,100",,0.0,"8,514,313",,0.0,"33,839,000",,0.0,"8,613,561",,0.0
R001/8503,구미점,T821,클푸,,"39,385,800",-100.0,,"10,805,379",-100.0,,"8,000,300",-100.0,,"2,235,151",-100.0,,"7,487,000",-100.0,,"2,041,910",-100.0,,"8,059,900",-100.0,,"2,208,699",-100.0,,"8,358,600",-100.0,,"2,279,620",-100.0,,"7,480,000",-100.0,,"2,039,999",-100.0,,,,,,,,,,,,,,,,,,,,,,,,,,,,,,
R001/8503,구미점,#,지정되지 않음,"2,599,208","18,962,334",-86.3,"-3,558,574","11,771,897",-130.2,,"3,972,655",-100.0,,"2,413,628",-100.0,,"3,955,545",-100.0,,"2,413,820",-100.0,,"4,004,556",-100.0,,"2,415,007",-100.0,,"3,570,614",-100.0,,"2,264,624",-100.0,,"3,458,964",-100.0,,"2,264,818",-100.0,"1,114,529",,0.0,"-244,319",,0.0,"1,491,978",,0.0,"129,259",,0.0,"-260,702",,0.0,"-1,517,112",,0.0,"-197,393",,0.0,"-1,301,259",,0.0,"450,796",,0.0,"-625,143",,0.0
R001/8504,강북점,결과,,"366,988,086","400,774,227",-8.4,"85,164,789","85,378,379",-0.3,,"78,780,447",-100.0,,"17,258,978",-100.0,,"63,415,564",-100.0,,"15,040,612",-100.0,,"74,179,115",-100.0,,"16,009,382",-100.0,,"111,965,578",-100.0,,"21,276,219",-100.0,,"72,433,523",-100.0,,"15,793,188",-100.0,"81,036,708",,0.0,"18,053,390",,0.0,"73,070,099",,0.0,"18,444,241",,0.0,"74,747,190",,0.0,"16,702,875",,0.0,"67,447,005",,0.0,"15,966,813",,0.0,"70,687,084",,0.0,"15,997,470",,0.0
R001/8504,강북점,B845,모던하우스공통(MODERN HOUSE,"233,266,830","269,781,650",-13.5,"21,842,249","25,261,374",-13.5,,"57,694,310",-100.0,,"5,402,295",-100.0,,"45,587,010",-100.0,,"4,268,602",-100.0,,"56,805,370",-100.0,,"5,319,045",-100.0,,"53,204,660",-100.0,,"4,981,884",-100.0,,"56,490,300",-100.0,,"5,289,548",-100.0,"46,875,880",,0.0,"4,389,286",,0.0,"46,829,410",,0.0,"4,384,930",,0.0,"49,857,230",,0.0,"4,668,445",,0.0,"42,909,120",,0.0,"4,017,857",,0.0,"46,795,190",,0.0,"4,381,731",,0.0
R001/8504,강북점,H499,락앤락,,"45,572,700",-100.0,,"6,214,460",-100.0,,,,,,,,,,,,,,,,,,,,"45,610,900",-100.0,,"6,219,669",-100.0,,"-38,200",100.0,,"-5,209",100.0,,,,,,,,,,,,,,,,,,,,,,,,,,,,,,
R001/8504,강북점,H997,국보온돌침대,,"15,274,000",-100.0,,"2,082,817",-100.0,,"6,150,000",-100.0,,"838,637",-100.0,,"3,666,000",-100.0,,"499,909",-100.0,,"3,610,000",-100.0,,"492,271",-100.0,,,,,,,,"1,848,000",-100.0,,"252,000",-100.0,,,,,,,,,,,,,,,,,,,,,,,,,,,,,,
R001/8504,강북점,I487,마실파크골프,"53,044,940",,0.0,"3,938,537",,0.0,,,,,,,,,,,,,,,,,,,,,,,,,,,,,,,"17,417,500",,0.0,"1,185,907",,0.0,"9,314,000",,0.0,"634,912",,0.0,"9,125,540",,0.0,"699,502",,0.0,"8,945,900",,0.0,"730,219",,0.0,"8,242,000",,0.0,"687,997",,0.0
R001/8504,강북점,I869,바바라 네일샵,"10,541,000",,0.0,"862,445",,0.0,,,,,,,,,,,,,,,,,,,,,,,,,,,,,,,,,,,,,,,,,,,"3,401,000",,0.0,"278,265",,0.0,"3,390,000",,0.0,"277,363",,0.0,"3,750,000",,0.0,"306,817",,0.0
R001/8504,강북점,T696,크리스챤바바라,"5,560,000","15,223,000",-63.5,"1,010,913","2,767,821",-63.5,,"3,249,000",-100.0,,"590,728",-100.0,,"3,310,000",-100.0,,"601,818",-100.0,,"2,932,000",-100.0,,"533,093",-100.0,,"2,369,000",-100.0,,"430,729",-100.0,,"3,363,000",-100.0,,"611,453",-100.0,"3,135,000",,0.0,"570,003",,0.0,"2,425,000",,0.0,"440,910",,0.0,,,,,,,,,,,,,,,,,,
R001/8504,강북점,#,지정되지 않음,"64,575,316","54,922,877",17.6,"57,510,645","49,051,907",17.2,,"11,687,137",-100.0,,"10,427,318",-100.0,,"10,852,554",-100.0,,"9,670,283",-100.0,,"10,831,745",-100.0,,"9,664,973",-100.0,,"10,781,018",-100.0,,"9,643,937",-100.0,,"10,770,423",-100.0,,"9,645,396",-100.0,"13,608,328",,0.0,"11,908,194",,0.0,"14,501,689",,0.0,"12,983,489",,0.0,"12,363,420",,0.0,"11,056,663",,0.0,"12,201,985",,0.0,"10,941,374",,0.0,"11,899,894",,0.0,"10,620,925",,0.0
Z003/7305,NC포항점,결과,,"89,032,107","88,099,908",1.1,"80,240,287","80,090,826",0.2,,"20,642,864",-100.0,,"18,766,240",-100.0,,"13,975,247",-100.0,,"12,704,770",-100.0,,"19,420,629",-100.0,,"17,655,118",-100.0,,"15,395,729",-100.0,,"13,996,117",-100.0,,"18,665,439",-100.0,,"16,968,581",-100.0,"16,478,451",,0.0,"14,980,410",,0.0,"15,716,489",,0.0,"14,287,718",,0.0,"18,666,114",,0.0,"16,969,194",,0.0,"14,581,070",,0.0,"13,255,519",,0.0,"23,589,983",,0.0,"20,747,446",,0.0
Z003/7305,NC포항점,I815,바디프랜드,"226,000",,0.0,"61,636",,0.0,,,,,,,,,,,,,,,,,,,,,,,,,,,,,,,,,,,,,,,,,,,,,,,,,,,,,,,"226,000",,0.0,"61,636",,0.0
Z003/7305,NC포항점,I925,휴대폰케이스,"761,990",,0.0,"138,544",,0.0,,,,,,,,,,,,,,,,,,,,,,,,,,,,,,,,,,,,,,,,,,,,,,,,,,,,,,,"761,990",,0.0,"138,544",,0.0
Z003/7305,NC포항점,#,지정되지 않음,"88,044,117","88,099,908",-0.1,"80,040,107","80,090,826",-0.1,,"20,642,864",-100.0,,"18,766,240",-100.0,,"13,975,247",-100.0,,"12,704,770",-100.0,,"19,420,629",-100.0,,"17,655,118",-100.0,,"15,395,729",-100.0,,"13,996,117",-100.0,,"18,665,439",-100.0,,"16,968,581",-100.0,"16,478,451",,0.0,"14,980,410",,0.0,"15,716,489",,0.0,"14,287,718",,0.0,"18,666,114",,0.0,"16,969,194",,0.0,"14,581,070",,0.0,"13,255,519",,0.0,"22,601,993",,0.0,"20,547,266",,0.0
Z004/E004,물류 센타,결과,,"2,544,058,439","2,484,345,315",2.4,"2,095,702,262","2,048,675,741",2.3,,"498,477,695",-100.0,,"411,864,268",-100.0,,"565,699,016",-100.0,,"470,508,196",-100.0,,"484,443,714",-100.0,,"397,509,740",-100.0,,"460,718,105",-100.0,,"377,871,914",-100.0,,"475,006,785",-100.0,,"390,921,623",-100.0,"510,747,693",,0.0,"420,353,694",,0.0,"498,041,373",,0.0,"409,788,675",,0.0,"496,185,319",,0.0,"406,928,626",,0.0,"494,766,005",,0.0,"406,520,159",,0.0,"544,318,049",,0.0,"452,111,108",,0.0
Z004/E004,물류 센타,#,지정되지 않음,"2,544,058,439","2,484,345,315",2.4,"2,095,702,262","2,048,675,741",2.3,,"498,477,695",-100.0,,"411,864,268",-100.0,,"565,699,016",-100.0,,"470,508,196",-100.0,,"484,443,714",-100.0,,"397,509,740",-100.0,,"460,718,105",-100.0,,"377,871,914",-100.0,,"475,006,785",-100.0,,"390,921,623",-100.0,"510,747,693",,0.0,"420,353,694",,0.0,"498,041,373",,0.0,"409,788,675",,0.0,"496,185,319",,0.0,"406,928,626",,0.0,"494,766,005",,0.0,"406,520,159",,0.0,"544,318,049",,0.0,"452,111,108",,0.0
