지점별 입점된 브랜드야. 매출이 10만원 이하면 없다고 가정, 삭제 및 생략하면 되. 

브랜드(Now)	제이빔(JVIM)	인디고뱅크(INDIGOBANK)	레겐보겐(REGENBOGEN)	애니바디(ANYBODY)	신디(CINDY)	데이텀(DATUM)	알토(ALTO)	트랜드컬렉션(TREND COLLECT	SAP	란찌(LANZI)	엠아이수트(MI SUIT)	인디고뱅크키즈(INDIGOBANKKI	신디키즈(CINDYKIDS)	펠릭스키즈(FELIXKIDS)	밀리밤(MILIBAM)	리틀브렌(LITTLE BRENN)	일로딜로(ILODILO)	보보트리(BOBOT	보보트리(BOBOTREE)	타마라(TAMARA)	오스본(OSBORNE)	모스코나(MOSCONA)	CMCUBE	튜브(TUBE)	이즈멜본	멜본	보에띠(BOETTI)	코코리따	치크(CHEEK)	셀덴(CELDEN)	오후(OHOO)	로엠걸즈(ROEM GIRLS)	더데이걸(THE DAY GIRL)	유솔(USALL)	NC베이직	글로벌_상설	앙떼떼	젠토(앵커)	비아트(앵커)	애니바디#	오잇츠	잡화특(온)	럭셔리갤러리	NC픽스	특정_캐릭터사입	특정_공통사입	캐주얼(특정)_사입	잡화(특정)_사입	영캐주얼(특정)_사	신사(특정)_사입	아동(특정)_사입	아동(직매입대리점)	숙녀(특정)_사입	스포츠직매입	특정OPR	국내매입	하이퍼	오아시스	직수입(오프라이스)	오프라이스	산지매입	패션공통(FASHION)	금강(KUMKANG)	나이키(NIKE)	데미안	SPAO(캐주얼)	데코	로엠(ROEM)	로이드(LLOYD)	리바이스	리복(REEBOK)	마리끌레르(MARIE CLAIRE)	무크(MOOK)	미니멈	미센스	미소페(MISOPE)	보디가드	비너스(VENUS)	비비안(VIVIEN)	샘소나이트(SAMSONITE)	세리아	쇼콜라	수비(SUBI)	쉬즈미스	아가방	아디다스(ADIDAS)	아디다스키즈	아레나(ARENA)	아식스(ASICS)	안지크	엄브로(UMBRO)	에블린(EBLIN)	에스콰이아(ESQUIRE)	에이비에프지(ABFZ)	엘칸토(ELCANTO )	엠엘비(MLB)	온앤온(ON n ON)	올리브데올리브(OLIVE DES OL	웨스트우드	인디안(INDIAN)	인터크루	잠뱅이	조이너스	지센(ZISHEN)	크로커다일(CROCODILE)	크로커다일레이디	클라비스(CLOVIS)	클라이드	타미힐피거	트라이엄프	파크랜드(PARKLAND)	푸마(PUMA)	프로스펙스	행텐	후아유	폴햄	프로월드컵	바찌(VACCI)	세르지오(Sergius)	LIVE ON(홈쇼핑)	최연옥(마담)	콜핑(KOLPING)	키플링(KIPLING)	샤링	김영주골프	끄레아또레(CREATORE)	뉴발란스	패션랜드복합관	요하넥스	지오다노	꼼빠니아	패션갤러리	뮤젤	톰보이/보브/지컷	바바팩토리	인동팩토리	린팩토리	와코루(WACOAL)	비씨비지팩토리	제이씨비(JCB)	파렌하이트	컬럼비아	크레송	삼성패션아울렛	꾸까	앤클라인	서브웨이	챔피온(CHAMPION)	디톡스마켓	아니베에프	노스페이스(THENORTHFACE)	지오지아팩토리	휠라키즈	웰메이드	보브(VOV)	샤트렌	베네통키즈	올리비아로렌	스테파니(STEFANI)	베스띠벨리	한스앤그레텔	어스앤뎀	트루젠(TRUGEN)	토토헤로스	미즈노(MIZUNO)	미쏘	명장반점	리스트	리바이스키즈	크록스(CROCS)	폴더(FOLDER)	젝시믹스	문화센터(CULTURECENTER)	허쉬파피(HUSHPUPPIES)	언더아머	커터앤벅(CUTTERANDBUCK)	리틀킹	파올라	장인닭갈비	크록스	모던하우스공통(MODERN HOUSE	리트머스	마인드브릿지	뱅뱅	에브리데이크리스마스	프로젝트M	체이스플러스	두촌가마솥밥앤쭈꾸미	옥소반	한옥마을전주비빔밥	퍼틴	에드호크	랑데자뷰	멤버헐리데이	용호동낙지	JEEP	미분당	이키즈랜드	NBA	탑텐	더블에이트	풋볼그라운드	더블제이디	라이프워크	게스(GUESS)(진)	버커루	에비수	바이넷	직원할인제외봉투	미니골드	유천냉면	엘루나	오에스티(OST)	아나나스	페리엘리스(액세서리)	지스카(ACC)	도쿄엔펄	에스벨	다나	BOHM	월트디즈니	왓치갤러리	아트리아	쥬릭스	로제도르	스톤헨지	딤플토우	넬시	닥스(핸드백)	메트로시티	바나바나	에스콰이아콜렉션	엘레강스(핸드백)	피에르가르뎅(핸드백)	헤지스(핸드백)	아메리칸투어리스트	블랑듀	쌤소나이트 레드	오야니	발리스윗	교보문고	마리끌레르(일용잡화)	다담은찬	싹스탑	종로할머니칼국수	인따르시아(일용잡화)	구찌(일용잡화)	메트로(선글)_엠코드	베네통(양말)	닥스(스카프)	휠라언더웨어	메트로(스카프)_알다	에스틸로(스카프)	몽크로스	룩옵틱스(선글라스)	피에르가르뎅(모자)_엘림	엘르(시즌)_호창	메트로(선글)_알다	아가타(시즌)_훼미리	메트로(시즌잡화)_MJ	피에르가르뎅(시즌)_삼화	질스튜어트(스카프)_JM	엘르(시즌)_유성	칼리베이직	버터	알로(ALO)	와우파티	더바디샵	더페이스샵	미샤(화장품)	퍼퓸 멀티#	오휘	크리스챤디올	아리따움	토니모리	네이쳐리퍼블릭	이니스프리	아모레퍼시픽	LG생활건강	엔프라니	올리브영	프리메라	피쿠니쿠	더샘	써드케이	아로마코	센텔리안	AHC	나인웨스트	랜드로바	바이네르	세라	소다	토피	오브엠	우연	탠디	미셸BY탠디	이사벨	바인드	제옥스(제화)	궁채	앤디앤카렌	노튼제화	명동샤브	쿠치나디까사	새롬유통	채선당자연한가득	꾸즈	나이스클랍	베디베로	르샵	마이티지	무자크	밸리걸	베네통(영캐주얼)	무인상점24	비지트인뉴욕	BTR	숲(SOUP)	시슬리(영캐주얼)	씨(SI)	씨씨콜렉트	엔코코	에고이스트	펠리체	오픈클로젯	오즈세컨	오프리미츠	봄채향	주크	핏제리아오	지지피엑스(GGPX)	코데즈컴바인	카페마마스	톰보이(영캐주얼)	플라스틱아일랜드	평양옥	페이지플린	헤이린뉴욕	틸버리	랩	파파야	아다바트화이트	클리지	나나엘	듀엘	레코브	밀스튜디오	트위(TWEE)	미엘로	르니앤맥코이	나인	탑이슈	나인스텝	메종블랑쉬	르피타	부루앤쥬디	에잇컨셉	반에이크	멜로디가든	쥬시쥬디	엔비플러스	달다곰이	스튜디오화이트	갤럭시(신사정장)	로가디스	바쏘	보스렌자()	브렌우드	트레몰로	펀앤조이	바쏘종합관	레노마옴므	오스틴리드(신사정장)	LF종합관	캠브리지종합관	코오롱종합관	젠	제너럴리퍼블릭	랄프로렌 폴로	마에스트로	올젠	올포유	워모	지오지아	킨록2	프랑코페라로	피에르가르뎅(신사캐주얼)	피에이티(PAT)	카림라시드 복합관	헤지스(신사캐주얼)	본	바쏘옴므	센지	앤드지	에디션	그린조이	디즈니골프	레노마골프	링스	블랙앤화이트(블랙&화	슈페리어	엘르골프	제이디엑스(JDX)	팜스프링	팬텀	PING(핑)	아디다스(골프)	에스핏	마코스포츠	루이까스텔	파사디골프	와이드앵글	벤제프골프	힐크릭	비티알골프	닥스(셔츠/타이)	릴리컴즈	엘르(셔츠)	좋은영화	메종블랑쉬&르피타복합관	듀퐁(셔츠/타이)	란체티(셔츠/타이)	레노마(셔츠)	로베르따셔츠	엠페스트	막스마리오	에스티코(STCO)	예작	엘르(타이)	프랑코페라로(타이)	또와또	레노마키즈	리틀밥독	나인마이너스투	소이	아이사랑(아동)	리안뉴욕	에꼴리에	에어워크주니어	오션스카이	러브앤쇼	궁채쭈락	지오다노주니어	꽃마름	차이797플러스	행텐주니어	오근내닭갈비	쟝피엘	애플핑크	뉴발란스키즈	블랙야크키즈	플레이키즈프로	래핑차일드	앙팡스(압소바)	AK골프	스타일노리터	폴햄키즈	주얼리윤	탑텐키즈	에스마켓키즈	NBA키즈	마이리틀타이거	MLB키즈	아이러브제이	지프키즈	첨이첨이	아이조아	캐릭터월드	미니멜츠	스파오키즈	스케쳐스키즈	오즈키즈	수아팜	잼뽀니	파르베	특정명품	폴햄메가샾	컬리수	페리미츠	타미힐피거키즈	더레노마	디즈니베이비	스노우피크	아프리카	마뇨떡볶이	아가방갤러리	오가닉맘	모이몰른	투에스티	브라운돈까스	김연주	까르벤정	닥스(마담)	데시데	로즈	리본	마담포라	모라도	벨리시앙	부르다문	쁘렝땅	아이니스	우바	이상봉	이헌영패션	조순희	포라리	화이트호스	메르디안	라티움	정훈종	최복호	맨하탄	플리츠미	예본모피	막스까르띠지오	시스막스	요이츠	금강아울렛	데무	브릿지가든	그라피	리안뉴욕	린	모조에스핀	몬테밀라노	미샤(커리어)	발렌시아	벨라디터치	보티첼리	비꼴리끄	비씨비지	아르테	아이잗바바	안느	앤디스클라인	엠씨	오브제	지고트	캐리스노트	프렐린	프로그램	혁비	제시뉴욕	기비/키이스	더아이잗	영우	마레몬테(듀에마레)	메이즈메이	올리비아하슬러	배터리몬	잉어	예다	케이엘	프리벨런스	올앤선드리	미샤팩토리	보니스팍스	지고트팩토리	바네사브루노/질스튜어트	엠벨라	에이렌	아일로	미디어캡슐	베르니스	댑	인생네컷	어나더어썸	라스베이글	하노이별	루시카토	더아이잗컬렉션	엘르이너웨어	붐테이블	코데즈컴바인이너웨어	게스언더웨어	쟈키	레노마수영복	르까프	르꼬끄스포르티브	유니프랜드(모이모이)	AWK	휠라(FILA)	에스마켓	스케쳐스	ABC마트	슈마커	데상트	레노마(모자)_삼화	레노마(모자)_민경	험멜	밸롭	다이나핏	제인코트&티막	EN	쿠기수영복	레이오브아프리카	레드페이스	밀레(MILLET)	블랙야크	아이더(EIDER)	포텐스포츠	케이투(K2)	행텐틴즈	트렉스타	ABC마트키즈	루디 프로젝트	네파	가이아	마르첼리치	비쥬띠에	에뿌	런던포그	락포트(RockPort)	프리머스	비버리힐스폴로클럽	미니파크	마운티아	디스커버리	소노시즌	블럭버스	유나이티드 스포츠	뒤란(DURAN)	더람	아가타/레노마(시즌)_민경	코리아 캠핑	에스엠	모노앤밀키	밸런스	휘게문고	아가방플랙스	블루페퍼	방탈출게임	그루브라임플레이	린컴퍼니	아트키즈	삼백돈 돈카츠	그리니쉬	저글커피바	킴스클럽공통	스시혼텐	해피치즈스마일	슈펜키즈	슈펜	GDR(골프아카데미)	미도인	초밥이찌	신차오	잔카	지파시	잇타이	디루치아노	베츠베츠	사담가	킴스안경클럽	비비안	락앤락	수엔지	글로벌남성	글로벌여성	저스트텐동	피자몰투고	제스파	정관장	인생네컷	1984그수육집칼국수	신지트레이딩	레노마홈	SI복합관	리늄아티카	모쿠모쿠	스시코리아	미스사이공	알리페즈	쿤리콘	아르페지오	슬립앤슬립	아임슬리핑	홍대쌀국수	채선당행복가마솥	마라홀릭	꽃길걷다	시로이돈까스	김영희동태찜코다리냉면	피자몰	착한파스타	더카페	사월에보리밥과쭈꾸미	큐큐면관	다쯔미	다구오	3일국밥	스테이크어스	궁채	피자몰	삼청동멸치국수	샤브정	스트릿츄러스	공차	베스킨라빈스	와플대학	청담동마녀김밥	이름없는파스타	제주면장	한옥마을전주비빔밥	루시카토베이크카페	커스티	은가비(시즌)	JJ지고트	라인	케네스레이디	샤틴	잇미샤	수아팜	와이블랙	알뜨레노띠	엠비티아이커피	오프라벨	충전돼지	더시즌	BA&NI	BBYB	XOXO	파스퇴르밀크바	명동칼국수	위라이크	탤런트클로젯	SOGO(소고)	쌍방울	리펜스튜디오	오닐	시월찜닭	엔캣	만만판차이	쟈키	타카플레이	다원레져	키즈맥스	삼청동샤브	베리클로젯	크린위드	믿음직화	애슐리퀸즈	프랑제리	리미니	로운	테루	반궁	피자몰	자연별곡	원데이클래스	캡텐	북창동순두부	미호식	캉골	LF신사관	유닛	샤또	챔피온	담솥	정도상사	로보	블루문앤코(ACC)	빨질레리	차이홍	국보온돌침대	순남시래기	트라이컬렉션	알래스카	무드앤디디	유니크하우시즘(솜사탕자판기)	리치랜드	시크	잇토스시	랄라컬쳐클럽	템퍼	알레르망	포트메리온	아이리스	크린토피아	메가박스	리눔아티카	헤지스홈	아트박스	수타미	하리오	ELO	베루스	토니모리	비비안	쟈키	아네로	한국오토엠	시너싹스	글라스락	랩_유리프	라이프멜로우	에스엠디지털락커	언더스퀘어	에잇타임즈	어니언수제어묵	유원토이	나이스필	컬러몬	아이엠스타	다니엘컴퍼니	신산커피하우스	TTO	오렌즈	텐퍼센트커피	사이공본가	소복소복호두과자	키즈플래닛	뷰티아울렛	아벨루	한국오토엠	금성침대	하늘아이	희노	편안공간	뭉스베	매직드림	라미에스	펀코인	알렉스앤에이든	달인대보칼국수	게임캠프	다이소	까스텔바작	피렌체안경원	플로듀BY뮤젤	울산점자판기센터	형지 복합관	LF팩토리	웨이브그로서리스토어	오락노리	분짜하노이	크린토피아	서광모드	테팔	캐칭덕	코렐	쥬스콰투아	트래커	티아츠코리아	사만사타바사	키즈꼬모	레스토닉	델란(솜사탕자판기)	키즈인더룸	블랭크브릭	투썸플레이스	속초닭강정	캐치티니핑	메스티지	주드밀러	포커스	해요	23번지남산돈까스	자연향기	리빙아트	씰리	롤리팝	멜리코코	챌린저	에이에이치	미니도우	라비다	베라왕(선글)_태석	트렌디아	UCLA	프로젝트키즈	삼백돈	아크로셀렉트	코르시카나	비프리	마크곤잘레스키즈	슈갤러리	아이디어마켓	두촌가마솥밥&쭈꾸미	명인칼국수&냉면	클라우드제로	7곡제면소	데이롱카페	테루	델리BY애슐리	상하목장	호두앤미	차알	벌크커피	윤훈식농가쌈밥	신룽푸마라탕	에프아이티	소프킹	프라임에이트	송사부고로케	범분식	정담샤브연	아웃도어프로덕트	서울호떡	라스베이글	슬로우템포	브루미즈	뉴욕버거	스케쳐스USA	메트로시티(시즌)	레노마모자(시즌)	루이까또즈(시즌)	구찌 선글라스	만월경	밀도	앤티앤스프레즐	던킨도너츠	데일리스트	마실파크골프	엑스퍼트	신룽푸마라탕	한성돈까스	더벤티	나츠미스시	포르피노	강남쌀국수	명가교동짬뽕	내셔널지오그래픽	소피의 가게	맛있게듬뿍	마녀김밥	이래컴퍼니	아메리칸트레일러	파크야 스크린 파크골프	일루	제주스	푸마키즈(PUMAKIDS)	더봄헤어	에그드랍	타임리스	마리짱	방배김밥	제주스	벌크커피	야심잔기지떡	33떡볶이	북촌손만두	구슬나라	페르케노	동난교자	롯데리아	위니비니	스트릿츄러스	비에뜨반미	방배김밥	카페차이	앨빈즈	아메리칸에그샌드	피자몰투고	밀화당	두란솥밥	백소정	미미뻥	김밥의진수	마스타철판	샤브정	온정	렙쇼메이 스튜디오(LSMY)	젤리킹덤	롤리폴리	캘빈클라인, 랄프로렌	빵집오빠	용호낙지	퍼부어	커피에반하다	롯데리아	삼형제김밥	홍대돈부리	달인대보칼국수	고망고	그라미	윤종희떡방	속초코다리냉면	리김밥	아우어베이커리	진고복	석관동떡볶이	뚜레주르	김밥클래스	서울은마꽈베기	맘스터치	피자몰뷔페	통영청정어묵	강남교자	홍미당	제주애월카츠	탄탄면공방	사이공본가	유천냉면	봄채향	남산식당	지구당	브라운돈까스	청춘꼬마김밥	주몽	얌차	제순식당	롤링핀	지미헤르츠	어니언수제어묵	천우토탈	골드키즈	고피자	타미야	타로라멘	카페필로소피	킹스꼬마김밥	홍리마라탕	아시아문	남산돈까스	클라셰외	털보고된이	일룸(ILOOM)	삼청동멸치국수	대교 트니트니PLUS	조르지오페리	내셔널지오그래픽키즈	폴로 랄프로렌, 라코스테외	빈트릴	어노이드	볼앤체인	엘르(캐리어)	랩101	23번지남산돈까스	대한콩국	북촌순두부	두촌가마솥밥	젤리젤리	세이브마이백	루비라운지	맥스온누리 약국	루루박스	토이월드	명동칼국수샤브샤브	젠사이	백미당	슬코	소극장 마니마니	종로서적	모노크롬	메르시엔숲	노르디스크	볼빅	조에벨	코다리밥도둑	나폴레옹베이커리	그레비	만나강정	시래정	인까사	하루포케X코브라독스	엘케이트	디저트팩토리	착한베이커리N죽	카와이토모	디바코	바바&바바	봉혜자네주방	일러스타	솥내음	옥된장	비업에이이	부디드마켓	해피랜드하우스	로하스테크	하이마트	수제어묵	바디프랜드	예스24	다솜쥬토피아생태체험관	솜사탕자판기	스시이안앤	까유	파도가	짬뽕관	아티코드	한샘홈퍼니싱	짐보리	바베파파	한옥마을비빔밥&콩나물국밥	레저로파크골프	루스빈티지	후지필름	하루엔소쿠	함안수박빵	에스까다(ESCADA)	앨빈클로	바바라 네일샵	담양큰닭칼국수	코닥	리턴마켓	바바앤바바	에벤에셀	레포크	마하그리드	스테이브레드	엘르홈	영풍문고	교보문고	스포츠아카데미	모양가발	헬로방방	VNY스튜디오	팔곡밀면	육거리떡볶이	발발빈티지	키드존	아이윌컴퍼니	그림아이	블럭버스	레스트인네이쳐	인더캡슐	와키윌리	유이스시	해온	S뷰티아울렛	마켓인서울	풀포우스트	하이브리드	미미월드	비바무역	나따오비까	에스제이듀코	아임팟	개순이상점	J BY JENNY STUDIO	무유무유	39치떡	아르넛	그랜드침대	마인드브릿지 유스	마레드	헌터	퓨어파이브	봉보니	새마을식당	파도가	게스키즈	버거킹(burgerking)	맥도날드	닥스침구()	소극장(LITTLETHEATER)	놀부부대찌개	한국도자기	푸드코트공통(FOOD COURT)	피자몰	명동칼국수	후원	스타벅스	신기소	리미니	카페루고	다쯔미	던킨도너츠	롯데리아	반궁	테루	다구오	더카페	로운	삼백집	후쿠오카함박	아비꼬	공차	스트릿츄러스	폴바셋	곤트란쉐리에	북촌손만두	오뎅식당	청년다방	홍대돈부리	방배김밥	더벤티	포메인	씨지브이(CGV)	담소	차타임(CHATIME)	미스사이공	홍대쌀국수	앤티앤스프레즐	중화가정	샤브보트	스시선	두끼	플레이타임	스시오	데일리라이크	인까사	코코몽키즈랜드	마녀김밥	멘무샤	아오키카츠쿠라	사월에보리밥과쭈꾸미	경성함바그	도쿄이찌바	신복관	샤브문	제주스	큐큐면관	메가커피	겐텐	컴포즈커피	호천당	헤지스홈	전자랜드	모쿠모쿠	강촌식당	브루미즈	영풍문고	엠프파트너스	알로안경점	엠제이실용음악학원	로하스테크	남산돈까스	홍미당	스테이크어스	루고	델리커리	할리스커피	예스24	한옥집김치찜	두촌가마솥밥	강남교자
중계점				72,670,374	46,027,300	74,186,700		72,552,500		36,388,400	30,835,400	57,347,600	45,443,800		44,059,300	38,221,400	22,756,490			44,764,600	38,332,100	52,174,000	62,202,600	45,570,000	41,580,700	73,434,000			26,130,500			31,471,690	42,607,000	38,736,600	#####	####	35,983,200						119,800	5,987,440		3,520,200	6,365,100	95,840		1,203,720	19,116,592		22,375,360		22,072,320	49,950	381,223,259		19,160	25,362,244		33,732		16,691,560		97,622,500	25,028,000		33,773,100							31,766,000		18,335,400	15,006,000					80,051,480	49,806,610		7,133,000	23,448,100			23,091,640				116,967,570					44,002,100	8,425,400				16,432,200		56,734,260	53,806,900			17,657,700	22,813,620			46,229,290	84,587,200		17,894,700					35,641,200				54,334,500		20,443,600	44,127,500					65,039,480						24,772,800												24,255,700		29,209,800		19,407,800											50,017,800		45,475,100						2,864,720	19,169,500				437,752,330		51,891,960			87,206,000										44,281,360			22,953,640		54,109,100		41,127,100	25,026,780	85,404,500	30,289,840			0	29,214,300			16,587,210										2,210,000					1,050,500					15,269,900	19,345,800		44,431,800			24,382,440	12,668,500									7,892,500							14,164,700		12,936,200	16,873,900			-79,000							26,200,590										20,030,120																			50,379,400												32,613,480						60,105,700		26,358,630		48,058,500	23,961,840		35,189,609		32,788,390						29,662,900																24,702,380															60,118,978	36,018,110				56,948,200			64,110,460				35,621,400									64,598,600			34,296,344		14,380,050	12,508,400	38,124,700				16,166,830			33,509,425				25,218,860		23,592,720			10,535,750	44,080,880			40,109,220					350,000					9,663,000					30,563,100						8,932,000									28,887,600												54,279,920	25,506,900	33,058,830		33,804,400			40,046,250	6,242,400	44,496,050		14,757,600									51,308,800			13,249,300			72,369,000				38,221,940																											24,290,000													25,076,146				25,358,400	49,939,540		64,634,760	15,536,400				74,677,000					32,136,800								28,175,090									42,300,550				48,064,200																						28,307,150		35,678,900			107,426,450	135,381,200		60,760,870			17,704,410									42,172,200	31,480,700		86,872,400	33,826,530				43,928,400										19,708,000	100,017,800				49,444,300											19,635,400						7,570																			1,938,600													20,726,000							7,674,600												22,276,800																		30,020,990																	62,526,570																	185,762,830						176,951,257																																																																											877,000					602,560																							57,159,900																										7,603,000								302,034,126																			33,104,400																																	6,550,000				11,437,200	7,621,500	2,818,000	11,001,300																																																																																	25,688,320																																																																																																															1,594,560																																																														29,835,100						11,599,030				26,488,600			10,348,400										20,799,800							
안양점				39,395,950	20,429,100	16,989,500		8,564,700								1,988,700										36,553,800																														0	0			0				21,740,660				1,543,500				11,535,240			15,034,700						18,852,000				24,192,350					9,434,099			23,710,800		28,852,800				8,102,400			17,005,500	20,695,230		72,552,760	69,087,401	16,064,970				9,941,200		110,447,600	38,018,100			24,342,400					44,015,000	12,942,280																																					17,590,570														11,877,800				23,047,000				10,111,670				21,501,250																					3,609,700		0														16,000,800										21,351,600																					26,127,000										6,986,900											24,506,256					30,118,060															6,995,000																		13,455,800	15,838,140	26,270,500									26,405,700			12,012,750													19,569,400																																																		43,466,000														21,326,400																																	55,740,500																																										15,829,600		6,784,320																30,368,000							9,711,100			11,253,000		12,616,000		10,039,000																			66,399,400							21,555,000							8,479,008																			6,698,000																								22,945,150													32,704,000						42,115,190									20,130,100					30,030,600							10,022,300																																	40,992,200																																																																						8,877,800																																																																																																															17,284,808																																																																																																																																																																																																																																																																					2,956,000																																																																																																																																	
분당점				83,281,600	51,037,520	52,260,800		33,941,500	0	42,617,200	23,051,000	69,372,900	27,273,500		54,303,500					39,564,600	57,980,900	39,359,100	60,338,620	36,347,700	27,872,150	104,481,700	52,483,920					18,577,100	46,109,470	53,398,860			4,062,400	94,900					13,274,810	20,125,910	237,000	3,108,030	32,791,240	560,810	156,700	6,301,900	142,844,410		138,413,090		123,737,720	8,168,345	2,838,119,294		349,996	102,137,227		117,600				66,246,300			54,378,860	39,241,750			23,820,520			17,403,800		32,847,050	28,155,200					67,169,360	27,124,600	0				51,402,500				22,219,900	48,881,600			32,828,520	7,104,200			30,049,800			37,058,700	37,394,580	31,730,790			33,806,300	31,311,500	11,899,580		42,395,030	53,584,280			14,067,200				33,149,000	30,938,070				44,559,210		31,070,300	51,818,880										25,437,500	32,346,559	16,983,800				23,061,796				17,085,600				30,074,700				26,127,930		31,514,166								40,751,000		44,612,500							20,599,350				387,718,200		87,059,070			94,113,640										40,291,770			24,830,300					42,026,800	78,871,000	34,730,620			0	32,727,800													26,929,400										33,535,200			21,091,000							32,118,850						17,565,205			13,690,300									14,839,500								26,873,530										24,098,800								34,778,800						16,544,800					75,877,000						294,000						22,501,800						72,057,400				18,592,110	38,201,830		53,152,472				51,248,450				67,026,973										42,278,800						84,539,660												13,242,200	19,554,600		27,766,720	46,658,500				78,557,570	31,551,200		16,697,300	26,134,070			53,787,000									87,378,870			36,341,888		51,095,140		46,309,000						29,040,250	56,239,658		17,481,000				41,814,300	49,335,400	25,592,110		58,168,430					58,597,300	23,079,720					42,324,290								12,286,400					3,866,000						37,169,601			20,651,900																21,736,680		14,719,100	26,270,550																22,440,830			43,935,850	44,086,300				38,064,700							13,567,900								30,715,300					67,751,200				45,613,000		45,735,000																		31,303,470			59,011,000			54,075,000	79,314,158		45,106,280						23,270,200					58,450,720	30,641,440								43,019,050				38,027,000				20,110,200								17,563,310			16,047,600					18,266,300			13,665,100		19,585,400	63,868,100	97,273,400									17,647,200				23,665,000				46,117,000	55,749,000	54,493,100		15,214,300																		35,817,000																14,000													15,471,500					-254,600																24,306,000											60,189,210		16,660,920				23,797,720		44,861,400						13,644,120	15,327,870					68,309,100				34,808,950		30,055,440	21,116,420	33,629,260													17,650,300																	173,391,660		45,022,120																								52,826,200																																													11,609,100															22,572,800									24,663,440																		672,000																				10,266,780																					18,513,750																																																				6,735,227																																									21,841,500	28,959,980																	16,782,500																																															14,589,758																																					2,317,200																																							3,221,000	3,977,000																							117,152,820		3,219,700				31,607,520	50,613,600																																							15,394,900				18,063,000				32,384,365																				
해운대점				36,130,593	24,314,900	39,148,700		20,514,100		30,600,500	12,362,000	46,231,500	37,559,300		31,945,597	13,794,200	31,499,200			15,517,400	23,534,220	40,864,200	40,022,500		32,760,100	27,374,400			31,088,500		22,973,550	36,750,500	42,220,621	16,779,100	#####	####	20,831,580																			2,163,710	1,088,288,258		239,720	45,450,988	91,960							24,286,920	45,630,450			14,050,000	16,361,720		16,265,000	26,735,000		66,070,460	24,984,700		16,002,000			33,225,600	27,464,890			17,650,200						4,086,300	51,429,000						21,089,100	17,961,800	24,103,090	35,063,730		30,269,030	25,116,290	19,441,320		14,862,900	23,168,400			25,922,600		95,766,150	36,095,990					33,710,000					53,041,850																							20,129,100								24,891,170	12,233,500	25,379,500		23,769,580						34,320,100	25,760,080								14,155,300				264,707,700	14,873,390	27,681,090			40,005,300	43,404,400	17,569,000				12,682,900								114,464,860					55,591,200				0														25,113,000										26,831,000	10,518,700			12,085,000												10,949,200			9,331,000							5,834,000									15,018,960							28,517,080					41,375,750				50,666,900			0											-89,000	12,004,000		12,968,000			4,702,000				26,864,400						11,701,140	19,090,100			36,614,900		5,650,000		41,989,100		17,732,000			20,331,600													20,190,800									23,600,100		10,369,100							33,568,340	19,010,400	17,584,100		31,662,140								33,411,660	24,000,600													15,749,600	21,662,400	12,904,896											13,692,596		47,129,408		31,430,720		31,114,500				55,018,950			29,719,450		35,967,000	36,460,410													12,022,200									10,799,500		63,489,300	9,058,600		37,541,400	25,839,400																		26,844,140		21,513,200											27,547,300			22,988,900						13,050,200		39,056,700							25,318,900										12,562,400																					15,076,000										16,526,000			90,134,200										30,325,900			38,538,324	36,926,200								21,035,650				31,002,100															18,872,500		18,985,000						25,815,404				68,642,020	80,556,100	28,907,900							23,266,300			31,642,500	28,868,000						26,184,210		22,190,500												7,744,600					14,449,800		9,805,600									15,921,700									144,400	65,382,801										4,046,000		14,454,600	84,635,600											42,300,130											22,929,970						52,999,530																						13,183,840																					26,281,200		13,861,440							3,785,000						183,257,930																										9,858,000															48,038,720															5,596,200															44,377,700																																											21,816,060		22,776,120																								7,235,600																																																																																																																																																																													7,430,000																		714,500																															101,288,840																																					569,200													108,525,395		28,024,530								1,965,700																									25,873,100														3,686,400	7,361,031	13,637,460																							
천호2점	0	0	0	21,844,450			0	58,113,600	-2,799,300	48,579,800	40,956,000	25,156,400	15,088,200		42,510,900	9,379,900				10,250,600	18,648,000	26,735,300	26,098,400	20,267,500		40,287,990						13,962,900	31,159,200	44,147,230	#####	####							5,547,940	9,160,031	2,560,100	9,238,820	48,539,900	15,900	11,306,880	8,333,780	39,703,784	0	100,776,139	0	107,374,161							153,201																	7,434,700						25,647,700					21,041,000			9,675,770	5,817,210	61,096,000				17,434,660			16,471,600			23,905,600		27,876,530	226,900					27,352,600	22,804,770		20,609,700											129,660,840																							12,181,600										20,540,300								21,091,500						8,178,300							129,504,820	7,616,560				20,129,450								21,020,700															0																								14,473,500																							12,330,000																															8,312,500																						8,006,300						30,937,100		1,382,672			27,013,770		15,743,850					24,479,800						9,961,500							13,345,000									11,336,800														34,764,100				38,253,317			19,624,640																22,276,248				56,524,400							395,000						13,786,260			5,744,250				17,780,000			27,968,290														329,502,730													20,769,200																			28,607,400																													0																			15,619,000		30,103,400																						13,630,080						13,404,000						19,608,200	17,009,200												30,009,850																											20,021,000				73,860,160	104,471,300												48,374,000						24,578,200	30,199,100													24,675,900																12,590,300																			5,804,000					23,371,900																																																																								18,319,290													199,792,040																																																																																																																																																																																																																																																																																																																																											437,000																																																																															10,531,500												11,998,300																																																															26,251,600	
부평점				32,028,800	18,330,800	22,046,000		7,348,400		19,085,620	9,620,120				18,884,400	15,438,700	16,951,800				40,845,800	26,622,400	45,330,500	11,137,400		35,151,100	24,764,950		18,985,200		50,426,760		18,621,300	16,473,890										0																		2,000						13,334,210				10,070,340			15,798,200				7,556,200						11,714,800			24,480,300					29,674,500		23,591,000										14,848,900	38,999,100	21,148,530						7,536,000	15,154,300		13,078,250	13,018,700	6,508,200	9,027,900	18,080,990		9,466,000																												13,546,700										17,200,570														7,574,200		4,996,000	7,889,600				108,666,510					9,511,800								11,003,900															0																											39,282,100																		11,755,000		6,381,000				2,838,000	7,465,000								22,403,700					22,597,810					23,343,580								9,945,000																												13,755,600				5,556,000	22,731,500		20,533,770		25,213,200					9,539,500																				8,205,600		8,197,700					13,044,600				5,838,200											18,243,700									15,194,000						13,111,272																				16,782,600				18,861,835																	1,137,754,448	26,070,000	21,800,050								40,091,800																		13,085,600	18,711,942			30,003,679		9,987,300										1,084,500				2,066,100			6,296,600																										10,134,000			13,353,700	15,753,000	7,039,000																												22,339,000						10,201,900	10,587,800																								7,437,160							6,666,800											27,872,100	54,375,220									4,186,600	4,166,900	680,400		18,703,000																				6,721,600					11,431,600	3,928,400										19,085,400																							33,885,208																																																																														265,900																																																																																														5,001,100																																																																																																																																																																																																																																										71,882,200																																																																																																						8,747,300														12,419,500																																																		
불광점	44,600	0	12,730	38,770,850	59,515,400	41,532,200	232,370	30,503,000	390,760	37,887,500	32,195,900	45,836,500	20,803,700		30,523,400	24,228,800				41,698,900	38,282,100	70,794,900	71,804,700	53,476,800	45,253,900	78,436,500	37,151,700					36,002,100	18,944,500	21,011,100	#####	####	13,857,300						4,483,810	6,154,790	461,100	4,857,900	8,889,570	26,400	3,508,460	802,760	0		37,037,830	1,162,840	24,675,270	7,740,838	4,177,989,667	0	590,830	141,802,306		61,100				119,476,400	26,355,000	34,189,570	19,454,650	15,707,600			24,267,640	13,038,700				17,509,600	27,876,900					54,114,200	71,368,598	53,475,550		33,524,800					25,475,500	14,099,500	147,661,000						22,363,600	31,029,800	50,021,280		43,571,720	93,707,484	54,394,670			11,427,000	60,956,900	48,676,540	14,935,910	36,654,850	31,123,160							49,021,080	37,356,200				179,219,050	3,564,300	36,130,100						53,436,820						49,610,940	23,880,100									103,169,350		17,448,200	27,595,310		47,336,968	50,384,916			22,306,930			30,294,800			27,010,050		47,520,600	20,109,480	36,741,100				17,719,900	22,212,050	27,842,100	10,386,700				214,595,280	13,126,150	51,109,360	49,552,700		56,437,900						8,949,540		16,783,980		23,507,240			25,166,670		32,943,400		30,004,900		111,452,900	20,564,160			0																		6,550,800						25,014,000			20,296,600				14,265,300													11,155,400			14,249,200	0				17,098,000							13,741,900	40,442,800	-38,400						33,007,985			37,351,820					25,410,800			19,692,500											82,639,000													32,813,500				24,603,600	60,223,800		36,080,200		20,102,520		36,032,060		24,595,500			22,104,900						14,804,400				40,171,470			23,024,000									8,333,300		22,834,800	27,957,690				17,350,600			14,622,000								55,671,450			62,251,490	40,249,400		29,404,870	25,984,500		162,935,870							44,773,180	18,762,200		32,246,460			32,986,200	42,872,000							14,149,210		33,291,800	19,201,790	32,977,590				35,152,510		46,298,440	36,483,930		14,121,200		90,931,150	45,373,570	34,076,400						14,502,000					105,107,860	15,000,000			23,836,040	37,873,360	5,985,800						47,882,300		19,108,100	48,254,400												30,829,420	31,021,000			58,913,790		29,435,600	20,747,850		61,761,650		22,475,300							10,290,110		18,412,600	7,782,400					81,979,000	115,003,600				30,005,200		23,786,300				13,279,500	33,812,060																	36,761,000		31,589,000												49,826,290		26,598,900			54,303,050				55,387,400	31,957,620		47,020,900	43,603,000	14,476,900												36,435,968	32,045,250								32,433,600				35,046,000															7,005,100							38,463,010	18,621,800		32,592,800		103,487,180	112,246,860		65,316,870			31,667,820		43,120,650	24,107,720	20,067,000			64,653,000		32,099,150	68,597,300		81,316,600	44,211,000		15,577,400		72,880,480											66,723,100										42,754,700																														9,550,000									36,054,290										8,924,000							70,689,570																							262,900		22,350,020	31,974,545	30,222,760		5,811,820								19,891,400				29,118,800																			63,076,810			38,017,700									10,338,000												21,551,700				24,418,900															15,671,800	13,000,830	22,586,700	13,426,040																						16,095,000	11,557,900															56,991,900																										15,160,200																10,301,400	16,179,100		15,796,500											35,042,200											35,282,540		39,074,800							41,214,700																																																																																																																																																																																												45,342,500														18,066,300						1,582,930									11,079,200																																											42,286,800																																		83,901,400																														
고잔점				52,731,950	52,421,200	45,462,800	1,087,800	55,260,400		47,931,800	17,638,600	69,478,100	44,649,000		36,977,500	70,025,600	39,370,500			60,336,500	47,006,200	34,559,100	28,226,800	102,559,600	41,148,700	52,065,100	19,690,000		32,367,600			58,031,900	46,772,900	43,010,348	#####	####	29,661,000	326,000																		3,416,171	598,370,815		39,870	26,051,922		100				113,229,500	41,086,000	84,154,460	38,588,708	31,452,300			52,460,030	6,003,200		32,751,600		14,576,800	14,919,800					30,092,640	63,804,060	101,590,000	37,825,200			50,213,500			11,678,000	17,889,500	43,706,000		49,069,820			51,227,220		47,634,200		7,565,200	33,947,400	41,462,640	88,102,148	29,809,490		47,893,200	66,658,500	33,891,920		72,012,410	97,855,720	116,253,750							28,900,600			0	137,078,150			48,309,900					66,284,620					45,947,320	42,454,966	32,912,300						29,933,650			125,023,020		24,785,300							57,244,070						80,601,503		40,006,700	24,691,220	66,451,800				20,084,200			28,061,208				288,408,110	37,325,580	76,427,560			75,196,050						27,581,200			20,254,300	55,495,680			35,736,690		54,473,600		46,011,000	27,559,400	168,166,700				0	54,375,750													30,021,350						78,492,260				34,953,800			42,800,970													14,724,000									16,017,500					14,659,100						22,048,900		10,242,350				13,578,650				22,110,050	24,973,620									1,761,000				28,375,200					88,021,600		107,774,500				7,938,000						30,246,500					67,264,100	76,763,140		53,114,680		51,186,580	21,426,000		44,881,150	49,008,618			59,424,508			50,879,600	40,213,300						10,647,040			36,290,200	32,249,800	23,431,550																	46,106,500											72,295,126	42,060,800			35,917,200		124,489,970							24,941,160			85,004,174	13,512,854			36,928,000			363,500	47,780,080			20,842,630				25,919,000					12,745,550				61,672,178	31,832,100	90,085,800						5,819,000		26,124,000						25,102,000			58,533,470								33,947,900				39,081,900											100,588,040	42,042,100			44,800,600			26,126,950		66,959,208		53,785,300									58,219,500			37,928,086						33,283,780		40,496,300		62,761,900							28,874,958																	50,915,710												34,469,600		5,402,000			38,444,150								35,488,800	9,863,600							40,002,500				33,511,720		50,557,440		20,166,100						40,047,800				35,434,200															39,218,400					15,794,000			15,290,200		51,189,500	145,926,900	122,685,000	163,622,900												80,653,930			67,475,600			46,838,800		32,834,500													130,374,800				15,283,800																				20,167,360	63,039,510																																			16,273,800								8,644,400						42,590,340						22,607,110							17,680,990			50,435,300	9,510,480	72,253,170	8,381,280														67,389,300								17,382,400									317,782,040						88,312,360														16,277,950						83,827,880		1,035,000													53,222,730												13,300																													18,291,300	17,624,200					3,854,100																				7,435,000																				68,160,700									26,310,600								11,435,400																																																																											13,372,000																				12,860,800																																										25,380,560																			17,349,900																													6,553,000																																																																							3,087,100																24,920,440					9,129,700					937,041																		23,901,900	70,319,750																																28,500,510								
일산점				61,679,360	60,255,300	90,001,400		39,761,800		60,057,700	52,063,400	31,212,650	52,567,200		29,379,800	45,815,400	54,672,600			67,052,500	55,773,400	41,051,900	81,672,500	55,271,100	45,492,000	73,258,000	72,069,900		25,319,800			27,973,400	31,808,500	53,456,500	#####		13,472,950											-3,000			60,018,558					2,965,737	1,782,479,025		438,420	52,543,262		7,100			23,383,360	119,260,300		28,736,760	50,785,900	10,562,000				51,168,000		36,126,000		21,074,100	28,670,200					45,316,900	51,652,820			26,383,100		51,665,100			55,307,020	44,661,700	74,012,000		17,744,920	29,649,780		39,189,100		35,372,600	49,024,300		32,259,001	64,827,500	53,015,260			19,161,500	47,598,950		16,497,820	45,694,900	26,371,660	98,445,816						15,057,000					115,540,890		23,217,000	38,813,580					42,149,680		31,432,400				40,102,560	15,257,900				14,039,452							16,815,150		33,631,006			53,169,720		17,307,940						97,422,130		28,004,000		62,332,600							15,431,000				349,952,190		60,380,700		45,590,584	100,326,300						33,827,000				57,419,850			36,768,140		22,565,360		58,497,300		84,640,800	31,114,580			0	39,528,150													28,677,200						36,239,100							21,594,200																											38,365,700																44,092,440	31,189,168				40,578,400									34,238,600					99,907,000																	55,065,100	54,077,900		17,023,560		20,626,610	30,195,020		28,637,030	36,576,500	13,003,500		39,572,100				32,975,650						42,156,830			46,077,100	30,001,670						55,501,540				26,248,800								35,522,500								61,894,520			41,799,620	15,325,700			30,769,800									38,397,460	33,242,200		20,461,728			24,640,600	31,357,900				34,395,990			23,765,980		18,880,700	8,422,600	49,751,530		20,465,980		22,434,120		32,617,640			42,910,400		40,043,700	33,649,320					6,585,000						19,478,001		25,581,640					6,396,600						56,668,600			46,629,300	26,025,400										21,069,540	41,379,195	39,993,600					32,697,250	26,134,900		27,251,790											24,490,200			30,860,200			78,235,300					30,327,200							34,918,630																	61,003,000		73,496,000	69,337,000										28,402,000		35,206,100					110,270,420			68,188,100			49,385,600	57,021,000	20,836,700							41,448,300				30,336,730		44,720,810								31,239,550				41,291,500															18,207,600					13,253,700			27,173,500		33,829,000		67,129,000	120,806,100	31,467,500					23,736,000		34,577,500				13,574,000	25,862,600		29,465,800			31,938,100				60,991,440											82,210,900			15,607,000							28,920,100			37,864,200		34,119,700									21,056,530	60,031,900																								26,552,800					4,042,100												61,153,070		10,358,700						10,027,000	20,322,100		9,261,800	6,913,900		13,331,700										34,083,960	68,607,410	43,441,500		21,605,200									23,067,750	31,372,000			20,438,800																	178,744,670			168,660,090							19,339,900												16,034,450		35,043,000		34,908,400																																										15,219,400			-3,000																																						65,339,230																			31,154,980	20,384,350													13,924,200	0																										9,679,000																																																5,666,400	6,755,300	197,600			4,767,572														6,711,400																																																													49,160,900																																																								20,004,900																									40,696,200																																				59,670,680	17,874,600				55,164,200																																																																			
야탑점				94,387,900	48,541,300	63,456,800		49,385,600		63,180,400	46,412,900	55,414,700	48,469,800		44,917,500	26,344,900	25,602,400			63,014,300	76,827,600	63,971,500	76,851,600	45,805,200	54,020,900	201,441,900	10,486,100		25,330,660			30,222,800	50,587,810	38,691,900	#####	9,900	24,522,600						0													8,121,744	3,948,221,617	334,186,512	204,990	140,007,976						135,631,800	35,151,000	43,495,450	119,108,590	37,076,400			50,323,245	27,310,392		66,473,400		24,706,800	24,657,300					64,107,300	56,475,340	355,329,400	23,644,650	30,743,400		40,329,500		18,338,100		19,596,700	78,414,500			77,324,210	16,875,100	72,846,100		52,701,380	62,628,220		47,178,360	53,844,960	34,759,910	-59,000		21,802,200	49,552,500	6,419,270	34,682,800	84,920,845	43,172,160	54,963,300		13,237,000				25,414,000	46,443,800				72,948,540			82,394,390												207,232,200	23,084,500								52,080,430		29,318,720		51,017,230		51,513,800	22,279,688							70,552,620	105,592,300		30,009,200		49,692,910				77,795,400	43,643,150		21,072,800				377,898,750		46,312,600	42,483,020		60,747,809								37,487,260		37,317,450			38,878,080		33,284,100		43,069,900	63,067,700	152,847,200	35,463,270			0	50,187,300	42,462,000												36,301,600						45,564,020	15,441,500						49,302,950			22,536,200										32,022,800			262,600			8,934,000						32,063,100							23,786,470	54,843,910					69,016,800			31,447,890		38,067,570			5,485,700						1,220,200	14,355,000		34,298,500	4,362,000	33,225,600					72,683,000			7,257,000									35,791,000					62,904,600	102,369,710				31,388,050	92,500,800		57,857,420	40,058,410	30,691,020						57,248,190						50,190,030				46,194,300	31,060,260					23,903,765															-99,000			62,151,000		69,585,610			55,046,200				26,359,400		225,618,680							45,536,650			35,594,650	13,717,100			91,204,600				19,730,870			44,927,020		24,231,600	22,811,920	46,135,580		31,562,290	26,362,700	66,786,950		40,073,800	37,865,180				57,098,600		70,588,900	34,240,600			45,513,000		23,855,000					35,654,780						5,837,000						28,025,960			53,616,580	40,449,200		44,170,860									63,338,480	17,804,300			35,146,840			24,435,750		39,696,490		33,043,670				20,871,638	41,491,290	16,594,700			38,078,900			15,639,730			73,886,600					58,509,980	26,260,760	65,557,100																						48,234,100		38,591,000										34,739,500	38,008,600	35,018,790		84,090,800			34,699,000	58,889,300		37,567,180	46,354,200			40,375,800	104,998,690		54,693,960					49,024,400					35,093,780		109,861,920								68,041,250				34,490,400														53,003,410				26,663,800		14,508,800		20,357,420	25,827,500		100,503,100	64,648,400	86,707,890			69,383,420						13,283,800				30,893,000	22,374,640	47,897,840	44,537,900		60,050,400	54,786,400				90,334,200											72,913,900																									77,171,800																											22,132,600								21,293,900						91,304,640			22,303,200	5,433,510	45,704,600	27,751,800																		57,096,090	67,185,138	51,215,540	38,248,780	23,990,800										25,085,990			70,055,480																	482,534,464		84,518,420	188,291,840	28,154,300			147,432,190																			49,197,600						99,639,960																																							56,225,100																	4,966,800												5,019,000													34,559,900									52,858,315		7,637,080			5,230,000	8,178,500																8,561,200													23,407,975												11,645,770												46,259,900				13,222,600															17,373,750																								4,659,500																28,702,757																							26,424,100	684,000																	32,910,700																												38,713,250							8,423,000													696,477,932					1,480,000	137,570,265																					15,861,990																							23,816,200		19,745,080																						330,751,300									147,358,635							68,235,500			20,355,300																		18,277,460							27,979,811						71,624,809																				16,245,000													
인천점				41,228,400	45,639,600	56,846,500		50,595,000		24,157,700	16,858,600	37,306,120	28,297,000		28,396,200	28,958,700	40,835,400			40,094,900	56,307,300	80,417,200	46,318,900	48,421,000	42,409,500	66,493,400	44,239,900		15,292,300			30,303,600	38,820,500		#####	####	29,531,690																			1,103,744	852,542,625		96,415	24,280,995						99,402,200		61,575,240	40,893,900	30,984,450			45,396,520			22,968,800		23,142,500	22,982,960					58,115,100	138,577,190	147,060,410		25,076,700				25,691,020	35,887,990	21,556,000	60,885,400		18,412,460		14,123,000	26,955,200	41,944,600	36,806,500	46,214,320		29,515,300	83,923,900	91,935,200			11,859,300	60,182,200	25,308,360	13,023,800	47,850,800	47,366,840	111,159,650	12,847,785	9,447,500				31,697,000					26,506,100		24,347,500		58,012,150										24,105,360		23,002,920							21,645,600			16,314,000					80,685,700		63,943,208		4,308,200	14,110,420			128,763,325		24,313,300	19,387,580					51,749,530			15,949,700				266,811,900		47,304,620	47,350,420		47,528,200	37,064,200							22,889,410		29,964,435			29,051,070	138,970,758	34,160,800	2,550,000			168,498,400	23,828,100			0	33,981,900			4,755,400										47,044,800	6,404,000									39,649,000	22,553,000		24,372,800			32,296,700										11,620,000		22,090,420	38,577,000				25,368,500			19,219,000	38,205,000									39,630,850					23,341,270		15,875,080			29,140,110	6,666,300							12,094,500						19,675,200					72,476,000																				-1,097,000		73,226,900						40,040,000	54,080,500							24,358,750			39,153,940			67,769,808	15,484,000										23,412,700	26,800,000							36,436,300	40,258,300			60,056,720	7,118,300	51,119,100					31,007,580	17,030,000												30,040,920	29,440,000	18,575,500	50,316,328			26,513,000	70,189,280			24,176,635			23,180,900	35,359,680		24,447,400		68,842,130				35,312,100					74,691,975	27,552,400	58,960,100	33,883,640		20,614,000									12,618,080							5,655,500						101,723,920		38,228,380	19,820,100	39,200,490					70,253,669										20,249,916			27,509,550		54,287,800	20,691,800					19,280,910					34,633,890			14,267,100								29,035,400			36,004,700				25,592,600								40,024,000			66,018,000						46,186,000		58,768,100										91,557,000				17,732,600							25,015,200																		38,609,710								34,273,050																			8,277,300					18,378,600			9,913,600		36,291,100		71,109,990		92,356,600				24,871,400	20,130,400		23,647,200				32,968,000						65,957,900														20,732,600																48,432,216																																								22,924,200					24,953,400							7,452,800						14,809,300																		16,306,800		18,295,380							42,402							27,780,100	22,500,900																243,382,830		42,492,260																	7,378,000							25,396,800			29,989,200																										42,000																				6,165,000												1,520,000										36,604,100			-10,000																3,454,300												8,790,600	20,189,800			9,705,000								34,989,501								17,974,000					11,842,920																																												2,951,900																																																																					6,309,518																																															14,656,000																																																					54,686,990													50,101,280																																			0	14,330,910				28,601,500	35,952,219		8,827,100											16,704,912																										23,152,400																											
평택점				33,846,700	16,541,500	17,442,700		25,689,100		22,654,949	9,782,400	29,589,800	23,679,700		60,900,100	35,097,800	31,156,900			23,948,900	28,544,500	61,064,000			19,535,000	23,283,800	25,641,000					35,610,400	29,138,300	27,136,300	#####	####	22,853,520						0																			35,400		11,720,210		53,931,400		25,165,150	29,052,600				14,953,240					11,788,910	7,909,600		29,276,000			28,360,700	50,188,350					12,453,900			23,861,820	20,519,400	37,286,200			34,712,840	24,019,810			14,629,400	40,029,010		39,186,500	47,459,380	37,529,290						5,894,510	33,090,700			19,280,800					36,578,000	12,644,840								26,211,200									23,545,100	33,627,170																	22,322,100		81,624,290								35,212,400						6,621,300			13,238,100				198,604,160	2,619,720	16,378,360			36,050,050								25,372,620		17,818,745							30,880,000						0																								9,793,200	13,710,000										6,555,108																	8,740,000								13,410,680						19,082,440				24,595,620					4,003,300														61,458,810											12,024,200	7,838,260					40,565,930			9,307,400		22,686,980		27,257,700																		17,532,900											7,866,400								12,878,700		20,316,000																	50,694,660					18,431,940			36,028,084			16,878,600	70,425,928						21,569,790	22,760,790						15,017,400	42,435,300	64,433,410					34,006,080	30,059,800	63,896,400															325,278,500										32,236,800				11,834,800															16,815,000			24,068,850		20,761,200													9,004,000	9,975,200				46,413,700																														36,068,000																					30,693,600								9,357,000						15,380,400				15,874,180	25,456,300							20,115,600																								11,974,000							110,392,100	95,319,100			8,500,000					17,621,300	2,994,500			85,157,900						25,275,900															42,242,000						3,587,000									12,163,100						10,850																																		21,392,400		6,459,800																																																		15,787,200	24,534,300			15,107,540													180,340,780		27,137,600				49,979,070														11,839,980						20,393,400	5,434,320											50,000,000																																	5,605,100																													3,506,000																												19,540,460																																									8,431,300																					16,792,500																																																																																																																																																																				20,506,700																																																																				11,612,900															24,056,000										40,480,400					11,436,200			14,422,480	14,319,600				17,295,400																										
평촌2점				48,047,178	54,998,900	38,557,500		32,234,500		68,875,500	21,212,100	21,810,900	38,297,120		31,712,500	58,881,580	25,562,800			44,516,900	55,921,600	55,683,100	78,294,200	101,062,100	31,834,800	53,013,200	38,278,800		21,817,200			48,113,000	54,581,600	49,846,500	#####	####	21,153,400					59,000			55,900		10,532,020				40,550,384		96,868,630			7,046,671	3,202,276,493		135,520	67,441,953	275,880	7,000				90,129,100	30,027,000	40,808,030	100,815,200	13,683,500				47,615,180		34,229,000	33,546,250	53,516,500	22,890,660					85,100,200		25,832,600		40,560,300		37,555,900		51,500		20,161,400	41,558,600		19,054,580	50,557,660				54,543,400	36,803,130		33,928,160		34,390,830			12,832,700	46,083,600			30,011,915	64,901,140	44,730,950		25,289,000				28,305,250	38,637,000				127,136,110		27,131,200	75,794,650					88,021,780						21,254,457		35,017,600			15,062,960				10,741,200	71,895,800			47,130,490			24,105,300	33,925,670		20,301,415	28,979,100		15,742,150					64,601,200		68,389,400		29,038,730			42,035,800		16,933,900			8,855,600	296,112,820	34,491,420	45,477,610			54,008,800						25,358,100		37,344,230		34,982,060			28,248,840		7,611,180			40,344,300	77,107,400	32,188,100			0	34,901,300			4,214,100										34,349,308												30,032,250	16,806,610	1,091,900		20,044,600																								23,925,500						20,258,290	266,827,420									31,273,380		124,857,020			36,136,300			17,432,300						21,734,400					109,746,200																	36,787,581	62,357,708		31,004,140		65,567,690	54,726,400	14,324,800		62,567,300	30,074,000		17,730,760										24,343,638			48,409,600	36,216,500					31,048,300			15,417,900		26,831,900	7,871,260							43,836,300	15,722,400							42,971,920			50,581,660	36,792,200			27,690,500		121,714,890							69,199,140			42,353,596	35,966,980			97,985,200				27,893,711		10,954,760	66,902,420		41,699,500		24,551,120				10,423,160		75,359,380	22,843,140		23,482,630		70,233,200	54,715,120	68,352,400				46,414,310			150,567,457					21,970,800							14,890,229				50,784,200		10,482,400	36,404,900	73,843,800			47,546,000						283,000	7,381,100	59,163,730	23,356,700			40,145,820			46,290,150		72,173,478		33,330,710			21,718,000						31,613,200	19,147,220		19,548,240			30,577,500			30,046,460		35,542,500																					15,674,200			43,185,000		38,892,000																	43,601,250	47,402,480		50,160,360	50,076,680	25,116,060		28,068,100	106,330,992					32,727,250				29,806,300			22,190,620		67,109,860			20,914,890					43,016,900				15,096,300										40,138,400	5,795,000						7,377,140			24,444,300			17,548,600		62,967,700		72,858,990	324,791,800						27,969,670		35,976,500				42,769,870	35,817,140				80,285,500	41,416,125				55,246,310											65,247,100					25,002,600							45,159,940			40,747,900						11,980				20,878,800											24,800,000																			22,035,800		3,129,100		33,605,000									16,501,800						22,127,000		86,322,520				17,608,276										47,402,010		44,747,380	13,889,800	23,477,140										25,751,100			31,207,900		37,180,200								7,226,700							320,165,930	214,899,090						92,885,410			25,949,073				4,763,800					16,049,000													39,382,055																				7,649,660																			25,683,600												21,891,200			38,071,000								19,110,538			24,440,600																												25,026,110			11,872,800																																1,958,800		54,932,900	21,504,650	27,783,516	21,736,000	28,222,450																		38,881,510								11,001,782																																							13,581,876					25,438,500																																			8,625,602	20,959,600	27,373,700																																										4,792,500																1,177,500																											5,044,000																																																					61,313,400			41,120,610	8,735,200								146,248,200																											37,775,810								35,956,400																			3,368,516									
강남점				56,558,541	37,905,600	35,126,500		51,448,600		81,197,900	10,666,800	33,196,000	33,796,580		35,830,000		28,704,900						51,991,400	76,691,200		123,296,450	25,278,700					32,846,080	38,253,300	33,683,800			13,491,100	0					23,978,130	19,731,750	0	2,278,520	61,085,170	120,300	1,098,900	5,211,830	23,418,368		84,087,240		23,310,870	14,250,904	7,736,782,654	510,223,777	1,739,820	133,731,753		11,000					80,018,000	22,698,860	72,460,850	24,669,850				69,170,800		32,568,000		59,358,500	34,223,600	70,340,840				131,106,100	94,847,340	234,780,840		40,990,600		60,483,000					87,900,700		29,701,900	66,506,220	16,144,900	54,463,080		26,885,800					21,715,090			15,071,100	110,408,600					35,840,200					35,006,400		27,870,400				75,567,520		140,840,230	62,738,000											44,223,370	36,665,440	110,274,840			38,448,750					72,592,480				56,247,230		31,936,000			31,218,523								52,082,900							28,109,380		22,326,050	20,249,000			437,804,490		40,424,220			38,134,790			42,778,100							19,835,770			20,098,080				27,293,100		101,661,800	21,921,800			0		31,253,600		9,108,780												85,407,600				88,566,020																										14,303,000					29,817,850														57,793,360			32,322,450				269,018,410				24,210,960		46,724,200				31,417,700		52,554,400					83,441,000			57,110,900									25,313,280		70,777,300				88,703,860		47,469,740		13,408,950	17,873,610		51,586,208		25,556,420			75,134,020			54,822,664	112,610,618			62,043,918	28,028,890	9,328,700	74,116,000			41,555,410						55,838,820																		24,522,200		127,922,780			47,334,850				49,404,800			123,806,560						94,464,670			78,001,250	12,453,200			27,953,400		104,828,250		72,694,990		37,341,510	56,917,000				26,065,130	62,144,550	80,307,860	20,147,600			61,037,460	45,991,480	40,317,000			111,674,800	37,879,130	55,638,900				60,944,040					20,870,000		38,529,427					38,354,680						17,683,390	58,866,130		37,565,000	15,068,700	20,506,500		16,330,320				79,080,648		93,032,500			41,682,990				31,302,220	188,998,550		30,345,871		63,676,607						20,583,450											432,511,400			19,865,600		42,361,400			122,362,960				36,070,100			42,030,000	22,293,000		25,067,500			52,068,460	20,471,880	27,698,000	20,738,000	85,633,600			40,186,000	25,675,300		32,635,040							124,595,570	7,960,000		20,327,300			49,509,200			0	65,063,000	76,165,620	20,103,600	115,825,860	52,065,200		130,949,165	100,190,000	73,908,000		68,227,278			60,742,050	50,780,200	71,188,090					106,230,920	33,034,590	91,661,180			75,403,226					67,248,150		47,833,221		31,089,400		57,184,640					96,173,400							73,231,840									13,209,700				90,643,210	193,206,900												16,802,000		55,497,480	32,110,000		58,198,400					52,727,390						75,157,700					40,861,600																					22,000												55,299,000										3,367,560																															55,850,310																44,017,800	47,448,608	25,664,170	57,095,290	34,193,440																												25,315,250		386,002,230	130,324,360												80,718,820	35,464,620							59,555,200																																				37,106,800														16,736,800															9,354,000																								23,172,800																							25,975,900																																			126,893,264		29,917,270				14,529,650	52,646,000	30,559,400																						17,209,200				46,843,110																								41,760,410	13,330,600																																																																								30,499,810				36,665,320			35,554,800				15,600,700						14,308,300					72,901,000		60,133,300	90,376,740																									0										6,137,500																											81,478,200						7,953,700										182,293,800							156,807,160			107,954,225		118,085,010					106,588,460			11,214,800							70,281,052																		39,887,490																																							
동수원		0		41,914,450	28,451,800	43,397,000	0	13,682,100	79,700	38,408,100	19,555,600	41,606,950	30,889,700		38,621,400	38,307,800	20,580,300			42,561,900	35,553,900	58,801,000	19,012,300	22,171,900	26,199,100	62,819,400	2,540,300	27,065,370				31,816,900	30,933,200		#####								7,968,000	3,837,800	178,900	3,782,500	11,016,400	3,900	10,983,260	1,872,700			51,702,700		43,648,200	1,708,678	1,006,761,473		415,760	31,928,674		134,100						43,950,380	39,099,350	152,390			68,307,000			61,545,200		29,321,300	28,572,900		16,015,500			42,156,040	40,188,660	45,168,320		24,645,000	82,125,000	15,737,100			58,397,800	15,260,800	60,806,600			57,003,360	28,323,400	33,704,400	24,819,300	35,067,000	70,623,850	14,002,600	91,578,640	43,897,720	26,008,730			6,987,000	24,343,900	4,831,160	10,342,508	68,398,800	31,401,170	75,949,750		18,565,900	9,689,200			100,756,390								48,877,650	49,370,850									29,422,600	26,205,440					18,396,400							14,063,900					23,066,730		76,004,680						33,520,490		29,787,400	19,703,200					16,741,270			15,019,650	11,533,000			162,853,720	4,769,730	40,258,000	40,643,300		64,121,350	10,336,208			14,559,380		42,221,300		25,521,886		11,628,688			36,848,140		23,110,900			33,002,400	105,850,900	16,671,540			0														17,724,900	2,724,000					44,291,400				27,635,000	17,021,100						13,018,800									19,912,000		27,329,000			13,279,000									21,798,000						32,196,000									23,006,580	31,051,060	24,860,350				24,589,050									18,642,000					57,251,400														5,349,600		18,424,180	26,051,000			15,422,180		23,608,450			18,066,310	31,696,400		15,548,050	67,058,600						27,151,480							33,330,700	24,065,000								16,688,600		16,623,900	16,121,030			22,264,280				27,043,500	19,059,500							30,681,010			30,043,080													32,585,600	24,645,200		30,038,827			6,051,400	52,671,260				31,877,890			7,296,250						15,195,720	48,274,980	15,658,900		23,443,550	19,670,970		40,323,490		31,991,100			24,422,200					11,565,000					20,811,300				27,196,110								35,445,100			38,200,500	10,693,400											37,886,370	17,062,510			19,134,240			26,619,850		50,433,600	27,522,100	8,607,060					20,751,050				28,842,800	5,965,200	30,006,700	26,640,630						20,560,980		19,064,900							15,099,100								21,057,500			21,008,000			8,289,000			32,512,260		30,733,000										19,500,000		41,433,500		30,853,000							64,136,800	16,694,240		27,698,000		12,703,200								24,124,700	15,101,100	24,726,000	28,615,720	18,738,360	21,374,340								28,035,500				34,281,600																						17,822,920			21,933,800		62,198,880		44,514,200	59,769,900						4,100,000				51,365,700	21,796,550	26,314,000	51,842,500			21,916,530				37,948,100											20,057,400		5,355,800		29,105,900						51,035,900					21,416,700																																													11,970,427					10,015,428											34,570,350				11,322,914										49,039,020	31,042,940	36,375,460	17,037,680														25,320,000	22,462,370	17,003,130		17,679,490													206,896,810																				10,779,700						36,782,200																																													4,156,900						598,000																							3,594,000																12,415,802										4,729,000		6,104,740																				15,022,000			7,298,200										7,018,090																10,231,000																			5,636,690																																										75,680,340				13,104,008	5,382,547																																										6,520,000																																																																							1,829,000																																																																		11,951,700				10,109,220																					26,533,900					16,673,000										6,872,600								11,787,450																12,406,000
순천점	191,900			14,413,300	21,036,200	16,075,800	306,600	26,823,300	79,700			20,839,300	14,496,900		22,733,200		19,855,584					27,827,300	50,965,700			17,724,200			28,028,100			10,580,900	28,281,900	20,589,000	#####		12,354,900						39,800	2,069,000		1,437,100	7,373,100	191,300	2,354,500	3,339,820	0		34,735,800		7,690,300								26,635,400	69,660,100	36,074,440		23,009,000	35,247,760		21,090,000		8,963,100	15,611,140	19,563,000				29,077,000	40,630,890			17,106,650		41,787,900		110,373,050				21,758,600			70,693,310		58,425,350		15,839,900	28,431,520	13,073,800		6,088,300	10,840,600					23,017,260		23,774,040				12,425,320	25,232,955		30,104,100				15,188,800		22,916,690	15,296,600	13,837,600			45,647,280		50,183,600			22,411,100						5,401,000			6,027,610		13,704,200			21,556,380					24,001,200		15,321,880		44,427,020			12,721,160		28,629,350			22,489,300					34,229,300	15,534,490	20,035,900		22,414,960	88,892,630		24,841,200	21,543,900		26,729,000			131,812,320	4,560,020	18,350,600			13,791,000						10,094,700							14,656,920							5,990,000			0					8,288,000															22,329,260				11,251,000	7,867,800		29,001,890													11,452,000			10,031,000				25,179,100												6,031,490			4,160,400		99,074,000													8,486,350	0			0			15,920,500				58,352,900		2,538,000		17,362,250			5,568,000						13,966,380					11,321,800	42,230,360		60,185,000		34,697,800	35,082,780		11,982,600	11,664,100		25,624,000	22,887,860				14,711,200					57,004,261												12,795,100				25,304,930			25,005,140					21,553,980						27,470,000		14,219,620		25,300,610	15,107,800										54,499,300	17,878,000	45,886,400			10,240,992		8,758,880	15,678,600			37,538,500				7,736,570	20,631,140		44,342,600	23,650,600			17,128,520			7,379,500		14,610,540		40,365,980			13,935,480	13,259,500				29,006,440		12,176,000										32,615,495						13,657,550	14,353,900	8,318,500	32,730,800				25,026,620									57,071,770		24,983,660		11,433,740			15,930,500		13,835,800		23,268,100				10,056,950				1,821,500			16,194,900	11,137,500			183,372,700												11,972,090								38,312,400		16,363,200	41,399,000									42,651,000												41,089,000							53,025,350	21,981,600				17,079,960								30,008,350				30,081,600		23,349,050								18,024,100									3,121,400										20,932,000			16,453,300		9,470,400								52,356,900													14,459,400	88,951,390	77,241,600		37,002,600	31,939,000				22,254,500										7,476,390													42,174,650			2,282,300																		23,141,000					0											13,533,300		12,962,500				11,396,300			24,415,000	13,875,000									745,600																								28,052,650	12,737,740	23,318,000																														198,485,330			118,959,020												2,047,000																																													15,013,000		120,000																																					6,880,310				9,039,020		2,179,000																								6,387,000											11,388,180						4,239,665																																				11,086,000																																																																																																																																							14,211,815																																											5,600,000																																															27,095,878						23,232,250		8,263,900							6,064,100																														5,819,400															13,769,600																			
산본점				54,048,520	57,294,700	18,217,100		16,846,500	0	20,337,400	2,779,400				36,651,500		34,021,900				32,751,700		45,126,700		14,740,700	25,182,400			11,546,280					17,645,000	#####	####							75,600	589,300	344,400	1,265,700	5,304,400	99,500	3,293,400	1,125,000	1,566,000		51,545,100		40,935,708	3,034,057	1,037,540,139		128,330	42,507,813	114,950	53,400						22,872,000	38,575,450				8,163,688					45,580,350	17,500,700						38,485,568	136,000				43,520,800				18,247,500	59,868,700					32,775,482		49,756,300	24,323,330	28,330,030	20,680,800	58,426,600	18,364,030			16,604,800	43,025,180			31,693,700		47,089,680						23,936,000				0				29,256,260																														22,724,000																						39,641,350	27,583,800	35,775,500		61,325,850																			118,939,600				0														19,394,200										26,866,900	13,457,700		34,758,140				3,648,900									11,468,000			14,170,900				13,741,000				15,965,800									27,524,400					34,556,754					26,498,810														11,272,600					98,407,600			4,484,000														16,702,600							16,367,000		45,393,200			36,107,180													36,129,000									24,801,700																																									105,984,000																	47,292,963			25,814,900																											19,441,900			32,416,600	12,369,300										12,130,700										1,188,800															8,229,500							38,406,400						8,440,250								37,348,000							27,093,000			60,349,800																																							33,217,720																													22,954,400													170,791,400												27,437,000				16,367,300		26,492,435														24,813,200	-79,000																																							15,491,600																											68,113,560		9,450,500																																								30,949,500	30,080,480																																									4,537,210																																													41,568,300	13,360,300					1,254,000																																																												13,041,000																														777,000																											7,627,800																																						24,060,185																																																														627,851,890																																																																																																																																																																																																
울산점				18,778,500		8,453,500						37,741,600			36,031,231														13,405,000			15,559,390	5,500,320				6,791,900																															32,049,230				7,180,400	15,115,120								30,369,100		5,003,800		13,328,901					5,767,600			13,692,460	11,180,300	26,155,800						13,448,300	10,507,800				13,567,490	20,035,510				12,648,400			24,918,800	5,674,310	12,236,500	19,655,380			10,738,800		13,119,000	5,201,680								8,149,900																			4,616,700						12,043,100			4,775,850	13,205,150																					81,433,180	2,933,280		21,008,900		7,598,900	17,339,700							6,198,200													6,750,600		0			6,033,300																					8,565,000			46,308,850																4,359,000				5,607,000			2,809,000																					19,309,390				26,270,810			7,926,000																						14,808,600										10,027,000					17,116,500			28,042,800		19,069,700										5,784,090	22,427,500				34,066,990	10,698,480				9,966,500										15,702,788										12,602,600		11,726,000																		5,163,600					6,587,890			4,099,748	6,507,300												37,856,400	15,585,300						39,000																				8,336,900			7,446,400																			34,726,120		15,312,900														10,885,600													-31,600																			7,730,000		16,120,000			9,501,500																																11,469,400																															8,433,300																					1,780,900				22,039,000						62,559,520																			12,420,998																																																																																																								10,486,680			7,701,000							650,000						149,751,820																																																																																									1,327,400																													5,994,200																																																																																																											2,841,700																																																																							383,400																																			508,500													9,092,000																					1,946,100																																																																																																																									
광명점	474,700	24,900	145,200	30,786,900		19,618,500	329,100	19,143,120	598,600			15,974,500	17,465,000		33,374,600		14,348,700						7,173,600		14,611,800	50,590,000			2,544,500		10,205,200	8,351,800	26,830,340	13,815,050	#####	####							737,800	1,681,900	122,500	7,677,500	28,353,500	186,300	1,854,450	13,037,600	97,800	1,935,100	72,077,300	130,483,590	61,317,120	2,226,295	1,325,531,532		233,560	48,480,386		311,800							31,889,850									10,426,000	10,305,900					842,000	13,490,900								2,001,000		24,706,000										23,363,000	59,025,300							25,630,880			58,128,800		2,502,500				30,546,000	14,671,280						179,900		359,000																													5,680,550										5,512,800							7,285,800				55,487,220		16,989,800																								1,877,000		0																									135,600												12,900														10,212,808									10,239,550										44,166,450															3,403,600				5,945,000																	13,921,300	24,198,010		2,883,200			21,659,020																9,127,400				1,746,000		3,741,200						12,287,000														4,081,380					10,558,700			24,772,850																			12,815,200																						26,692,900												19,800							20,000	45,000								31,520,600																			10,681,650																6,846,660															10,692,188																			14,000,000																																			14,213,100				6,055,700											14,325,000																16,840,900											4,964,300										19,204,300				22,591,000						44,361,600									790,000					1,126,000	22,896,200				5,063,500																																		44,424,988																						12,082,695	7,598,400		6,367,200			76,730,840	7,520,200																			11,290,700				15,253,120				7,818,000																														160,552,350								145,000																													39,581,326														32,600																										723,500																							1,240,000											110,000																																																								1,750,400																14,422,400																																																										9,342,832																																																																																																																																																																																																														14,403,509																								7,132,400							33,757,765		11,706,900						
괴정점				43,849,700	38,489,500					25,892,900	11,976,500	34,871,160	34,934,620		28,318,440	13,265,300	37,632,740				25,555,920	41,121,100	3,351,500	26,505,800	31,146,200	36,334,400							21,151,000	28,646,770	#####	####																				1,623,151	912,007,655	430,990	316,360	27,881,656	45,980							25,249,470	85,368,700							39,224,300		47,999,980	33,527,000					35,163,000	31,701,200	89,066,740	0								66,874,900										16,065,310		49,413,701			10,272,900						0						63,441,000					57,677,705		25,026,200																											15,015,158				30,577,070								34,500,400	20,776,380												163,659,830													31,386,500															0																								26,044,200	17,671,800		23,298,100																45,901,000							18,121,000																26,165,900	27,035,380			34,811,500	32,452,920				41,250,700														42,213,000																22,387,980	15,803,700	70,929,440		11,679,480									40,771,900													50,252,800					22,073,160							37,679,550							52,600,700				43,521,630				39,538,560			48,288,800	43,744,960				19,535,600								33,077,830																40,204,200				31,174,240		30,478,600					40,625,747	44,751,600	73,523,700																									17,381,900				38,842,450												17,622,700	54,373,480		17,864,760		14,014,400	50,973,230		21,538,000		27,277,500											27,006,000	17,425,420				105,359,350		24,030,530									21,502,880																	19,072,000		35,314,000																									76,928,000									67,488,850				65,282,460	59,883,330								19,172,508		27,226,100																	4,928,200								15,740,200		36,521,860		66,625,650							16,928,100		22,607,240				20,191,000	26,641,970	71,590,900	106,088,400		89,094,400	23,638,660				56,768,700											5,918,800																					3,900																																															9,047,700																				32,632,270																					19,673,700	4,556,500								1,439,500									101,902,520						10,258,800																																																														46,763,400																				100,736,200						-218,900									815,000																																																																																																																																																																																					13,654,280	4,753,450	11,976,900	9,457,400																																																																																																																																																																																																				
울산2점				28,527,250		11,196,600																										16,693,210	12,185,670		#####	####							360,100	1,755,500	0	410,100	1,238,100	199,600	1,790,100	2,971,400			12,249,400		3,931,100							41,300																24,684,571																	29,655,000															11,212,600				17,242,500																										5,785,100										1,585,400									9,732,420	18,086,256																						6,979,620				24,007,650	19,756,200							8,314,310																																											691,100																																												337,839,018																																	11,360,720										24,267,500			24,438,420		16,376,800																9,772,100							15,321,350																			10,013,200																																							15,153,010																									10,694,800					28,787,380	8,123,300	22,624,500																														6,630,200			9,311,590				60,368,450																														1,521,000	4,014,000																																		4,979,300																																							5,167,500																	13,651,120						26,210,270																																																																																																																																																																						853,100																																852,000																																																																																																																																																																																																																																																																				3,919,600																																																																																																												13,421,680																																																											
창원점				30,842,750	17,124,200	23,618,200		18,896,050		13,917,700	13,354,400	33,171,400	23,623,500		61,260,600	61,290,100	50,820,300			20,291,500		31,068,600	23,018,300	28,081,900	35,636,900	22,207,100			17,545,500			53,204,400	25,826,200	31,090,300	#####	####															28,148,810											2,000		7,006,380				40,899,230	11,339,710			5,279,000	8,435,520			12,023,600		10,673,900	15,639,100						37,098,940	164,447,350	37,631,800	8,489,000					24,584,370	26,441,000	38,660,000				34,797,820		70,529,100		13,890,620		5,443,500	12,161,170	40,157,290				36,092,530			49,067,600		33,482,000						20,828,000					72,955,010	33,877,160			15,447,400									26,182,340	56,533,360									6,290,400			34,345,000	24,631,960				31,452,930										20,001,200		60,141,430				8,012,000			20,444,100				268,690,860	35,089,770	22,779,880			61,293,100	43,968,200									18,186,320				86,795,910	15,910,700				61,657,100	36,755,600			0														13,342,300										5,338,300							18,851,000												5,092,000		12,616,000					3,976,000																																							17,739,000														24,275,700			13,924,800			20,434,090		30,079,900				29,241,500																22,362,100									23,400,200										25,417,600											40,007,880	7,661,400												43,833,060	55,456,920		49,585,622	13,821,510			21,370,600				15,066,290		14,615,100			40,720,000				11,030,020		24,211,800		30,455,030			68,768,678	24,734,200		33,756,250							10,462,900						9,253,700			49,201,530								70,341,120			70,153,800	53,858,700	20,989,900										63,659,970	26,681,600			24,927,860		14,830,100	32,911,750		43,086,200		27,729,080					28,073,300			7,045,500	35,547,500		9,536,000	31,705,100								13,574,500					-105,000		48,176,180				14,540,220															10,200,100																													16,185,000					25,038,200	11,103,900																					11,436,900										18,063,400										40,769,800	108,198,300	42,184,200									21,814,500				14,208,000						71,482,760	21,761,200											16,974,000		15,953,600																23,811,400						1,500																																																																																						44,608,400	24,334,800				14,392,420												210,805,750		22,923,130							4,070,900																		6,633,300																																																																										5,581,000													26,248,290															20,199,600					16,361,450																																																																																																																																																																																																																						4,503,000					21,892,400																																																																																																																																					
안산점																																																																																																																																																																																																																																																																																																																																																																																																																																																																																																																																																																																																																																																																																																																																																																																																																																																																																																																																																																																																																																																																																																																																																																																																																																																																															
부천점				81,112,440	40,886,700	48,776,400		9,891,200	995,900	42,714,140	81,979,000	39,609,410	62,291,700		47,234,000	55,197,430	82,036,400			65,631,100	34,030,900	59,143,800	111,796,700	36,390,700	36,629,000	75,284,900	40,051,320		45,409,300		11,466,896	43,897,300	61,450,900	111,250,600	#####	####	21,096,300						0	276,100							47,714,544					11,071,526	2,730,455,353		170,875	69,599,499	206,910	42,000		237,727,400		258,337,200		114,540,780	36,377,200	32,127,150	32,718,600		22,643,080	122,285,958		24,479,900		21,908,600	23,087,610					42,227,600	69,617,700	605,346,500	34,036,308	38,577,900		40,108,420		66,615,450	28,835,460	17,542,700	54,054,900		10,626,080		32,535,510	101,319,500	11,966,200			27,385,030	74,645,700	66,541,900	87,013,130			18,820,100	32,176,600	-125,502,400	9,532,700	69,946,175	46,371,420	139,532,050						41,175,800	36,431,600				149,689,060		27,040,900		35,545,400										39,241,460										63,219,640		30,531,100				28,397,000	77,137,820	37,983,790	27,251,305					27,503,600	117,331,038		43,555,300		97,024,100			563,730	59,064,170	30,125,750		30,469,350		12,771,002		434,531,250	24,016,400	73,966,280			89,224,800								51,121,210		23,058,680			36,145,150		33,857,700				156,422,600	43,236,500			0		24,536,100		7,892,000																37,796,860				13,746,600	17,239,250		25,446,100			16,734,300	18,053,800																							29,109,100				5,022,000											32,357,560		42,801,440	176,514,140			10,000,200			-50,000		5,596,000				39,898,000					60,524,000		52,444,720																41,361,100		17,650,200				27,452,530		35,144,000			30,948,260									20,162,500				34,353,900	21,640,900							13,769,070	29,480,000			26,585,150				23,195,200			61,636,100											38,337,150	23,618,900			44,410,000		8,556,920			10,458,100				28,943,330			47,479,230				65,026,800				36,073,200		17,446,540	22,920,143							30,952,100	47,227,600		18,051,410			42,174,168		178,608,610	58,100,280					8,238,000		15,859,000					26,217,860	11,330,998					5,488,000						58,912,600		18,413,960	63,795,300			19,419,040		46,122,800							129,719,410	25,014,400		20,251,810	38,286,570		39,479,100	60,001,280		86,577,400	48,676,500	62,933,800	9,318,330	52,698,060	59,485,122	37,887,500	45,918,170			5,979,500	77,843,800	21,652,090	48,847,790	37,357,500			29,585,400		63,290,200	37,081,780		32,788,300		68,371,100	43,201,600			20,703,590	54,416,100																			51,497,900														5,936,000			44,561,580			11,635,560	30,007,200	40,037,070			36,823,000												65,689,560	40,445,668	70,009,240								52,098,000				35,519,000																	28,203,000	9,054,300		18,702,200			35,547,500		24,720,200	184,357,800	164,307,250	203,574,600						36,615,000		36,992,700				30,285,000	29,356,730	44,536,260	74,610,000		110,933,200	77,960,595				61,944,000										30,857,350	52,162,800				16,063,900		13,011,000				109,987,300					34,231,000						1,337,250				94,764,800					10,222,350																													12,028,000									22,847,200						73,074,350	29,413,000					14,470,400	21,182,130									30,083,250	20,002,120	45,098,100	13,979,060														48,476,000	36,541,000																397,562,880						164,080,370											36,154,300			30,963,900						29,332,700																			11,453,500												69,000	24,822,700			1,295,000								11,974,000										1,956,000				18,775,400			19,750,360							1,240,600					1,161,000																						16,681,900								21,649,840	39,369,300		21,823,400		12,364,360																			21,672,300	36,997,900					6,207,647				47,005,700							19,538,600				26,618,300						17,503,200									2,655,500								11,456,800						12,132,300	14,519,000			12,107,350	12,754,300	9,764,500	14,234,696	9,558,410	9,748,600																							1,437,980																																	8,905,900													70,102,100			37,610,280			41,581,300												10,868,600						37,916,500														535,700				21,414,590				3,072,000					1,230,500														25,649,500	30,657,200																																				29,428,000	14,155,300				6,251,350			1,445,850							630,500	2,006,000							23,584,110							111,238,030		54,758,080					50,130,860	32,824,429					25,765,500						24,464,500	52,724,100	32,206,100	16,410,000	10,120,300	20,206,200									24,326,185							27,776,700				98,497,200		23,947,980						31,879,108													24,018,250									
덕천점				39,043,050	24,222,100	32,404,700		66,176,100		40,812,400	16,053,300	32,348,890	40,020,070		47,146,240	14,109,900				15,179,200		44,443,300	31,916,300	27,111,100	28,427,300	66,249,700						20,319,000	15,948,900	25,008,000																																107,977,200		17,592,300	33,098,800				23,906,760			37,551,600		49,069,500	47,987,900					43,608,000	21,115,130	65,037,100		26,498,100				22,978,040		13,003,000	49,702,600						16,953,500	35,024,400	41,252,330				24,700,360	16,797,600		15,514,600	21,016,700		13,748,400	48,289,190		40,365,000										0	109,808,670		70,791,800		6,238,300																																					36,184,300														61,269,090	18,419,510			35,781,150						26,150,910		31,884,300					24,238,040	193,456,470						21,942,300			0														19,966,700						55,626,950				29,457,000			20,723,100				16,613,000														9,864,000							14,468,000								25,771,160										19,985,150								22,676,100											40,197,000				32,384,200													32,592,600	68,331,700		22,441,760						47,165,000			45,451,400													45,414,801								6,493,060				33,154,090							23,180,000											18,030,110	17,583,700												43,054,910	54,492,800		41,428,922											43,564,833						29,285,990							48,066,580										20,114,000																	33,540,500	5,920,200		44,081,100	21,365,390												27,039,240			22,007,260			28,693,250		17,464,700		46,297,160												20,978,700						8,864,460		23,684,700		51,194,600					23,333,000																																																					41,403,700	29,072,700				60,495,750												26,039,700															25,523,200	17,458,390		13,186,700					14,003,700				76,218,000	218,138,000		58,139,300						22,976,700				36,080,000		60,942,700	104,238,200		87,004,600	30,072,940		32,530,400		48,926,108																																																																																																			14,453,700																				15,690,200										1,210,000						255,770,850																																																																																																																																																																									5,908,900		23,069,527																																																																																																																																																																					18,409,670																																					6,278,500																																																	15,804,760																									20,493,300																																							
송파점	19,900	27,820	7,920	78,970,860	53,746,600	44,626,300	0	31,363,200	19,900	69,914,900	39,748,900	61,286,270	61,497,100		82,945,310	40,457,600	39,680,700			43,022,100	50,207,700	54,480,000	62,299,400	27,770,400	52,148,653	50,961,200	21,780,600		22,308,100			69,656,410	73,534,300	101,186,600	#####	####		114,500					14,569,320	14,951,825	1,640,000	9,293,050	73,559,420	9,684,830	6,182,160	16,145,220	102,668,164		112,372,410	1,361,160	145,318,211	3,700,252	3,123,273,779		277,900	92,393,824	344,850	282,800			11,194,440	146,989,100	35,239,000	24,851,030	28,982,710	17,017,000				9,769,300	31,726,300	36,292,800		23,544,500	17,708,800					94,572,100	56,497,440	79,496,550		43,791,800		27,567,200		20,283,460	49,840,800	30,771,700	62,441,000	41,308,400	44,416,110		10,298,000	-754,596		23,947,100	15,517,510		19,283,600	28,860,580	39,272,860				36,860,200			92,928,500	66,715,810			11,797,000				27,722,000	33,342,800				152,402,740		44,409,000	50,644,240										44,247,500	43,141,170	19,073,900	40,092,460							12,746,800	78,724,350			73,165,449	64,391,690		63,788,100	29,520,470		40,543,490			16,069,110			77,166,456		35,838,000		40,711,000			17,749,600								285,206,520	9,549,430	58,579,120	27,139,900		138,117,900	2,025,600					13,979,080		23,451,370		36,758,470		37,766,100	58,126,510		43,322,040				130,622,400	23,611,400			0	25,349,040												69,000	16,915,100										28,039,400														30,023,400			21,149,700			80,900								10,791,000														554,450																	13,315,000						61,693,000		84,408,600	13,198,000	42,883,520		10,881,000	20,166,800	10,690,110			11,592,800	27,048,081		28,226,700			28,567,600		3,913,800	54,712,700		22,309,200		34,487,300					34,258,160				30,112,450		7,055,200				10,016,740			48,031,300		5,370,330						21,020,840	6,759,700	14,749,620		15,311,410							10,238,100	10,953,100	14,154,000		33,762,900				98,692,870	50,565,390		25,209,460	36,684,940			40,086,100									31,826,960			29,128,784				91,426,200						42,488,740	90,590,526			45,346,908			88,004,860				51,233,260			48,163,290		87,485,100	70,062,740			47,013,500										17,054,116			53,217,040	24,793,238	7,668,000				18,879,800		66,775,316		3,713,100	106,041,216	32,070,800											114,699,550	9,338,240			12,599,140		16,033,400	51,678,866		32,464,000	32,763,070	42,539,300		53,529,570		49,355,180						17,464,120	15,096,700	34,680,990			100,099,000	136,003,620		30,373,980		32,477,200							20,406,930											22,364,000		57,077,200						49,452,980										5,994,000		47,184,520									89,750,960			20,499,000	70,396,400	11,340,500				12,501,850			11,277,500	25,073,800			0		32,603,220								27,044,820				40,021,000	38,127,700								4,135,000				13,535,650									16,003,200	16,889,800		35,207,310	62,144,700	128,821,850	186,165,400					5,952,400			22,962,700				34,384,000	48,370,640	27,361,590				69,427,865				103,634,280											53,562,700				15,070,000						22,701,800											33,000			27,977,190	24,153,420							29,463,908	45,169,000					194,559,500																	5,754,100	3,473,500										56,296,560		10,823,700						49,744,489																			28,109,800	26,898,460									15,700,400		19,113,700		44,488,650	10,481,600	20,023,600		13,298,910						2,847,000									134,736,140			68,296,110						9,065,130			6,008,500																																			21,490,000														4,245,000								91,174,808						2,207,000									33,547,100							2,973,100																																			18,058,630	11,255,900	53,917,038				20,078,600																		23,385,800	11,821,500						27,247,190			65,264,900							13,143,944											22,136,588																	2,085,300			16,500,000														19,912,900																									80,494,500										21,808,000	17,236,190	33,014,300	29,073,100	32,551,000	19,334,500	13,690,510																							26,812,500				5,644,200			18,686,800								10,623,750															72,004,032						10,484,700		13,106,000																																								1,415,000																													11,395,400										424,800													35,158,500				149,443,255				44,200,400						38,198,840	240,939,400																																	149,023,200	40,555,849	32,675,800																												
강서점	284,200	29,800	122,200	89,456,290	143,508,900	47,979,400	169,000	77,047,910	419,000	66,207,800	61,246,570	50,333,900	62,329,600		41,830,100	63,549,300	47,570,200		0	36,652,500	57,599,600	61,443,500	123,473,200	59,901,300	100,196,620	141,172,100	74,837,020		42,928,530			44,088,300	67,031,000	66,684,308	#####			1,097,300		639,000	0	24,600	36,208,680	13,046,250	20,600	7,312,900	107,228,180	3,065,595	10,045,070	21,959,905	3,849,010		147,862,933	8,553,015	121,677,365	6,762,813	4,409,501,015		571,690	106,369,435		199,900		238,029,700		160,672,000	91,113,500	65,851,040	65,327,190	44,479,800				43,518,460		69,255,000		27,411,100	23,678,500					50,091,300		92,317,700		32,306,300		22,278,300			1,873,400	13,267,600	60,905,600	64,467,400				43,776,700			57,689,100		70,014,480	52,752,390	67,281,970	17,009,560	47,685,430	20,941,100	21,749,200	54,278,650		55,408,405	82,651,720	91,090,450							42,037,200				55,063,500		35,005,900	76,315,400	120,103,930				45,797,600						36,037,104	21,441,380	30,439,088							8,113,400	82,023,880		31,878,000				30,704,500	65,183,370		59,501,535								35,591,620	19,568,460	78,797,800		13,879,630					23,546,200				505,948,890		90,314,370			112,189,750									22,996,390	39,714,005			55,170,460		51,574,600			33,693,200	112,781,700				0	38,611,400															145,450,200	34,055,800		10,561,640	68,534,540	40,031,900								12,721,500											18,318,050				20,000		21,885,500	26,967,500				48,271,700																		66,219,570		48,610,020							16,106,000						59,060,000					62,670,000		62,846,200	15,163,000									26,331,440		52,728,200				141,872,300		20,078,770		19,417,510	83,529,260			50,001,400													30,761,650				57,917,000						10,162,620													15,683,400		27,410,090			55,322,100		49,082,820			53,922,850				48,951,500									91,128,810			82,328,183				67,500,280		128,698,020		46,764,760			35,884,140						53,390,020		45,019,624		49,131,140	47,711,100				37,163,000		48,143,300	26,803,300			61,598,740							47,344,700			4,060,100	14,526,000	27,968,010							73,233,608		31,849,200	59,059,160	75,683,200											80,830,470	75,577,200	65,808,800	14,427,370		73,622,650		53,953,150		63,858,100	68,981,900	32,660,800		62,941,448	37,887,738						87,335,900		18,097,000	37,236,490			179,582,000			30,173,870		46,560,900		109,212,100	52,521,000				36,912,980								33,831,850											35,331,992																0		35,277,310		27,357,010	133,671,280				41,824,000					50,192,850		84,429,460					44,935,800	37,002,442	143,686,440					15,000			20,201,750				26,376,400									3,089,500						4,295,300			14,484,000				27,283,130			30,413,800		169,382,710	180,284,400	119,479,600	68,158,000						30,466,670				30,964,030	121,491,770	131,115,100	77,588,800		104,539,000	34,152,905			0	201,830,774									485,200		67,539,700												46,707,300			43,190,370						53,380			11,085,800	22,696,900																			6,136,000					43,137,300	33,351,250					36,379,460		23,634,400	32,355,550	608,000	41,122,410		14,050,760		20,232,000		60,731,260						12,663,300			40,110,000															91,506,650	37,065,040	28,034,630	18,589,740	40,786,200					43,395,870								77,475,600		21,025,220					14,142,700										294,127,300	119,075,780	82,966,060	161,469,580	41,859,080	75,160,580					36,731,561		46,079,280	61,399,100	8,850,900		151,200										52,058,700						9,477,620							23,833,000	38,524,400																								31,728,000							30,955,308			79,410,000	1,906,000											23,796,500				34,968,430														3,483,100																	48,243,700	36,054,766		9,187,200										18,767,120										6,120,200	14,771,000								15,396,000			9,462,100	14,557,500												25,599,520							26,234,700										10,264,310				13,322,900										11,513,000																					13,508,600								25,350,050	14,871,900	12,893,460	21,463,900	16,149,800		20,030,700	12,326,800	6,955,300								91,976,150																		17,439,500											51,992,600						27,993,820				14,088,408							4,573,624	2,594,500								4,894,000					29,481,000		45,149,500																				26,912,260							300,000					21,302,300	100,000	11,198,000	5,082,200																																16,079,600		-136,100	40,701,820			48,561,200																1,446,100					25,355,348											111,698,770									2,513,100	21,798,900		23,514,000	18,528,890																			10,112,800	36,495,800		34,310,200									91,359,100												203,586,329															155,637,770			
충장점				31,808,300	12,630,500	38,799,100	2,353,400	15,135,300		54,503,460	48,362,500	49,580,700	58,291,000		42,605,100	61,808,400	46,910,900						13,180,200		26,617,100	29,929,900			38,177,400			3,009,800	27,909,200	70,620,300	#####	####	37,754,900																													89,620,900		22,915,730	24,704,500										19,634,700						21,729,900	142,724,100						11,751,880		14,744,900							21,718,400	18,296,000					23,187,810	47,708,500						35,680,500	63,987,500	91,227,750	2,786,740	9,790,400				7,638,000	7,571,900					33,711,400												13,277,180	22,155,071																									86,395,910		55,525,400	20,784,000	85,589,100	73,791,540						13,331,500				112,766,020		47,718,060	25,425,800		18,381,300	6,974,840							12,829,210					14,551,520		21,387,400		28,019,400		83,016,300		10,258,130		0				8,952,800										16,404,500																	5,186,900														13,924,000												9,218,000																											12,030,700									14,715,000					409,100			13,398,210					18,522,400			3,619,500		7,282,000				12,553,600					8,657,300										3,885,500	19,446,100			20,124,600						11,647,000						8,025,960							7,501,000																					30,016,050			31,828,916					8,833,700			20,160,480		8,594,620	22,224,420													75,726,600																										23,458,160	42,301,100	10,130,300	8,231,120	26,111,980																			39,871,650		37,691,900							20,414,610				38,606,400		22,865,100																27,386,060																																																																																													14,212,000	18,438,000			24,446,900		57,798,700							4,522,900										34,263,600		36,398,800							6,089,800								5,144,400		12,556,250						20,599,800														15,099,000	35,115,400																								27,768,220																																															2,954,000											31,816,500										11,785,100							212,785,750						68,565,540			9,521,600			36,279,280														84,559,000																																													18,101,600		9,391,000																				6,562,800																														19,132,000					1,601,440			15,691,300																																																							10,825,460																																																																																				15,812,442							8,950,100																																																																																																																																																	8,987,205																135,194,069			12,438,500						43,863,000		44,744,200					20,954,500																				11,325,000		571,000										
부산대점	0			42,462,920	35,483,900	28,965,700		23,555,200		34,331,100	27,613,600	50,538,350	44,500,800		39,229,010	56,196,200	35,514,700				53,177,200	15,245,800	60,465,300	39,736,800	23,162,800	53,047,600	0		32,812,600		13,936,890	31,836,000	46,233,900	60,304,500	#####	####								0							18,854,044					883,594	655,423,901		147,310	29,761,216						160,736,400		38,170,020	47,406,850									7,420,900	25,096,360						33,624,400	41,924,450				7,840,600				43,110,300	55,422,000						35,674,500						27,225,030				32,015,600			49,425,865													47,606,220				11,114,600																						24,823,900													111,488,300		15,670,000		41,218,900					33,174,050		13,792,400				221,521,770	72,402,250		29,781,890		39,124,550						37,670,500													62,260,600				0				10,387,480																										16,346,620	10,257,500												17,068,200													19,548,940										17,900,990					13,667,120				11,669,500														42,506,000																11,218,660				12,340,480		33,466,170							45,240,700													49,380,600					40,481,260				10,162,300			22,371,960						16,414,090			26,238,700		28,989,700								20,836,000			19,498,000												33,383,594											19,909,150													60,654,020										30,053,800																	35,617,800			39,809,000	28,328,300											44,595,390	56,729,000		9,024,760			21,877,300	40,285,200		45,101,000		45,996,410				23,715,300					36,197,200			41,153,260				133,361,550		17,752,000									19,516,260																																																					34,291,300					15,492,020																		952,500																	32,377,380		28,510,000	102,468,500	63,360,700							22,538,500		17,202,150						32,760,100				53,833,100		26,499,200													68,795,150										52,643,200					19,875,400										43,087,650													18,144,660																						31,361,600						13,545,000																										29,474,500	15,187,300					14,174,500						20,068,700			39,194,200	18,063,800									8,433,200	746,000			21,344,900			214,023,180			134,037,520											3,570,200																																																															2,936,000																1,500,700																																												18,469,000	11,586,500									7,172,200																						15,684,800																																																								16,957,910																			26,327,700		5,818,300																																							6,343,000																																																					12,359,500																							128,499,320						42,151,000																																																									13,591,300									14,972,350																			49,734,700																																		
전주점				18,702,398								26,159,200	11,461,900		33,353,400														25,491,500			18,138,900	27,868,600	22,276,500																																65,799,890																			12,804,500																						2,455,450																																	13,307,770																																					10,210,700									24,456,150																	37,547,600						0																																226,446,620																																																																																			3,861,320					5,740,200																										13,429,108				2,651,500	62,413,900																																																		27,679,750																											37,747,500											22,159,090											21,425,100													38,366,200							57,348,700																																																																																																								8,781,100																							16,456,260																																								25,858,700																																																																											30,135											8,356,520													157,381,210						86,258,200						38,248,600																																						757,000									449,000																792,000									9,185,200																															39,681,740																																																																												2,598,000																																																																																																																																																																																																																																												15,074,800																				40,516,400																																							
엑스코점	1,065,400			19,816,100	14,802,800	31,188,000	5,849,900	31,158,900				16,945,000	22,298,900		15,751,900	15,831,800	31,441,200				15,811,100	22,913,100	28,459,600	14,567,500	14,965,000	30,393,400			13,403,700			28,528,660	15,979,700	60,936,260	#####									573,740	0	2,062,000	1,091,800	204,900	4,396,800	4,654,300	16,054,260		17,056,100		5,196,000													11,117,450				4,872,500	5,299,800		24,589,100	28,216,600	8,783,010		10,099,100		14,621,500				39,744,460	55,841,397								4,776,000	32,026,480				34,224,800		8,266,900	27,727,400	13,006,940		17,457,740	31,385,390	16,438,250	4,931,460			16,720,300			24,073,500	21,813,740		4,429,200	13,446,500	9,266,000			15,925,000									11,246,300																			9,723,800			15,082,400							29,564,720																	10,045,000				94,957,130	13,269,400	12,124,650	10,249,800		25,345,300	24,583,490							22,026,040													30,438,800																										6,753,000	3,190,000															2,208,000			1,876,600		16,289,000					1,285,000																																		6,674,200		5,538,000			41,330,600					7,296,200									10,030,900	8,941,350	26,478,220	13,729,900			14,995,270	20,980,360	22,137,670	42,865,300	7,646,470		26,173,100	26,354,700				10,410,900								13,717,700						4,390,400														11,170,250		23,107,700											30,018,230	22,577,200												33,206,550		8,004,700	13,620,120			18,749,600	36,712,400				25,797,360		8,083,360	22,821,100		55,478,130	41,817,600	43,113,150		8,432,700		11,301,860		28,623,320			37,679,800			25,192,020						4,379,000									6,782,430							14,144,100	10,925,620	91,983,700			92,450,900	21,419,000	12,343,500									13,445,850								44,133,910		14,079,700											20,037,200			11,169,400			20,930,000	54,162,500											11,305,000																	11,232,000				4,074,000																																8,786,800	24,478,000		32,616,008		30,799,840																12,927,300																5,904,800	18,944,000		7,149,700		17,501,900	101,158,133	47,233,650									19,237,720				29,908,920						34,710,200					2,634,300				2,967,900					26,030,400					6,457,340											16,124,800									15,164,789	17,666,800																																											8,854,400																								16,367,730	22,708,080														14,224,000	14,642,900	12,885,500																													4,307,700				1,682,300					13,400,000			13,157,300																																																																																																							11,115,600																																																																																																																																																						13,819,400																																																							645,000																																																																																																																																																								
광주역점						15,692,516	1,604,700														10,008,500	18,187,500		12,700,300																																								26,197,900								22,747,200	8,982,840		16,007,600				11,622,400		20,095,000												7,879,580		34,127,900												11,001,200																		22,772,000																									4,557,400									32,276,800									19,368,540						3,012,000				25,887,000			82,878,680																																																				10,574,500																3,952,800																										11,030,950																					5,364,000																		7,647,640																									8,042,600	40,079,000			11,420,600		6,248,560						6,805,100			2,349,500					11,881,100		32,000																																																																			18,488,000																																																		12,533,700					14,730,100											12,706,000		26,042,400					32,020,000					21,131,000	21,308,100	27,331,000	4,797,400			8,316,210	11,888,000	26,331,000										8,067,733																				13,687,700										21,510,720									4,606,000	10,467,000															16,095,600				33,080,300																	39,462,000																										11,009,700																																																																																																7,234,300	13,011,700																									116,779,510																																																																26,878,890				23,800,500					7,618,000																																																																																																						13,453,700																																																																																																																																																						99,000																											0																																																																																																	10,460,200																																		
중앙로역점				22,697,090	38,425,800	14,464,900		40,598,500		17,318,900	9,649,700	44,289,300	26,076,800		45,223,300	15,329,700	30,910,390			21,114,900	35,506,400	31,081,700	20,696,600	18,232,700		51,357,800	12,520,900		43,380,300		4,551,800	9,612,200	16,124,600	31,406,200	#####	####	10,345,920						268,300	1,808,000		2,631,400	3,568,400		29,900	1,747,100			35,147,400		44,990,600		0									64,602,300		42,727,790				9,609,580			11,966,700			9,552,000	10,840,500						17,027,900									17,671,500	19,080,900						12,878,400		13,488,530		10,706,200	28,062,200	19,043,290				9,973,400			50,376,800	20,168,290	28,694,900	10,017,000		12,534,000			8,185,000						22,720,540			16,526,830																											44,262,830		37,490,330		21,590,140						33,060,200									7,446,000				92,371,600	14,836,400	37,456,080	20,838,600		30,838,400													15,906,180							67,051,500			0														15,018,500										10,738,100	18,219,700																						9,173,000																																																									6,463,200		15,846,100		709,200			14,210,200		21,412,960																		20,364,300											15,066,200								12,796,700	12,049,100			48,463,400								9,150,500																							11,787,300	5,400,000															48,091,110										6,530,000								5,350,900									20,446,900			54,128,700	8,659,300											38,660,270							17,164,750		19,548,800														8,044,300																26,123,640			19,627,640													12,255,000		7,078,000				11,717,600																														10,664,900													23,008,800																			20,810,300					22,538,600			2,738,100			36,365,000											3,725,900			13,724,000						32,602,100																								5,737,500																58,385,090																							911,500																																																				88,817									26,412,360															176,573,030			122,682,240																																						84,208,870													3,207,780	1,114,000																28,330,000																																																										5,436,500															3,634,600																									4,123,100																																																																																																																																																																					85,000																																																																																								11,705,700																														23,281,900																																		
수원터미널점		128,700		37,234,500	29,291,000	26,568,700		55,508,900	39,800	35,357,000	28,210,200	31,256,500	30,656,600		49,076,600	30,043,100	46,322,900			21,375,300	60,784,900	71,679,700	37,458,100	18,276,900	18,174,900	23,256,500	25,383,100		15,993,900			11,896,500	29,726,800	41,402,600	#####	####	22,378,000	176,750					1,189,980	4,314,090	415,310	4,730,980	5,628,710	271,320	3,589,910	1,530,980	38,327,846		34,025,100	165,600	33,741,860							56,200		9,362,780	17,355,630	61,636,700		29,482,260		16,910,300			17,139,555					54,950,000	33,872,700					23,007,700	34,708,500	107,396,550		15,022,000		20,011,900			18,104,500	25,156,400	27,136,900		24,173,550		18,675,900		13,034,300	30,791,100	28,067,100		25,422,240		24,029,240				12,068,500		22,245,400	35,542,600	9,660,620	72,310,500	9,396,430	8,263,300																	23,527,480						19,030,780							13,971,200		32,499,700			22,101,270					49,243,140	9,614,200									20,453,800		45,819,700											264,316,770		30,230,220			44,949,550	10,834,300					10,605,700		17,970,070		29,294,850			14,745,670	144,524,930	38,012,800				84,167,900			16,698,880	0		25,170,400												16,173,015						28,617,490				14,612,800					14,201,200							14,090,000						29,643,800									18,822,000																																	22,003,000					50,225,000				45,599,320		7,743,000						10,454,040		52,046,500			40,738,100			13,547,460		21,693,910	16,781,450	8,137,500	66,577,560	41,892,000			17,448,900																									30,662,530							19,112,600	23,316,700											8,001,200	1,605,000						28,046,620						20,004,108		12,107,432				51,812,400				38,009,590			16,237,353			15,089,200			17,338,600				44,637,820	23,430,600		26,725,615		50,444,800								11,305,000																13,098,530	48,926,380		4,067,600	34,380,600													23,880,700	23,803,000		20,747,400			43,193,555		38,883,900		21,546,400									21,641,400			13,889,200	15,072,300					18,615,300		30,223,900			15,044,658			18,857,190																																																																			19,057,100			100,714,000	22,022,400															3,152,600			5,948,900		15,084,700		15,076,950				81,025,200	55,073,710	123,417,200		49,973,150												40,197,100	45,914,000		60,600,500	55,458,820				35,170,840										11,500,690	1,104,300																																							16,405,500																																																14,725,718						31,042,820														15,224,300	16,650,200					12,793,820							10,489,800			9,525,500	166,187,310		36,167,760				80,126,590																									16,691,750																																												8,060,000																																																																5,865,800		3,476,900									1,006,216																			12,577,620		21,178,600								14,461,158																														5,427,100														1,346,664																																																																																																																																																																																																				36,712,100	64,322,080		5,285,450	126,909,550					11,855,700											11,639,510								36,675,600																									77,422,480														
경산점				32,382,700		22,269,500		12,677,100		20,005,000		8,980,850	14,458,000		36,870,200		14,720,400				29,958,900	17,099,300		24,073,600	12,722,600	15,173,000						10,463,800	12,044,650	24,838,220	#####		7,466,600																											10,991,640								24,035,500							29,089,880						30,562,820								9,484,900		31,893,000						16,163,800	16,367,700				14,312,550					8,382,200			30,427,200				17,433,700				25,246,800																												3,099,800														8,840,000										42,235,100			11,132,450				168,839,510	11,521,600		51,579,950		3,501,700	24,541,500																						0														14,012,000										6,817,600															9,452,000						18,341,000																					8,586,190									14,316,400																															2,870,000			10,488,510	16,196,190	26,072,280									18,324,900										2,222,180	6,832,500			10,894,700																14,618,200												3,264,200								2,286,450							18,545,990			8,282,400																					58,721,370																											31,322,000			49,738,700	0											60,698,120									10,225,000							19,608,580				10,673,000							52,810,100							11,282,000				4,016,480																			5,628,000																										6,285,000								14,350,000																																																									22,730,930						4,176,070									10,756,000																														9,929,400	22,992,300																																																																																													1,675,000						188,918,690																																																																																																4,301,000					7,846,000																												10,107,850							239,000																																																																																																																																																																																																					9,220,000																																																																																														6,932,770	7,552,500															8,576,500				26,970,400																		8,685,800																					
청주점				25,746,950		22,738,500		22,683,100	2,643,400	16,915,200	5,705,300	42,160,150	22,107,600		31,374,100	19,037,800	28,676,700			14,536,300	12,643,900	16,148,900	31,590,700	32,143,200		19,335,600	5,778,000		20,839,610			12,350,500	27,495,000	26,681,500	#####		15,626,600	89,000																		21,800	112,601,543		90,302	7,767,795				13,717,640		-15,900		12,543,900											10,714,000		10,607,000			28,001,000	22,906,300	72,212,460		14,108,000		26,007,800				16,693,008	48,508,000				5,852,100	31,325,320	6,645,820	17,410,500			12,449,700						25,282,601	11,475,730		44,892,065		39,015,150						4,252,000					123,880,640	29,302,020							39,247,800												191,410,000			10,033,600	25,495,350		13,538,700			4,892,460		154,042,410										7,981,700		38,531,200							16,216,500	6,082,000									29,626,000									64,365,350			34,231,710							12,305,600																	6,595,900																															16,039,000																														15,548,400														34,303,200																	9,312,900			6,521,380		18,744,900				35,329,600			40,054,280		13,532,800				10,920,200							25,346,200									3,094,300											12,283,700	15,027,000										5,687,400												11,553,310	12,641,100		40,711,410																	20,205,030							48,175,620		46,065,700	81,529,160																44,927,280					0	18,855,800		48,120,900			56,291,800	10,397,300										19,577,560	51,550,590	21,143,900		20,202,410				6,783,550		44,877,030		37,703,820				24,686,550					74,792,500			26,874,500						24,343,090									14,610,800									6,486,000								31,216,000	14,326,000	8,598,000					30,010,000			1,560,000	33,439,650																	12,413,200								14,117,100	10,440,400		18,707,390						13,415,000							60,771,200																								14,857,500			41,770,430											4,356,100			16,667,000						31,965,600									10,607,000			15,378,800			96,289,900				5,030,700									14,219,000								0																																													48,844,600																																		386,790						13,090,000		16,780,500	11,919,590															220,330,280		19,267,160																							956,850																65,611,150																								15,470,800						20,936,700														453,001,960																																														15,649,800								4,364,700				126,841,580																										12,165,900															20,229,100																																																																																				4,710,600	6,215,100																										29,153,480																		11,896,000																		562,100	50,586,800															7,094,600					5,716,600					13,467,500						21,020,000					9,637,570							27,303,160																															3,716,130									8,396,938											13,428,200							26,432,700					141,846,298				7,280,200																18,274,000																			15,132,000					4,946,800		27,633,400	29,914,770	
신구로점				65,743,690	61,835,300	39,353,000		29,091,100		21,589,020	19,101,900	61,345,950	74,701,600		30,626,200		42,250,200					59,516,900	32,021,000	38,429,800	14,390,200	60,390,500		-29,900	36,875,000			9,448,600	49,862,500	37,018,200	#####	####	12,536,800						19,900	4,625,680		1,881,400	9,182,000			2,341,500	17,992,660		29,967,600		22,679,300	4,422,816	2,093,129,983		120,970	52,838,292		60,100				88,517,900		27,976,650	23,696,950	10,713,800				10,012,600				23,776,800	17,595,400						39,801,100	71,781,770		15,489,400		34,093,200					893,000						6,440,400		39,128,945		24,961,400		50,179,220			21,738,800			22,952,120	15,062,205	11,181,600	59,315,700				29,405,900							65,873,700						2,313,000	70,664,930	73,116,580	55,335,800			70,693,000					656,190,000	13,504,997		97,057,700		18,982,780		74,640,990	19,749,588	29,144,000	28,979,260			33,840,200	45,863,860		35,368,160							30,175,875			43,359,500		34,316,200					15,867,750				108,596,190		36,565,310			25,231,450		17,079,500			24,535,700		18,821,500	13,871,230	27,191,300	35,951,710	24,494,900	25,749,900		95,559,230	26,475,060				84,531,000				0														17,999,800		88,489,700		6,146,200						9,454,500		44,452,960	30,154,700			12,626,500	14,361,900									12,281,500											16,114,600								7,549,610	13,773,990										15,694,480		144,281,040												10,713,000					60,389,600				32,106,610								22,474,720	22,429,800					53,664,200					51,389,100						50,160,140										34,316,880	40,304,710												17,473,890		15,821,490	25,475,900						22,697,200				34,610,800								25,216,400							21,104,020					22,483,600						36,180,800		8,798,500	77,693,690				15,838,110	21,113,550				15,015,100		13,278,840	29,395,600				19,506,420		31,601,970		49,988,700	14,481,780	29,238,200																61,298,000							66,536,300			47,242,300	26,221,400											34,602,920	23,051,600		21,853,900	24,513,810		12,625,800	37,621,750		43,147,000	45,758,820	21,560,030	13,597,470		29,116,408		21,788,760				27,966,200	24,435,950		16,373,000			27,050,800			13,239,260					35,709,800	30,269,208		16,032,340	25,338,100											20,416,900																				84,853,800		44,024,500							21,014,000																49,527,180	32,182,570	26,598,600											57,366,800	39,009,800																						33,526,220			36,338,500		107,697,620	105,642,900		69,555,490		608,000										38,376,460	59,635,400			116,247,860				59,182,900											22,736,400			47,599,700			11,147,000									30,813,700													74,048,500			17,793,540								42,410,000						18,754,170	2,468,000																												27,003,510					911,000	21,611,300	26,148,560	24,449,000	48,429,081	16,995,800	29,902,000	30,705,630				53,391,640			28,226,200															11,847,300									6,375,200						20,896,400	330,307,490		89,829,380			48,161,500												31,951,500																																																	19,899,300					49,814,000														256,330,500	10,314,400												2,472,000				5,238,000																											18,540,400																7,922,600				19,417,640				24,103,000																13,893,530																							26,488,870						2,840,500							7,267,290	4,511,800						90,677,380	47,075,420		46,822,400	9,225,000																																																																																						83,621,730									6,463,000																				1,141,400						25,049,880																																		4,660,680	1,846,600																			6,312,500									192,800												193,552,085								49,583,300		13,472,730																							40,623,800											119,732,800																					33,286,800							30,975,600		
NC대전 유성점			343,600	17,169,250	60,499,700	34,033,000	49,900	44,644,400	39,000	14,011,600	17,722,000	48,123,200	28,686,300		31,982,700	36,913,240	74,750,500				22,912,100	34,597,400	30,390,600	35,799,000	35,318,100	59,132,708	38,706,308		31,439,300			27,718,400	71,922,900	63,854,800	#####	####							10,178,600	2,670,220	999,600	4,198,660	4,073,320	8,800	1,651,740	1,086,460	39,065,690		14,938,900		10,583,900	1,460,580	1,290,333,643		82,630	36,739,085		44,400				137,170,200	54,683,000	43,693,320	25,343,890				15,450,770			11,138,800		32,588,800	16,004,150					40,270,300		92,309,700	18,687,120						48,162,140	40,520,990	36,279,000				19,079,980								26,226,850	25,776,500		9,565,100		24,844,980		61,531,000	21,256,800	57,613,150							20,217,016	49,170,000			104,899,670		40,017,000	49,061,240	34,342,040				74,284,100					360,600	45,423,679		45,168,000			37,515,458					27,957,250		26,950,300	59,198,203			34,385,200	42,158,780		33,220,890						65,984,390		60,522,400		63,662,320		22,088,200			47,557,610		27,875,600						80,333,390			47,149,900					17,439,007					54,883,402			43,484,570					36,407,400	44,984,800				0														16,875,300												41,315,060	17,540,450				16,597,900																				20,840,000	18,423,000										7,839,300																		8,638,000				16,933,100											1,801,000						23,088,000						49,536,350		29,166,680		41,317,900	38,252,240					32,103,300											36,549,520				30,020,200	30,018,880																	57,598,500														31,949,830			155,188,400		23,958,620					36,675,350	30,230,060		53,843,470				40,030,800						24,026,180	28,441,530		38,537,300	21,668,800	23,709,380		23,824,400			1,833,350	22,377,650	33,307,080		25,603,420			27,937,420	32,443,250		31,783,200		49,094,890																			44,784,428			54,782,500												113,701,230	19,425,400		23,246,140	27,132,726	74,693,100	15,347,100	25,451,710		47,066,900	40,326,000	30,778,520	13,332,110			45,665,510	26,054,940				42,459,400	32,181,000	34,024,800	26,931,410			51,612,500			22,697,300					26,466,700				37,622,140								30,541,900																						28,356,400									25,782,100					30,805,000												25,270,600		31,336,290								25,037,800		13,193,000		33,146,600					13,323,260				7,839,000									6,807,400		18,761,640			23,585,100	19,112,150	17,711,500		368,781,100	146,970,100	26,017,900					19,905,900						202,000	24,752,220					73,675,500	41,501,880	49,418,660		21,378,706											16,207,800	8,523,750						16,238,080			49,038,000	68,649,400	57,317,820		22,436,000		36,886,030	2,461,700	28,513,350	9,156,100	12,703,430	7,000	33,902,000	11,130,010		19,049,200	52,559,300	30,095,490		45,455,000	21,794,050								43,836,530				8,276,930					36,347,300		6,184,500		14,862,000																																														31,570,100			59,107			16,370,200				26,641,000	14,582,100									6,689,600		2,356,000	31,586,200				380,888,030					57,664,840																					34,143,900						19,357,150	20,813,000																																						20,269,832							4,720,000		50,927,000					370,862,500	25,518,300						21,212,780															11,151,009												16,226,008										33,953,000															11,841,200																									21,858,076							13,043,860					37,819,400								8,971,196				28,588,000																														3,250,643																																							19,090,000														66,113,500		38,305,000																																															11,661,600									4,605,000									30,519,100																										35,155,400															7,094,500									43,355,000																143,242,680			159,004,663		45,589,130								14,561,400								52,243,930																		41,500,650			11,788,000																														14,463,450					
쇼핑점				48,892,800	68,027,720	42,478,930		42,837,500		16,453,860	2,829,600	86,980,435	44,110,950		27,125,100		18,304,730			22,445,300	26,544,000	22,900,700	45,528,400	27,783,300	29,261,900	63,022,900	23,040,700		-5,690			36,626,200	58,247,100	59,267,500	#####	####								3,653,900							55,362,062					783,585	1,315,597,525		729,450	26,985,775					9,616,280		35,091,000	72,445,898	53,355,580			24,202,820	29,022,720			46,534,200		41,746,700	34,639,260					55,090,800	40,668,300			22,290,900		50,800,900			51,470,300		71,202,400				18,693,600	35,025,600	18,681,500	42,303,000			90,916,000	55,970,400	39,674,280	1,858,900			25,358,150			64,680,730		80,786,100	35,256,490	15,808,300		47,080,700		24,002,000							40,458,100	35,184,600											15,115,600		37,953,250															83,724,300		26,065,480								50,180,085	14,286,420							33,612,500	10,540,400	68,006,000			192,490,170	28,141,530	26,810,330	77,144,910		43,767,300	22,222,100							22,588,910		39,438,550			49,769,768						127,285,700	65,389,100			0	15,659,800					9,661,000	10,034,000				15,221,000	13,220,500								28,777,800			57,007,560	55,284,100	43,016,390		39,819,780			39,137,040			24,906,000										15,286,000				19,060,000				46,452,800	45,092,000								27,832,750						15,007,370				53,392,530	63,109,160							-10,000								16,906,180			30,836,000			14,516,650														25,686,500			43,045,100	5,013,000	40,399,900																				23,109,400												48,057,840							32,440,700			22,589,530	25,008,700				22,601,527			33,958,360	18,569,100												54,302,720			35,575,648			147,966,410	27,343,400				32,615,600		21,028,360	23,621,800			16,330,000	44,288,050				36,662,200	27,822,750	18,872,200	45,862,130		37,295,530	57,226,600	40,775,800	37,322,490	39,647,700	30,653,800	15,322,000				15,647,000						22,969,000											54,654,000			49,833,800	6,721,600												30,866,450						47,271,300		20,539,200														18,530,130		21,007,000	147,257,900					47,509,300			19,792,500				20,064,480					43,872,110					37,023,540	24,002,000													30,369,600				30,011,960												40,079,000			32,082,000		28,694,900									30,911,400		25,852,720	38,637,476	35,159,360	13,533,290	7,266,000				33,366,940	24,021,000	43,509,050	30,335,000																								31,209,000						157,413,790													35,791,000	23,675,370					24,070,800	11,827,440													24,291,400																						12,500																																							30,785,600						70,249,050														13,066,057	13,559,010												42,182,760																			29,231,300												242,282,120		17,013,220			27,030,500									23,398,200												21,133,200									75,015,580																	41,849,100																			22,594,600															26,142,300											83,414,300						40,817,300														35,697,500											11,689,500															310,069,990										19,043,200																																																																															11,662,200	11,518,300																				20,770,900			18,624,300	13,610,000	27,475,000	9,944,300	19,954,400															13,012,100																																																																																																																																									73,683,940										10,481,200																																																			15,006,000		6,720,000											
수성점	129,900			26,374,750	43,566,500	28,025,020	286,100	12,222,400		10,179,800		22,839,200			6,109,300		4,025,300				20,823,700	14,015,300	42,012,900			19,678,100			12,797,600			9,191,800	9,621,100	9,712,400									19,900	1,897,200			479,100	89,900	1,993,300	9,060,000			55,282,420		30,620,100	3,175,590	1,688,063,073		152,110	27,489,569	124,146	2,500			27,770,780			12,786,860	25,727,900			12,609,300	9,159,320			21,944,100		22,432,500	29,152,900					10,116,000	29,928,520					20,261,500				9,880,400	33,202,000				49,047,470		2,147,700		10,049,440			47,950,880	19,524,500				14,572,500			30,203,985		11,242,850	16,839,480	18,497,680	19,718,000			27,366,000																			1,720,446									11,039,300							7,026,480	11,249,890	11,031,600	14,817,100								16,057,300						15,720,700		1,376,500	5,752,500				108,666,000	6,256,640		10,381,640			8,743,600																													7,773,500																	22,862,800	11,085,250		107,809,420												13,957,000	4,338,300												18,835,800														19,675,840					38,702,200			1,060,000				21,218,200								12,538,760							8,878,500							17,056,600						13,276,000			9,345,900	7,026,000	12,108,700		16,652,100											10,082,720							17,622,500	11,258,600		11,365,000					8,540,870	6,482,400										10,109,000				11,557,900							20,055,490														19,381,600		7,583,316			7,378,000	21,017,000								13,044,500	40,871,047		25,632,640		18,020,140			9,408,700				11,582,260	24,064,200		17,157,000									10,724,500													6,046,600		2,651,700			9,747,200	6,696,700																				12,797,700														6,718,900			21,313,300			5,147,300		30,322,700							19,740,300															24,724,900		10,346,790		10,021,000	17,844,900																							8,084,000		12,847,600								23,010,500				17,466,760								19,325,200																				7,739,600						27,647,200		17,257,700			57,337,100										10,427,440				39,596,000						28,601,925							15,725,500							21,303,900	0				15,461,500				20,295,650																																	26,098,200										8,711,000				46,937,500																																						4,819,860																17,192,170							380,700																																																																																																								3,989,400																																																																																											9,166,500																																																																										15,889,000																																																																																																																																																					8,336,500		64,607,490										2,532,700																														6,791,300																																		
구미점					33,039,600	38,621,400		20,826,800		14,730,400		3,920,800			12,663,800						23,850,300	24,536,200	72,744,800	40,226,400		30,002,500																																							17,259,580													42,109,200	35,566,690					19,066,600						12,133,000			17,326,630	21,160,200	114,485,280								22,381,910				63,773,230											9,501,300		13,754,050		5,263,000							23,801,100									13,098,000								32,818,838												15,431,760										43,701,400																																																5,237,000																	22,381,700	12,293,350														8,316,308	3,050,000											13,892,000												57,344,650																					12,489,100																									14,936,130		33,011,000																																28,532,610																		29,448,820																		12,026,400															27,472,810										12,014,890					56,045,300																						27,056,200																28,341,700																						34,266,610																						24,040,200																														94,269,300				43,797,000	14,069,600							30,572,885							12,067,920									19,944,000																							11,607,800		2,403,000																	10,045,000												9,853,000		19,188,000			9,806,000																																																							9,689,300																																										16,767,860																4,655,230															160,925,700																																		28,596,480	12,711,530	18,011,200						4,305,280	1,643,870	12,691,540																																										15,641,000																																																																																																																						26,103,090																																																																																																																																																																																																								33,449,100																																																																																		
강북점				24,311,350	33,351,820	19,338,730				9,237,220					7,627,800						30,044,700	14,767,000				40,507,800																														0	31,691,500			0								14,375,580				14,124,200				42,436,900		31,998,490	23,631,910		14,271,700														32,941,700							18,515,900			9,417,260		10,202,980				20,580,300		49,278,990	28,390,730	10,608,590	13,144,351	14,660,570	11,982,650	27,354,300			20,183,000									27,870,280																									14,348,960			17,480,000	26,513,230								21,710,400													42,909,120	8,641,900		29,486,400			5,335,500																														40,792,460	9,734,000	6,574,400												8,281,450		14,623,000																											17,178,000															13,979,610	15,742,330				39,617,360				24,127,300			14,003,500																													31,878,900		7,040,900		38,959,620				14,011,700			22,784,000		12,014,200										8,012,030	18,744,700																															75,978,600													30,579,400		17,504,280				26,259,800								24,334,600	33,468,300		36,241,600			3,833,300		15,256,000					20,850,600				29,129,500																						52,541,800			33,637,200																																						10,510,900					44,330,700																								9,545,000							25,400,700	10,376,190													14,764,300																					32,099,820			9,045,040		24,179,100																											16,319,840																			45,992,000																		14,691,900		23,325,700																18,243,600																																														7,170,500																																																12,512,800	4,521,400	7,409,410																																																																																																													6,481,800																																																																												8,945,900																																																								4,003,660																																																																																																																											3,390,000						5,747,000